split,module,entity,element,role,port,mode,storage,record_parent,written_from,from_write_data,reaches_outputs,reset,control_targets,write_guard
tuning,neorv32_bus,neorv32_bus_amo_rmw,alu_res,exported state register,False,,edge,False,[],,['sys_req_o.data'],True,0,False
tuning,neorv32_bus,neorv32_bus_amo_rmw,arbiter,exported state register,False,,edge,True,[],,[],,0,False
tuning,neorv32_bus,neorv32_bus_amo_rmw,arbiter.cmd,internal state register,False,,edge,False,[],,[],True,2,False
tuning,neorv32_bus,neorv32_bus_amo_rmw,arbiter.rdata,exported state register,False,,edge,False,[],,['core_rsp_o.data'],True,0,False
tuning,neorv32_bus,neorv32_bus_amo_rmw,arbiter.state,internal state register,False,,edge,False,[],,[],True,10,False
tuning,neorv32_bus,neorv32_bus_amo_rmw,arbiter.wdata,internal state register,False,,edge,False,[],,[],True,0,False
tuning,neorv32_bus,neorv32_bus_amo_rmw,arbiter_nxt,combinational data,False,,none,True,[],,[],,0,False
tuning,neorv32_bus,neorv32_bus_amo_rmw,arbiter_nxt.cmd,combinational data,False,,none,False,[],,[],,0,False
tuning,neorv32_bus,neorv32_bus_amo_rmw,arbiter_nxt.rdata,combinational data,False,,none,False,[],,[],,0,False
tuning,neorv32_bus,neorv32_bus_amo_rmw,arbiter_nxt.state,combinational data,False,,none,False,[],,[],,0,False
tuning,neorv32_bus,neorv32_bus_amo_rmw,arbiter_nxt.wdata,combinational data,False,,none,False,[],,[],,0,False
tuning,neorv32_bus,neorv32_bus_amo_rmw,clk_i,input port,True,in,not assigned,False,[],,[],,0,False
tuning,neorv32_bus,neorv32_bus_amo_rmw,cmp_less,combinational decision,False,,none,False,[],,[],,1,False
tuning,neorv32_bus,neorv32_bus_amo_rmw,cmp_opa,combinational decision,False,,none,False,[],,[],,0,False
tuning,neorv32_bus,neorv32_bus_amo_rmw,cmp_opb,combinational decision,False,,none,False,[],,[],,0,False
tuning,neorv32_bus,neorv32_bus_amo_rmw,cmp_res,combinational data,False,,none,False,[],,[],,0,False
tuning,neorv32_bus,neorv32_bus_amo_rmw,core_req_i,input port,True,in,not assigned,True,[],,[],,0,False
tuning,neorv32_bus,neorv32_bus_amo_rmw,core_req_i.addr,input port,True,in,not assigned,False,[],,[],,0,False
tuning,neorv32_bus,neorv32_bus_amo_rmw,core_req_i.amo,input port,True,in,not assigned,False,[],,[],,3,False
tuning,neorv32_bus,neorv32_bus_amo_rmw,core_req_i.amoop,input port,True,in,not assigned,False,[],,[],,3,False
tuning,neorv32_bus,neorv32_bus_amo_rmw,core_req_i.ben,input port,True,in,not assigned,False,[],,[],,0,False
tuning,neorv32_bus,neorv32_bus_amo_rmw,core_req_i.data,input port,True,in,not assigned,False,[],,[],,0,False
tuning,neorv32_bus,neorv32_bus_amo_rmw,core_req_i.debug,input port,True,in,not assigned,False,[],,[],,0,False
tuning,neorv32_bus,neorv32_bus_amo_rmw,core_req_i.fence,input port,True,in,not assigned,False,[],,[],,0,False
tuning,neorv32_bus,neorv32_bus_amo_rmw,core_req_i.lock,input port,True,in,not assigned,False,[],,[],,0,False
tuning,neorv32_bus,neorv32_bus_amo_rmw,core_req_i.priv,input port,True,in,not assigned,False,[],,[],,0,False
tuning,neorv32_bus,neorv32_bus_amo_rmw,core_req_i.rw,input port,True,in,not assigned,False,[],,[],,0,False
tuning,neorv32_bus,neorv32_bus_amo_rmw,core_req_i.src,input port,True,in,not assigned,False,[],,[],,0,False
tuning,neorv32_bus,neorv32_bus_amo_rmw,core_req_i.stb,input port,True,in,not assigned,False,[],,[],,3,False
tuning,neorv32_bus,neorv32_bus_amo_rmw,core_rsp_o,output port,True,out,not assigned,True,[],,[],,0,False
tuning,neorv32_bus,neorv32_bus_amo_rmw,core_rsp_o.ack,output port,True,out,none,False,[],,[],,0,False
tuning,neorv32_bus,neorv32_bus_amo_rmw,core_rsp_o.data,output port,True,out,none,False,[],,[],,0,False
tuning,neorv32_bus,neorv32_bus_amo_rmw,core_rsp_o.err,output port,True,out,none,False,[],,[],,0,False
tuning,neorv32_bus,neorv32_bus_amo_rmw,rstn_i,input port,True,in,not assigned,False,[],,[],,0,False
tuning,neorv32_bus,neorv32_bus_amo_rmw,sys_req_o,output port,True,out,not assigned,True,[],,[],,0,False
tuning,neorv32_bus,neorv32_bus_amo_rmw,sys_req_o.addr,output port,True,out,none,False,[],,[],,0,False
tuning,neorv32_bus,neorv32_bus_amo_rmw,sys_req_o.amo,output port,True,out,none,False,[],,[],,0,False
tuning,neorv32_bus,neorv32_bus_amo_rmw,sys_req_o.amoop,output port,True,out,none,False,[],,[],,0,False
tuning,neorv32_bus,neorv32_bus_amo_rmw,sys_req_o.ben,output port,True,out,none,False,[],,[],,0,False
tuning,neorv32_bus,neorv32_bus_amo_rmw,sys_req_o.data,output port,True,out,none,False,[],,[],,0,False
tuning,neorv32_bus,neorv32_bus_amo_rmw,sys_req_o.debug,output port,True,out,none,False,[],,[],,0,False
tuning,neorv32_bus,neorv32_bus_amo_rmw,sys_req_o.fence,output port,True,out,none,False,[],,[],,0,False
tuning,neorv32_bus,neorv32_bus_amo_rmw,sys_req_o.lock,output port,True,out,none,False,[],,[],,0,False
tuning,neorv32_bus,neorv32_bus_amo_rmw,sys_req_o.priv,output port,True,out,none,False,[],,[],,0,False
tuning,neorv32_bus,neorv32_bus_amo_rmw,sys_req_o.rw,output port,True,out,none,False,[],,[],,0,False
tuning,neorv32_bus,neorv32_bus_amo_rmw,sys_req_o.src,output port,True,out,none,False,[],,[],,0,False
tuning,neorv32_bus,neorv32_bus_amo_rmw,sys_req_o.stb,output port,True,out,none,False,[],,[],,0,False
tuning,neorv32_bus,neorv32_bus_amo_rmw,sys_rsp_i,input port,True,in,not assigned,True,[],,[],,0,False
tuning,neorv32_bus,neorv32_bus_amo_rmw,sys_rsp_i.ack,input port,True,in,not assigned,False,[],,[],,1,False
tuning,neorv32_bus,neorv32_bus_amo_rmw,sys_rsp_i.data,input port,True,in,not assigned,False,[],,[],,0,False
tuning,neorv32_bus,neorv32_bus_amo_rmw,sys_rsp_i.err,input port,True,in,not assigned,False,[],,[],,0,False
tuning,neorv32_bus,neorv32_bus_amo_rvs,clk_i,input port,True,in,not assigned,False,[],,[],,0,False
tuning,neorv32_bus,neorv32_bus_amo_rvs,core_req_i,input port,True,in,not assigned,True,[],,[],,0,False
tuning,neorv32_bus,neorv32_bus_amo_rvs,core_req_i.addr,input port,True,in,not assigned,False,[],,[],,0,False
tuning,neorv32_bus,neorv32_bus_amo_rvs,core_req_i.amo,input port,True,in,not assigned,False,[],,[],,1,False
tuning,neorv32_bus,neorv32_bus_amo_rvs,core_req_i.amoop,input port,True,in,not assigned,False,[],,[],,1,False
tuning,neorv32_bus,neorv32_bus_amo_rvs,core_req_i.ben,input port,True,in,not assigned,False,[],,[],,0,False
tuning,neorv32_bus,neorv32_bus_amo_rvs,core_req_i.data,input port,True,in,not assigned,False,[],,[],,0,False
tuning,neorv32_bus,neorv32_bus_amo_rvs,core_req_i.debug,input port,True,in,not assigned,False,[],,[],,0,False
tuning,neorv32_bus,neorv32_bus_amo_rvs,core_req_i.fence,input port,True,in,not assigned,False,[],,[],,0,False
tuning,neorv32_bus,neorv32_bus_amo_rvs,core_req_i.lock,input port,True,in,not assigned,False,[],,[],,0,False
tuning,neorv32_bus,neorv32_bus_amo_rvs,core_req_i.priv,input port,True,in,not assigned,False,[],,[],,0,False
tuning,neorv32_bus,neorv32_bus_amo_rvs,core_req_i.rw,input port,True,in,not assigned,False,[],,[],,2,False
tuning,neorv32_bus,neorv32_bus_amo_rvs,core_req_i.src,input port,True,in,not assigned,False,[],,[],,0,False
tuning,neorv32_bus,neorv32_bus_amo_rvs,core_req_i.stb,input port,True,in,not assigned,False,[],,[],,1,False
tuning,neorv32_bus,neorv32_bus_amo_rvs,core_rsp_o,output port,True,out,not assigned,True,[],,[],,0,False
tuning,neorv32_bus,neorv32_bus_amo_rvs,core_rsp_o.ack,output port,True,out,none,False,[],,[],,0,False
tuning,neorv32_bus,neorv32_bus_amo_rvs,core_rsp_o.data,output port,True,out,none,False,[],,[],,0,False
tuning,neorv32_bus,neorv32_bus_amo_rvs,core_rsp_o.err,output port,True,out,none,False,[],,[],,0,False
tuning,neorv32_bus,neorv32_bus_amo_rvs,rstn_i,input port,True,in,not assigned,False,[],,[],,0,False
tuning,neorv32_bus,neorv32_bus_amo_rvs,rvso,combinational decision,False,,none,False,[],,[],,2,False
tuning,neorv32_bus,neorv32_bus_amo_rvs,sc_fail,input-written register,False,,edge,False,"['core_req_i.rw', 'core_req_i.stb']",False,"['core_rsp_o.ack', 'core_rsp_o.data']",True,0,False
tuning,neorv32_bus,neorv32_bus_amo_rvs,state,exported state register,False,,edge,False,[],,['sys_req_o.stb'],True,0,False
tuning,neorv32_bus,neorv32_bus_amo_rvs,sys_req_o,output port,True,out,none,True,[],,[],,0,False
tuning,neorv32_bus,neorv32_bus_amo_rvs,sys_req_o.addr,output port,True,out,not assigned,False,[],,[],,0,False
tuning,neorv32_bus,neorv32_bus_amo_rvs,sys_req_o.amo,output port,True,out,not assigned,False,[],,[],,0,False
tuning,neorv32_bus,neorv32_bus_amo_rvs,sys_req_o.amoop,output port,True,out,not assigned,False,[],,[],,0,False
tuning,neorv32_bus,neorv32_bus_amo_rvs,sys_req_o.ben,output port,True,out,not assigned,False,[],,[],,0,False
tuning,neorv32_bus,neorv32_bus_amo_rvs,sys_req_o.data,output port,True,out,not assigned,False,[],,[],,0,False
tuning,neorv32_bus,neorv32_bus_amo_rvs,sys_req_o.debug,output port,True,out,not assigned,False,[],,[],,0,False
tuning,neorv32_bus,neorv32_bus_amo_rvs,sys_req_o.fence,output port,True,out,not assigned,False,[],,[],,0,False
tuning,neorv32_bus,neorv32_bus_amo_rvs,sys_req_o.lock,output port,True,out,not assigned,False,[],,[],,0,False
tuning,neorv32_bus,neorv32_bus_amo_rvs,sys_req_o.priv,output port,True,out,not assigned,False,[],,[],,0,False
tuning,neorv32_bus,neorv32_bus_amo_rvs,sys_req_o.rw,output port,True,out,not assigned,False,[],,[],,0,False
tuning,neorv32_bus,neorv32_bus_amo_rvs,sys_req_o.src,output port,True,out,not assigned,False,[],,[],,0,False
tuning,neorv32_bus,neorv32_bus_amo_rvs,sys_req_o.stb,output port,True,out,none,False,[],,[],,0,False
tuning,neorv32_bus,neorv32_bus_amo_rvs,sys_rsp_i,input port,True,in,not assigned,True,[],,[],,0,False
tuning,neorv32_bus,neorv32_bus_amo_rvs,sys_rsp_i.ack,input port,True,in,not assigned,False,[],,[],,1,False
tuning,neorv32_bus,neorv32_bus_amo_rvs,sys_rsp_i.data,input port,True,in,not assigned,False,[],,[],,0,False
tuning,neorv32_bus,neorv32_bus_amo_rvs,sys_rsp_i.err,input port,True,in,not assigned,False,[],,[],,0,False
tuning,neorv32_bus,neorv32_bus_gateway,a_req_o,output port,True,out,none,True,[],,[],,0,False
tuning,neorv32_bus,neorv32_bus_gateway,a_req_o.addr,output port,True,out,not assigned,False,[],,[],,0,False
tuning,neorv32_bus,neorv32_bus_gateway,a_req_o.amo,output port,True,out,not assigned,False,[],,[],,0,False
tuning,neorv32_bus,neorv32_bus_gateway,a_req_o.amoop,output port,True,out,not assigned,False,[],,[],,0,False
tuning,neorv32_bus,neorv32_bus_gateway,a_req_o.ben,output port,True,out,not assigned,False,[],,[],,0,False
tuning,neorv32_bus,neorv32_bus_gateway,a_req_o.data,output port,True,out,not assigned,False,[],,[],,0,False
tuning,neorv32_bus,neorv32_bus_gateway,a_req_o.debug,output port,True,out,not assigned,False,[],,[],,0,False
tuning,neorv32_bus,neorv32_bus_gateway,a_req_o.fence,output port,True,out,not assigned,False,[],,[],,0,False
tuning,neorv32_bus,neorv32_bus_gateway,a_req_o.lock,output port,True,out,not assigned,False,[],,[],,0,False
tuning,neorv32_bus,neorv32_bus_gateway,a_req_o.priv,output port,True,out,not assigned,False,[],,[],,0,False
tuning,neorv32_bus,neorv32_bus_gateway,a_req_o.rw,output port,True,out,not assigned,False,[],,[],,0,False
tuning,neorv32_bus,neorv32_bus_gateway,a_req_o.src,output port,True,out,not assigned,False,[],,[],,0,False
tuning,neorv32_bus,neorv32_bus_gateway,a_req_o.stb,output port,True,out,not assigned,False,[],,[],,0,False
tuning,neorv32_bus,neorv32_bus_gateway,a_rsp_i,input port,True,in,not assigned,True,[],,[],,0,False
tuning,neorv32_bus,neorv32_bus_gateway,a_rsp_i.ack,input port,True,in,not assigned,False,[],,[],,0,False
tuning,neorv32_bus,neorv32_bus_gateway,a_rsp_i.data,input port,True,in,not assigned,False,[],,[],,0,False
tuning,neorv32_bus,neorv32_bus_gateway,a_rsp_i.err,input port,True,in,not assigned,False,[],,[],,0,False
tuning,neorv32_bus,neorv32_bus_gateway,b_req_o,output port,True,out,none,True,[],,[],,0,False
tuning,neorv32_bus,neorv32_bus_gateway,b_req_o.addr,output port,True,out,not assigned,False,[],,[],,0,False
tuning,neorv32_bus,neorv32_bus_gateway,b_req_o.amo,output port,True,out,not assigned,False,[],,[],,0,False
tuning,neorv32_bus,neorv32_bus_gateway,b_req_o.amoop,output port,True,out,not assigned,False,[],,[],,0,False
tuning,neorv32_bus,neorv32_bus_gateway,b_req_o.ben,output port,True,out,not assigned,False,[],,[],,0,False
tuning,neorv32_bus,neorv32_bus_gateway,b_req_o.data,output port,True,out,not assigned,False,[],,[],,0,False
tuning,neorv32_bus,neorv32_bus_gateway,b_req_o.debug,output port,True,out,not assigned,False,[],,[],,0,False
tuning,neorv32_bus,neorv32_bus_gateway,b_req_o.fence,output port,True,out,not assigned,False,[],,[],,0,False
tuning,neorv32_bus,neorv32_bus_gateway,b_req_o.lock,output port,True,out,not assigned,False,[],,[],,0,False
tuning,neorv32_bus,neorv32_bus_gateway,b_req_o.priv,output port,True,out,not assigned,False,[],,[],,0,False
tuning,neorv32_bus,neorv32_bus_gateway,b_req_o.rw,output port,True,out,not assigned,False,[],,[],,0,False
tuning,neorv32_bus,neorv32_bus_gateway,b_req_o.src,output port,True,out,not assigned,False,[],,[],,0,False
tuning,neorv32_bus,neorv32_bus_gateway,b_req_o.stb,output port,True,out,not assigned,False,[],,[],,0,False
tuning,neorv32_bus,neorv32_bus_gateway,b_rsp_i,input port,True,in,not assigned,True,[],,[],,0,False
tuning,neorv32_bus,neorv32_bus_gateway,b_rsp_i.ack,input port,True,in,not assigned,False,[],,[],,0,False
tuning,neorv32_bus,neorv32_bus_gateway,b_rsp_i.data,input port,True,in,not assigned,False,[],,[],,0,False
tuning,neorv32_bus,neorv32_bus_gateway,b_rsp_i.err,input port,True,in,not assigned,False,[],,[],,0,False
tuning,neorv32_bus,neorv32_bus_gateway,c_req_o,output port,True,out,none,True,[],,[],,0,False
tuning,neorv32_bus,neorv32_bus_gateway,c_req_o.addr,output port,True,out,not assigned,False,[],,[],,0,False
tuning,neorv32_bus,neorv32_bus_gateway,c_req_o.amo,output port,True,out,not assigned,False,[],,[],,0,False
tuning,neorv32_bus,neorv32_bus_gateway,c_req_o.amoop,output port,True,out,not assigned,False,[],,[],,0,False
tuning,neorv32_bus,neorv32_bus_gateway,c_req_o.ben,output port,True,out,not assigned,False,[],,[],,0,False
tuning,neorv32_bus,neorv32_bus_gateway,c_req_o.data,output port,True,out,not assigned,False,[],,[],,0,False
tuning,neorv32_bus,neorv32_bus_gateway,c_req_o.debug,output port,True,out,not assigned,False,[],,[],,0,False
tuning,neorv32_bus,neorv32_bus_gateway,c_req_o.fence,output port,True,out,not assigned,False,[],,[],,0,False
tuning,neorv32_bus,neorv32_bus_gateway,c_req_o.lock,output port,True,out,not assigned,False,[],,[],,0,False
tuning,neorv32_bus,neorv32_bus_gateway,c_req_o.priv,output port,True,out,not assigned,False,[],,[],,0,False
tuning,neorv32_bus,neorv32_bus_gateway,c_req_o.rw,output port,True,out,not assigned,False,[],,[],,0,False
tuning,neorv32_bus,neorv32_bus_gateway,c_req_o.src,output port,True,out,not assigned,False,[],,[],,0,False
tuning,neorv32_bus,neorv32_bus_gateway,c_req_o.stb,output port,True,out,not assigned,False,[],,[],,0,False
tuning,neorv32_bus,neorv32_bus_gateway,c_rsp_i,input port,True,in,not assigned,True,[],,[],,0,False
tuning,neorv32_bus,neorv32_bus_gateway,c_rsp_i.ack,input port,True,in,not assigned,False,[],,[],,0,False
tuning,neorv32_bus,neorv32_bus_gateway,c_rsp_i.data,input port,True,in,not assigned,False,[],,[],,0,False
tuning,neorv32_bus,neorv32_bus_gateway,c_rsp_i.err,input port,True,in,not assigned,False,[],,[],,0,False
tuning,neorv32_bus,neorv32_bus_gateway,clk_i,input port,True,in,not assigned,False,[],,[],,0,False
tuning,neorv32_bus,neorv32_bus_gateway,int_rsp,not assigned here,False,,none,True,[],,[],,0,False
tuning,neorv32_bus,neorv32_bus_gateway,int_rsp.ack,not assigned here,False,,not assigned,False,[],,[],,1,False
tuning,neorv32_bus,neorv32_bus_gateway,int_rsp.data,not assigned here,False,,not assigned,False,[],,[],,0,False
tuning,neorv32_bus,neorv32_bus_gateway,int_rsp.err,not assigned here,False,,not assigned,False,[],,[],,0,False
tuning,neorv32_bus,neorv32_bus_gateway,keeper,input-written register,False,,not assigned,True,[],,[],,0,False
tuning,neorv32_bus,neorv32_bus_gateway,keeper.busy,input-written register,False,,edge,False,['req_i.stb'],False,[],True,3,False
tuning,neorv32_bus,neorv32_bus_gateway,keeper.cnt,internal state register,False,,edge,False,[],,[],True,2,False
tuning,neorv32_bus,neorv32_bus_gateway,keeper.err,exported state register,False,,edge,False,[],,"['rsp_o.ack', 'rsp_o.err']",True,0,False
tuning,neorv32_bus,neorv32_bus_gateway,keeper.halt,internal state register,False,,edge,False,[],,[],True,2,False
tuning,neorv32_bus,neorv32_bus_gateway,keeper.lock,input-written register,False,,edge,False,['req_i.lock'],False,[],True,1,False
tuning,neorv32_bus,neorv32_bus_gateway,port_req,combinational data,False,,none,False,[],,[],,0,False
tuning,neorv32_bus,neorv32_bus_gateway,port_rsp,combinational data,False,,none,False,[],,[],,0,False
tuning,neorv32_bus,neorv32_bus_gateway,port_sel,combinational data,False,,none,False,[],,[],,0,False
tuning,neorv32_bus,neorv32_bus_gateway,req_i,input port,True,in,not assigned,True,[],,[],,0,False
tuning,neorv32_bus,neorv32_bus_gateway,req_i.addr,input port,True,in,not assigned,False,[],,[],,1,False
tuning,neorv32_bus,neorv32_bus_gateway,req_i.amo,input port,True,in,not assigned,False,[],,[],,0,False
tuning,neorv32_bus,neorv32_bus_gateway,req_i.amoop,input port,True,in,not assigned,False,[],,[],,0,False
tuning,neorv32_bus,neorv32_bus_gateway,req_i.ben,input port,True,in,not assigned,False,[],,[],,0,False
tuning,neorv32_bus,neorv32_bus_gateway,req_i.data,input port,True,in,not assigned,False,[],,[],,0,False
tuning,neorv32_bus,neorv32_bus_gateway,req_i.debug,input port,True,in,not assigned,False,[],,[],,0,False
tuning,neorv32_bus,neorv32_bus_gateway,req_i.fence,input port,True,in,not assigned,False,[],,[],,0,False
tuning,neorv32_bus,neorv32_bus_gateway,req_i.lock,input port,True,in,not assigned,False,[],,[],,1,False
tuning,neorv32_bus,neorv32_bus_gateway,req_i.priv,input port,True,in,not assigned,False,[],,[],,0,False
tuning,neorv32_bus,neorv32_bus_gateway,req_i.rw,input port,True,in,not assigned,False,[],,[],,0,False
tuning,neorv32_bus,neorv32_bus_gateway,req_i.src,input port,True,in,not assigned,False,[],,[],,0,False
tuning,neorv32_bus,neorv32_bus_gateway,req_i.stb,input port,True,in,not assigned,False,[],,[],,0,False
tuning,neorv32_bus,neorv32_bus_gateway,rsp_o,output port,True,out,not assigned,True,[],,[],,0,False
tuning,neorv32_bus,neorv32_bus_gateway,rsp_o.ack,output port,True,out,none,False,[],,[],,0,False
tuning,neorv32_bus,neorv32_bus_gateway,rsp_o.data,output port,True,out,none,False,[],,[],,0,False
tuning,neorv32_bus,neorv32_bus_gateway,rsp_o.err,output port,True,out,none,False,[],,[],,0,False
tuning,neorv32_bus,neorv32_bus_gateway,rstn_i,input port,True,in,not assigned,False,[],,[],,0,False
tuning,neorv32_bus,neorv32_bus_gateway,x_req_o,output port,True,out,none,True,[],,[],,0,False
tuning,neorv32_bus,neorv32_bus_gateway,x_req_o.addr,output port,True,out,not assigned,False,[],,[],,0,False
tuning,neorv32_bus,neorv32_bus_gateway,x_req_o.amo,output port,True,out,not assigned,False,[],,[],,0,False
tuning,neorv32_bus,neorv32_bus_gateway,x_req_o.amoop,output port,True,out,not assigned,False,[],,[],,0,False
tuning,neorv32_bus,neorv32_bus_gateway,x_req_o.ben,output port,True,out,not assigned,False,[],,[],,0,False
tuning,neorv32_bus,neorv32_bus_gateway,x_req_o.data,output port,True,out,not assigned,False,[],,[],,0,False
tuning,neorv32_bus,neorv32_bus_gateway,x_req_o.debug,output port,True,out,not assigned,False,[],,[],,0,False
tuning,neorv32_bus,neorv32_bus_gateway,x_req_o.fence,output port,True,out,not assigned,False,[],,[],,0,False
tuning,neorv32_bus,neorv32_bus_gateway,x_req_o.lock,output port,True,out,not assigned,False,[],,[],,0,False
tuning,neorv32_bus,neorv32_bus_gateway,x_req_o.priv,output port,True,out,not assigned,False,[],,[],,0,False
tuning,neorv32_bus,neorv32_bus_gateway,x_req_o.rw,output port,True,out,not assigned,False,[],,[],,0,False
tuning,neorv32_bus,neorv32_bus_gateway,x_req_o.src,output port,True,out,not assigned,False,[],,[],,0,False
tuning,neorv32_bus,neorv32_bus_gateway,x_req_o.stb,output port,True,out,not assigned,False,[],,[],,0,False
tuning,neorv32_bus,neorv32_bus_gateway,x_rsp_i,input port,True,in,not assigned,True,[],,[],,0,False
tuning,neorv32_bus,neorv32_bus_gateway,x_rsp_i.ack,input port,True,in,not assigned,False,[],,[],,0,False
tuning,neorv32_bus,neorv32_bus_gateway,x_rsp_i.data,input port,True,in,not assigned,False,[],,[],,0,False
tuning,neorv32_bus,neorv32_bus_gateway,x_rsp_i.err,input port,True,in,not assigned,False,[],,[],,0,False
tuning,neorv32_bus,neorv32_bus_io_switch,clk_i,input port,True,in,not assigned,False,[],,[],,0,False
tuning,neorv32_bus,neorv32_bus_io_switch,dev_00_req_o,output port,True,out,none,True,[],,[],,0,False
tuning,neorv32_bus,neorv32_bus_io_switch,dev_00_req_o.addr,output port,True,out,not assigned,False,[],,[],,0,False
tuning,neorv32_bus,neorv32_bus_io_switch,dev_00_req_o.amo,output port,True,out,not assigned,False,[],,[],,0,False
tuning,neorv32_bus,neorv32_bus_io_switch,dev_00_req_o.amoop,output port,True,out,not assigned,False,[],,[],,0,False
tuning,neorv32_bus,neorv32_bus_io_switch,dev_00_req_o.ben,output port,True,out,not assigned,False,[],,[],,0,False
tuning,neorv32_bus,neorv32_bus_io_switch,dev_00_req_o.data,output port,True,out,not assigned,False,[],,[],,0,False
tuning,neorv32_bus,neorv32_bus_io_switch,dev_00_req_o.debug,output port,True,out,not assigned,False,[],,[],,0,False
tuning,neorv32_bus,neorv32_bus_io_switch,dev_00_req_o.fence,output port,True,out,not assigned,False,[],,[],,0,False
tuning,neorv32_bus,neorv32_bus_io_switch,dev_00_req_o.lock,output port,True,out,not assigned,False,[],,[],,0,False
tuning,neorv32_bus,neorv32_bus_io_switch,dev_00_req_o.priv,output port,True,out,not assigned,False,[],,[],,0,False
tuning,neorv32_bus,neorv32_bus_io_switch,dev_00_req_o.rw,output port,True,out,not assigned,False,[],,[],,0,False
tuning,neorv32_bus,neorv32_bus_io_switch,dev_00_req_o.src,output port,True,out,not assigned,False,[],,[],,0,False
tuning,neorv32_bus,neorv32_bus_io_switch,dev_00_req_o.stb,output port,True,out,not assigned,False,[],,[],,0,False
tuning,neorv32_bus,neorv32_bus_io_switch,dev_00_rsp_i,input port,True,in,not assigned,True,[],,[],,0,False
tuning,neorv32_bus,neorv32_bus_io_switch,dev_00_rsp_i.ack,input port,True,in,not assigned,False,[],,[],,0,False
tuning,neorv32_bus,neorv32_bus_io_switch,dev_00_rsp_i.data,input port,True,in,not assigned,False,[],,[],,0,False
tuning,neorv32_bus,neorv32_bus_io_switch,dev_00_rsp_i.err,input port,True,in,not assigned,False,[],,[],,0,False
tuning,neorv32_bus,neorv32_bus_io_switch,dev_01_req_o,output port,True,out,none,True,[],,[],,0,False
tuning,neorv32_bus,neorv32_bus_io_switch,dev_01_req_o.addr,output port,True,out,not assigned,False,[],,[],,0,False
tuning,neorv32_bus,neorv32_bus_io_switch,dev_01_req_o.amo,output port,True,out,not assigned,False,[],,[],,0,False
tuning,neorv32_bus,neorv32_bus_io_switch,dev_01_req_o.amoop,output port,True,out,not assigned,False,[],,[],,0,False
tuning,neorv32_bus,neorv32_bus_io_switch,dev_01_req_o.ben,output port,True,out,not assigned,False,[],,[],,0,False
tuning,neorv32_bus,neorv32_bus_io_switch,dev_01_req_o.data,output port,True,out,not assigned,False,[],,[],,0,False
tuning,neorv32_bus,neorv32_bus_io_switch,dev_01_req_o.debug,output port,True,out,not assigned,False,[],,[],,0,False
tuning,neorv32_bus,neorv32_bus_io_switch,dev_01_req_o.fence,output port,True,out,not assigned,False,[],,[],,0,False
tuning,neorv32_bus,neorv32_bus_io_switch,dev_01_req_o.lock,output port,True,out,not assigned,False,[],,[],,0,False
tuning,neorv32_bus,neorv32_bus_io_switch,dev_01_req_o.priv,output port,True,out,not assigned,False,[],,[],,0,False
tuning,neorv32_bus,neorv32_bus_io_switch,dev_01_req_o.rw,output port,True,out,not assigned,False,[],,[],,0,False
tuning,neorv32_bus,neorv32_bus_io_switch,dev_01_req_o.src,output port,True,out,not assigned,False,[],,[],,0,False
tuning,neorv32_bus,neorv32_bus_io_switch,dev_01_req_o.stb,output port,True,out,not assigned,False,[],,[],,0,False
tuning,neorv32_bus,neorv32_bus_io_switch,dev_01_rsp_i,input port,True,in,not assigned,True,[],,[],,0,False
tuning,neorv32_bus,neorv32_bus_io_switch,dev_01_rsp_i.ack,input port,True,in,not assigned,False,[],,[],,0,False
tuning,neorv32_bus,neorv32_bus_io_switch,dev_01_rsp_i.data,input port,True,in,not assigned,False,[],,[],,0,False
tuning,neorv32_bus,neorv32_bus_io_switch,dev_01_rsp_i.err,input port,True,in,not assigned,False,[],,[],,0,False
tuning,neorv32_bus,neorv32_bus_io_switch,dev_02_req_o,output port,True,out,none,True,[],,[],,0,False
tuning,neorv32_bus,neorv32_bus_io_switch,dev_02_req_o.addr,output port,True,out,not assigned,False,[],,[],,0,False
tuning,neorv32_bus,neorv32_bus_io_switch,dev_02_req_o.amo,output port,True,out,not assigned,False,[],,[],,0,False
tuning,neorv32_bus,neorv32_bus_io_switch,dev_02_req_o.amoop,output port,True,out,not assigned,False,[],,[],,0,False
tuning,neorv32_bus,neorv32_bus_io_switch,dev_02_req_o.ben,output port,True,out,not assigned,False,[],,[],,0,False
tuning,neorv32_bus,neorv32_bus_io_switch,dev_02_req_o.data,output port,True,out,not assigned,False,[],,[],,0,False
tuning,neorv32_bus,neorv32_bus_io_switch,dev_02_req_o.debug,output port,True,out,not assigned,False,[],,[],,0,False
tuning,neorv32_bus,neorv32_bus_io_switch,dev_02_req_o.fence,output port,True,out,not assigned,False,[],,[],,0,False
tuning,neorv32_bus,neorv32_bus_io_switch,dev_02_req_o.lock,output port,True,out,not assigned,False,[],,[],,0,False
tuning,neorv32_bus,neorv32_bus_io_switch,dev_02_req_o.priv,output port,True,out,not assigned,False,[],,[],,0,False
tuning,neorv32_bus,neorv32_bus_io_switch,dev_02_req_o.rw,output port,True,out,not assigned,False,[],,[],,0,False
tuning,neorv32_bus,neorv32_bus_io_switch,dev_02_req_o.src,output port,True,out,not assigned,False,[],,[],,0,False
tuning,neorv32_bus,neorv32_bus_io_switch,dev_02_req_o.stb,output port,True,out,not assigned,False,[],,[],,0,False
tuning,neorv32_bus,neorv32_bus_io_switch,dev_02_rsp_i,input port,True,in,not assigned,True,[],,[],,0,False
tuning,neorv32_bus,neorv32_bus_io_switch,dev_02_rsp_i.ack,input port,True,in,not assigned,False,[],,[],,0,False
tuning,neorv32_bus,neorv32_bus_io_switch,dev_02_rsp_i.data,input port,True,in,not assigned,False,[],,[],,0,False
tuning,neorv32_bus,neorv32_bus_io_switch,dev_02_rsp_i.err,input port,True,in,not assigned,False,[],,[],,0,False
tuning,neorv32_bus,neorv32_bus_io_switch,dev_03_req_o,output port,True,out,none,True,[],,[],,0,False
tuning,neorv32_bus,neorv32_bus_io_switch,dev_03_req_o.addr,output port,True,out,not assigned,False,[],,[],,0,False
tuning,neorv32_bus,neorv32_bus_io_switch,dev_03_req_o.amo,output port,True,out,not assigned,False,[],,[],,0,False
tuning,neorv32_bus,neorv32_bus_io_switch,dev_03_req_o.amoop,output port,True,out,not assigned,False,[],,[],,0,False
tuning,neorv32_bus,neorv32_bus_io_switch,dev_03_req_o.ben,output port,True,out,not assigned,False,[],,[],,0,False
tuning,neorv32_bus,neorv32_bus_io_switch,dev_03_req_o.data,output port,True,out,not assigned,False,[],,[],,0,False
tuning,neorv32_bus,neorv32_bus_io_switch,dev_03_req_o.debug,output port,True,out,not assigned,False,[],,[],,0,False
tuning,neorv32_bus,neorv32_bus_io_switch,dev_03_req_o.fence,output port,True,out,not assigned,False,[],,[],,0,False
tuning,neorv32_bus,neorv32_bus_io_switch,dev_03_req_o.lock,output port,True,out,not assigned,False,[],,[],,0,False
tuning,neorv32_bus,neorv32_bus_io_switch,dev_03_req_o.priv,output port,True,out,not assigned,False,[],,[],,0,False
tuning,neorv32_bus,neorv32_bus_io_switch,dev_03_req_o.rw,output port,True,out,not assigned,False,[],,[],,0,False
tuning,neorv32_bus,neorv32_bus_io_switch,dev_03_req_o.src,output port,True,out,not assigned,False,[],,[],,0,False
tuning,neorv32_bus,neorv32_bus_io_switch,dev_03_req_o.stb,output port,True,out,not assigned,False,[],,[],,0,False
tuning,neorv32_bus,neorv32_bus_io_switch,dev_03_rsp_i,input port,True,in,not assigned,True,[],,[],,0,False
tuning,neorv32_bus,neorv32_bus_io_switch,dev_03_rsp_i.ack,input port,True,in,not assigned,False,[],,[],,0,False
tuning,neorv32_bus,neorv32_bus_io_switch,dev_03_rsp_i.data,input port,True,in,not assigned,False,[],,[],,0,False
tuning,neorv32_bus,neorv32_bus_io_switch,dev_03_rsp_i.err,input port,True,in,not assigned,False,[],,[],,0,False
tuning,neorv32_bus,neorv32_bus_io_switch,dev_04_req_o,output port,True,out,none,True,[],,[],,0,False
tuning,neorv32_bus,neorv32_bus_io_switch,dev_04_req_o.addr,output port,True,out,not assigned,False,[],,[],,0,False
tuning,neorv32_bus,neorv32_bus_io_switch,dev_04_req_o.amo,output port,True,out,not assigned,False,[],,[],,0,False
tuning,neorv32_bus,neorv32_bus_io_switch,dev_04_req_o.amoop,output port,True,out,not assigned,False,[],,[],,0,False
tuning,neorv32_bus,neorv32_bus_io_switch,dev_04_req_o.ben,output port,True,out,not assigned,False,[],,[],,0,False
tuning,neorv32_bus,neorv32_bus_io_switch,dev_04_req_o.data,output port,True,out,not assigned,False,[],,[],,0,False
tuning,neorv32_bus,neorv32_bus_io_switch,dev_04_req_o.debug,output port,True,out,not assigned,False,[],,[],,0,False
tuning,neorv32_bus,neorv32_bus_io_switch,dev_04_req_o.fence,output port,True,out,not assigned,False,[],,[],,0,False
tuning,neorv32_bus,neorv32_bus_io_switch,dev_04_req_o.lock,output port,True,out,not assigned,False,[],,[],,0,False
tuning,neorv32_bus,neorv32_bus_io_switch,dev_04_req_o.priv,output port,True,out,not assigned,False,[],,[],,0,False
tuning,neorv32_bus,neorv32_bus_io_switch,dev_04_req_o.rw,output port,True,out,not assigned,False,[],,[],,0,False
tuning,neorv32_bus,neorv32_bus_io_switch,dev_04_req_o.src,output port,True,out,not assigned,False,[],,[],,0,False
tuning,neorv32_bus,neorv32_bus_io_switch,dev_04_req_o.stb,output port,True,out,not assigned,False,[],,[],,0,False
tuning,neorv32_bus,neorv32_bus_io_switch,dev_04_rsp_i,input port,True,in,not assigned,True,[],,[],,0,False
tuning,neorv32_bus,neorv32_bus_io_switch,dev_04_rsp_i.ack,input port,True,in,not assigned,False,[],,[],,0,False
tuning,neorv32_bus,neorv32_bus_io_switch,dev_04_rsp_i.data,input port,True,in,not assigned,False,[],,[],,0,False
tuning,neorv32_bus,neorv32_bus_io_switch,dev_04_rsp_i.err,input port,True,in,not assigned,False,[],,[],,0,False
tuning,neorv32_bus,neorv32_bus_io_switch,dev_05_req_o,output port,True,out,none,True,[],,[],,0,False
tuning,neorv32_bus,neorv32_bus_io_switch,dev_05_req_o.addr,output port,True,out,not assigned,False,[],,[],,0,False
tuning,neorv32_bus,neorv32_bus_io_switch,dev_05_req_o.amo,output port,True,out,not assigned,False,[],,[],,0,False
tuning,neorv32_bus,neorv32_bus_io_switch,dev_05_req_o.amoop,output port,True,out,not assigned,False,[],,[],,0,False
tuning,neorv32_bus,neorv32_bus_io_switch,dev_05_req_o.ben,output port,True,out,not assigned,False,[],,[],,0,False
tuning,neorv32_bus,neorv32_bus_io_switch,dev_05_req_o.data,output port,True,out,not assigned,False,[],,[],,0,False
tuning,neorv32_bus,neorv32_bus_io_switch,dev_05_req_o.debug,output port,True,out,not assigned,False,[],,[],,0,False
tuning,neorv32_bus,neorv32_bus_io_switch,dev_05_req_o.fence,output port,True,out,not assigned,False,[],,[],,0,False
tuning,neorv32_bus,neorv32_bus_io_switch,dev_05_req_o.lock,output port,True,out,not assigned,False,[],,[],,0,False
tuning,neorv32_bus,neorv32_bus_io_switch,dev_05_req_o.priv,output port,True,out,not assigned,False,[],,[],,0,False
tuning,neorv32_bus,neorv32_bus_io_switch,dev_05_req_o.rw,output port,True,out,not assigned,False,[],,[],,0,False
tuning,neorv32_bus,neorv32_bus_io_switch,dev_05_req_o.src,output port,True,out,not assigned,False,[],,[],,0,False
tuning,neorv32_bus,neorv32_bus_io_switch,dev_05_req_o.stb,output port,True,out,not assigned,False,[],,[],,0,False
tuning,neorv32_bus,neorv32_bus_io_switch,dev_05_rsp_i,input port,True,in,not assigned,True,[],,[],,0,False
tuning,neorv32_bus,neorv32_bus_io_switch,dev_05_rsp_i.ack,input port,True,in,not assigned,False,[],,[],,0,False
tuning,neorv32_bus,neorv32_bus_io_switch,dev_05_rsp_i.data,input port,True,in,not assigned,False,[],,[],,0,False
tuning,neorv32_bus,neorv32_bus_io_switch,dev_05_rsp_i.err,input port,True,in,not assigned,False,[],,[],,0,False
tuning,neorv32_bus,neorv32_bus_io_switch,dev_06_req_o,output port,True,out,none,True,[],,[],,0,False
tuning,neorv32_bus,neorv32_bus_io_switch,dev_06_req_o.addr,output port,True,out,not assigned,False,[],,[],,0,False
tuning,neorv32_bus,neorv32_bus_io_switch,dev_06_req_o.amo,output port,True,out,not assigned,False,[],,[],,0,False
tuning,neorv32_bus,neorv32_bus_io_switch,dev_06_req_o.amoop,output port,True,out,not assigned,False,[],,[],,0,False
tuning,neorv32_bus,neorv32_bus_io_switch,dev_06_req_o.ben,output port,True,out,not assigned,False,[],,[],,0,False
tuning,neorv32_bus,neorv32_bus_io_switch,dev_06_req_o.data,output port,True,out,not assigned,False,[],,[],,0,False
tuning,neorv32_bus,neorv32_bus_io_switch,dev_06_req_o.debug,output port,True,out,not assigned,False,[],,[],,0,False
tuning,neorv32_bus,neorv32_bus_io_switch,dev_06_req_o.fence,output port,True,out,not assigned,False,[],,[],,0,False
tuning,neorv32_bus,neorv32_bus_io_switch,dev_06_req_o.lock,output port,True,out,not assigned,False,[],,[],,0,False
tuning,neorv32_bus,neorv32_bus_io_switch,dev_06_req_o.priv,output port,True,out,not assigned,False,[],,[],,0,False
tuning,neorv32_bus,neorv32_bus_io_switch,dev_06_req_o.rw,output port,True,out,not assigned,False,[],,[],,0,False
tuning,neorv32_bus,neorv32_bus_io_switch,dev_06_req_o.src,output port,True,out,not assigned,False,[],,[],,0,False
tuning,neorv32_bus,neorv32_bus_io_switch,dev_06_req_o.stb,output port,True,out,not assigned,False,[],,[],,0,False
tuning,neorv32_bus,neorv32_bus_io_switch,dev_06_rsp_i,input port,True,in,not assigned,True,[],,[],,0,False
tuning,neorv32_bus,neorv32_bus_io_switch,dev_06_rsp_i.ack,input port,True,in,not assigned,False,[],,[],,0,False
tuning,neorv32_bus,neorv32_bus_io_switch,dev_06_rsp_i.data,input port,True,in,not assigned,False,[],,[],,0,False
tuning,neorv32_bus,neorv32_bus_io_switch,dev_06_rsp_i.err,input port,True,in,not assigned,False,[],,[],,0,False
tuning,neorv32_bus,neorv32_bus_io_switch,dev_07_req_o,output port,True,out,none,True,[],,[],,0,False
tuning,neorv32_bus,neorv32_bus_io_switch,dev_07_req_o.addr,output port,True,out,not assigned,False,[],,[],,0,False
tuning,neorv32_bus,neorv32_bus_io_switch,dev_07_req_o.amo,output port,True,out,not assigned,False,[],,[],,0,False
tuning,neorv32_bus,neorv32_bus_io_switch,dev_07_req_o.amoop,output port,True,out,not assigned,False,[],,[],,0,False
tuning,neorv32_bus,neorv32_bus_io_switch,dev_07_req_o.ben,output port,True,out,not assigned,False,[],,[],,0,False
tuning,neorv32_bus,neorv32_bus_io_switch,dev_07_req_o.data,output port,True,out,not assigned,False,[],,[],,0,False
tuning,neorv32_bus,neorv32_bus_io_switch,dev_07_req_o.debug,output port,True,out,not assigned,False,[],,[],,0,False
tuning,neorv32_bus,neorv32_bus_io_switch,dev_07_req_o.fence,output port,True,out,not assigned,False,[],,[],,0,False
tuning,neorv32_bus,neorv32_bus_io_switch,dev_07_req_o.lock,output port,True,out,not assigned,False,[],,[],,0,False
tuning,neorv32_bus,neorv32_bus_io_switch,dev_07_req_o.priv,output port,True,out,not assigned,False,[],,[],,0,False
tuning,neorv32_bus,neorv32_bus_io_switch,dev_07_req_o.rw,output port,True,out,not assigned,False,[],,[],,0,False
tuning,neorv32_bus,neorv32_bus_io_switch,dev_07_req_o.src,output port,True,out,not assigned,False,[],,[],,0,False
tuning,neorv32_bus,neorv32_bus_io_switch,dev_07_req_o.stb,output port,True,out,not assigned,False,[],,[],,0,False
tuning,neorv32_bus,neorv32_bus_io_switch,dev_07_rsp_i,input port,True,in,not assigned,True,[],,[],,0,False
tuning,neorv32_bus,neorv32_bus_io_switch,dev_07_rsp_i.ack,input port,True,in,not assigned,False,[],,[],,0,False
tuning,neorv32_bus,neorv32_bus_io_switch,dev_07_rsp_i.data,input port,True,in,not assigned,False,[],,[],,0,False
tuning,neorv32_bus,neorv32_bus_io_switch,dev_07_rsp_i.err,input port,True,in,not assigned,False,[],,[],,0,False
tuning,neorv32_bus,neorv32_bus_io_switch,dev_08_req_o,output port,True,out,none,True,[],,[],,0,False
tuning,neorv32_bus,neorv32_bus_io_switch,dev_08_req_o.addr,output port,True,out,not assigned,False,[],,[],,0,False
tuning,neorv32_bus,neorv32_bus_io_switch,dev_08_req_o.amo,output port,True,out,not assigned,False,[],,[],,0,False
tuning,neorv32_bus,neorv32_bus_io_switch,dev_08_req_o.amoop,output port,True,out,not assigned,False,[],,[],,0,False
tuning,neorv32_bus,neorv32_bus_io_switch,dev_08_req_o.ben,output port,True,out,not assigned,False,[],,[],,0,False
tuning,neorv32_bus,neorv32_bus_io_switch,dev_08_req_o.data,output port,True,out,not assigned,False,[],,[],,0,False
tuning,neorv32_bus,neorv32_bus_io_switch,dev_08_req_o.debug,output port,True,out,not assigned,False,[],,[],,0,False
tuning,neorv32_bus,neorv32_bus_io_switch,dev_08_req_o.fence,output port,True,out,not assigned,False,[],,[],,0,False
tuning,neorv32_bus,neorv32_bus_io_switch,dev_08_req_o.lock,output port,True,out,not assigned,False,[],,[],,0,False
tuning,neorv32_bus,neorv32_bus_io_switch,dev_08_req_o.priv,output port,True,out,not assigned,False,[],,[],,0,False
tuning,neorv32_bus,neorv32_bus_io_switch,dev_08_req_o.rw,output port,True,out,not assigned,False,[],,[],,0,False
tuning,neorv32_bus,neorv32_bus_io_switch,dev_08_req_o.src,output port,True,out,not assigned,False,[],,[],,0,False
tuning,neorv32_bus,neorv32_bus_io_switch,dev_08_req_o.stb,output port,True,out,not assigned,False,[],,[],,0,False
tuning,neorv32_bus,neorv32_bus_io_switch,dev_08_rsp_i,input port,True,in,not assigned,True,[],,[],,0,False
tuning,neorv32_bus,neorv32_bus_io_switch,dev_08_rsp_i.ack,input port,True,in,not assigned,False,[],,[],,0,False
tuning,neorv32_bus,neorv32_bus_io_switch,dev_08_rsp_i.data,input port,True,in,not assigned,False,[],,[],,0,False
tuning,neorv32_bus,neorv32_bus_io_switch,dev_08_rsp_i.err,input port,True,in,not assigned,False,[],,[],,0,False
tuning,neorv32_bus,neorv32_bus_io_switch,dev_09_req_o,output port,True,out,none,True,[],,[],,0,False
tuning,neorv32_bus,neorv32_bus_io_switch,dev_09_req_o.addr,output port,True,out,not assigned,False,[],,[],,0,False
tuning,neorv32_bus,neorv32_bus_io_switch,dev_09_req_o.amo,output port,True,out,not assigned,False,[],,[],,0,False
tuning,neorv32_bus,neorv32_bus_io_switch,dev_09_req_o.amoop,output port,True,out,not assigned,False,[],,[],,0,False
tuning,neorv32_bus,neorv32_bus_io_switch,dev_09_req_o.ben,output port,True,out,not assigned,False,[],,[],,0,False
tuning,neorv32_bus,neorv32_bus_io_switch,dev_09_req_o.data,output port,True,out,not assigned,False,[],,[],,0,False
tuning,neorv32_bus,neorv32_bus_io_switch,dev_09_req_o.debug,output port,True,out,not assigned,False,[],,[],,0,False
tuning,neorv32_bus,neorv32_bus_io_switch,dev_09_req_o.fence,output port,True,out,not assigned,False,[],,[],,0,False
tuning,neorv32_bus,neorv32_bus_io_switch,dev_09_req_o.lock,output port,True,out,not assigned,False,[],,[],,0,False
tuning,neorv32_bus,neorv32_bus_io_switch,dev_09_req_o.priv,output port,True,out,not assigned,False,[],,[],,0,False
tuning,neorv32_bus,neorv32_bus_io_switch,dev_09_req_o.rw,output port,True,out,not assigned,False,[],,[],,0,False
tuning,neorv32_bus,neorv32_bus_io_switch,dev_09_req_o.src,output port,True,out,not assigned,False,[],,[],,0,False
tuning,neorv32_bus,neorv32_bus_io_switch,dev_09_req_o.stb,output port,True,out,not assigned,False,[],,[],,0,False
tuning,neorv32_bus,neorv32_bus_io_switch,dev_09_rsp_i,input port,True,in,not assigned,True,[],,[],,0,False
tuning,neorv32_bus,neorv32_bus_io_switch,dev_09_rsp_i.ack,input port,True,in,not assigned,False,[],,[],,0,False
tuning,neorv32_bus,neorv32_bus_io_switch,dev_09_rsp_i.data,input port,True,in,not assigned,False,[],,[],,0,False
tuning,neorv32_bus,neorv32_bus_io_switch,dev_09_rsp_i.err,input port,True,in,not assigned,False,[],,[],,0,False
tuning,neorv32_bus,neorv32_bus_io_switch,dev_10_req_o,output port,True,out,none,True,[],,[],,0,False
tuning,neorv32_bus,neorv32_bus_io_switch,dev_10_req_o.addr,output port,True,out,not assigned,False,[],,[],,0,False
tuning,neorv32_bus,neorv32_bus_io_switch,dev_10_req_o.amo,output port,True,out,not assigned,False,[],,[],,0,False
tuning,neorv32_bus,neorv32_bus_io_switch,dev_10_req_o.amoop,output port,True,out,not assigned,False,[],,[],,0,False
tuning,neorv32_bus,neorv32_bus_io_switch,dev_10_req_o.ben,output port,True,out,not assigned,False,[],,[],,0,False
tuning,neorv32_bus,neorv32_bus_io_switch,dev_10_req_o.data,output port,True,out,not assigned,False,[],,[],,0,False
tuning,neorv32_bus,neorv32_bus_io_switch,dev_10_req_o.debug,output port,True,out,not assigned,False,[],,[],,0,False
tuning,neorv32_bus,neorv32_bus_io_switch,dev_10_req_o.fence,output port,True,out,not assigned,False,[],,[],,0,False
tuning,neorv32_bus,neorv32_bus_io_switch,dev_10_req_o.lock,output port,True,out,not assigned,False,[],,[],,0,False
tuning,neorv32_bus,neorv32_bus_io_switch,dev_10_req_o.priv,output port,True,out,not assigned,False,[],,[],,0,False
tuning,neorv32_bus,neorv32_bus_io_switch,dev_10_req_o.rw,output port,True,out,not assigned,False,[],,[],,0,False
tuning,neorv32_bus,neorv32_bus_io_switch,dev_10_req_o.src,output port,True,out,not assigned,False,[],,[],,0,False
tuning,neorv32_bus,neorv32_bus_io_switch,dev_10_req_o.stb,output port,True,out,not assigned,False,[],,[],,0,False
tuning,neorv32_bus,neorv32_bus_io_switch,dev_10_rsp_i,input port,True,in,not assigned,True,[],,[],,0,False
tuning,neorv32_bus,neorv32_bus_io_switch,dev_10_rsp_i.ack,input port,True,in,not assigned,False,[],,[],,0,False
tuning,neorv32_bus,neorv32_bus_io_switch,dev_10_rsp_i.data,input port,True,in,not assigned,False,[],,[],,0,False
tuning,neorv32_bus,neorv32_bus_io_switch,dev_10_rsp_i.err,input port,True,in,not assigned,False,[],,[],,0,False
tuning,neorv32_bus,neorv32_bus_io_switch,dev_11_req_o,output port,True,out,none,True,[],,[],,0,False
tuning,neorv32_bus,neorv32_bus_io_switch,dev_11_req_o.addr,output port,True,out,not assigned,False,[],,[],,0,False
tuning,neorv32_bus,neorv32_bus_io_switch,dev_11_req_o.amo,output port,True,out,not assigned,False,[],,[],,0,False
tuning,neorv32_bus,neorv32_bus_io_switch,dev_11_req_o.amoop,output port,True,out,not assigned,False,[],,[],,0,False
tuning,neorv32_bus,neorv32_bus_io_switch,dev_11_req_o.ben,output port,True,out,not assigned,False,[],,[],,0,False
tuning,neorv32_bus,neorv32_bus_io_switch,dev_11_req_o.data,output port,True,out,not assigned,False,[],,[],,0,False
tuning,neorv32_bus,neorv32_bus_io_switch,dev_11_req_o.debug,output port,True,out,not assigned,False,[],,[],,0,False
tuning,neorv32_bus,neorv32_bus_io_switch,dev_11_req_o.fence,output port,True,out,not assigned,False,[],,[],,0,False
tuning,neorv32_bus,neorv32_bus_io_switch,dev_11_req_o.lock,output port,True,out,not assigned,False,[],,[],,0,False
tuning,neorv32_bus,neorv32_bus_io_switch,dev_11_req_o.priv,output port,True,out,not assigned,False,[],,[],,0,False
tuning,neorv32_bus,neorv32_bus_io_switch,dev_11_req_o.rw,output port,True,out,not assigned,False,[],,[],,0,False
tuning,neorv32_bus,neorv32_bus_io_switch,dev_11_req_o.src,output port,True,out,not assigned,False,[],,[],,0,False
tuning,neorv32_bus,neorv32_bus_io_switch,dev_11_req_o.stb,output port,True,out,not assigned,False,[],,[],,0,False
tuning,neorv32_bus,neorv32_bus_io_switch,dev_11_rsp_i,input port,True,in,not assigned,True,[],,[],,0,False
tuning,neorv32_bus,neorv32_bus_io_switch,dev_11_rsp_i.ack,input port,True,in,not assigned,False,[],,[],,0,False
tuning,neorv32_bus,neorv32_bus_io_switch,dev_11_rsp_i.data,input port,True,in,not assigned,False,[],,[],,0,False
tuning,neorv32_bus,neorv32_bus_io_switch,dev_11_rsp_i.err,input port,True,in,not assigned,False,[],,[],,0,False
tuning,neorv32_bus,neorv32_bus_io_switch,dev_12_req_o,output port,True,out,none,True,[],,[],,0,False
tuning,neorv32_bus,neorv32_bus_io_switch,dev_12_req_o.addr,output port,True,out,not assigned,False,[],,[],,0,False
tuning,neorv32_bus,neorv32_bus_io_switch,dev_12_req_o.amo,output port,True,out,not assigned,False,[],,[],,0,False
tuning,neorv32_bus,neorv32_bus_io_switch,dev_12_req_o.amoop,output port,True,out,not assigned,False,[],,[],,0,False
tuning,neorv32_bus,neorv32_bus_io_switch,dev_12_req_o.ben,output port,True,out,not assigned,False,[],,[],,0,False
tuning,neorv32_bus,neorv32_bus_io_switch,dev_12_req_o.data,output port,True,out,not assigned,False,[],,[],,0,False
tuning,neorv32_bus,neorv32_bus_io_switch,dev_12_req_o.debug,output port,True,out,not assigned,False,[],,[],,0,False
tuning,neorv32_bus,neorv32_bus_io_switch,dev_12_req_o.fence,output port,True,out,not assigned,False,[],,[],,0,False
tuning,neorv32_bus,neorv32_bus_io_switch,dev_12_req_o.lock,output port,True,out,not assigned,False,[],,[],,0,False
tuning,neorv32_bus,neorv32_bus_io_switch,dev_12_req_o.priv,output port,True,out,not assigned,False,[],,[],,0,False
tuning,neorv32_bus,neorv32_bus_io_switch,dev_12_req_o.rw,output port,True,out,not assigned,False,[],,[],,0,False
tuning,neorv32_bus,neorv32_bus_io_switch,dev_12_req_o.src,output port,True,out,not assigned,False,[],,[],,0,False
tuning,neorv32_bus,neorv32_bus_io_switch,dev_12_req_o.stb,output port,True,out,not assigned,False,[],,[],,0,False
tuning,neorv32_bus,neorv32_bus_io_switch,dev_12_rsp_i,input port,True,in,not assigned,True,[],,[],,0,False
tuning,neorv32_bus,neorv32_bus_io_switch,dev_12_rsp_i.ack,input port,True,in,not assigned,False,[],,[],,0,False
tuning,neorv32_bus,neorv32_bus_io_switch,dev_12_rsp_i.data,input port,True,in,not assigned,False,[],,[],,0,False
tuning,neorv32_bus,neorv32_bus_io_switch,dev_12_rsp_i.err,input port,True,in,not assigned,False,[],,[],,0,False
tuning,neorv32_bus,neorv32_bus_io_switch,dev_13_req_o,output port,True,out,none,True,[],,[],,0,False
tuning,neorv32_bus,neorv32_bus_io_switch,dev_13_req_o.addr,output port,True,out,not assigned,False,[],,[],,0,False
tuning,neorv32_bus,neorv32_bus_io_switch,dev_13_req_o.amo,output port,True,out,not assigned,False,[],,[],,0,False
tuning,neorv32_bus,neorv32_bus_io_switch,dev_13_req_o.amoop,output port,True,out,not assigned,False,[],,[],,0,False
tuning,neorv32_bus,neorv32_bus_io_switch,dev_13_req_o.ben,output port,True,out,not assigned,False,[],,[],,0,False
tuning,neorv32_bus,neorv32_bus_io_switch,dev_13_req_o.data,output port,True,out,not assigned,False,[],,[],,0,False
tuning,neorv32_bus,neorv32_bus_io_switch,dev_13_req_o.debug,output port,True,out,not assigned,False,[],,[],,0,False
tuning,neorv32_bus,neorv32_bus_io_switch,dev_13_req_o.fence,output port,True,out,not assigned,False,[],,[],,0,False
tuning,neorv32_bus,neorv32_bus_io_switch,dev_13_req_o.lock,output port,True,out,not assigned,False,[],,[],,0,False
tuning,neorv32_bus,neorv32_bus_io_switch,dev_13_req_o.priv,output port,True,out,not assigned,False,[],,[],,0,False
tuning,neorv32_bus,neorv32_bus_io_switch,dev_13_req_o.rw,output port,True,out,not assigned,False,[],,[],,0,False
tuning,neorv32_bus,neorv32_bus_io_switch,dev_13_req_o.src,output port,True,out,not assigned,False,[],,[],,0,False
tuning,neorv32_bus,neorv32_bus_io_switch,dev_13_req_o.stb,output port,True,out,not assigned,False,[],,[],,0,False
tuning,neorv32_bus,neorv32_bus_io_switch,dev_13_rsp_i,input port,True,in,not assigned,True,[],,[],,0,False
tuning,neorv32_bus,neorv32_bus_io_switch,dev_13_rsp_i.ack,input port,True,in,not assigned,False,[],,[],,0,False
tuning,neorv32_bus,neorv32_bus_io_switch,dev_13_rsp_i.data,input port,True,in,not assigned,False,[],,[],,0,False
tuning,neorv32_bus,neorv32_bus_io_switch,dev_13_rsp_i.err,input port,True,in,not assigned,False,[],,[],,0,False
tuning,neorv32_bus,neorv32_bus_io_switch,dev_14_req_o,output port,True,out,none,True,[],,[],,0,False
tuning,neorv32_bus,neorv32_bus_io_switch,dev_14_req_o.addr,output port,True,out,not assigned,False,[],,[],,0,False
tuning,neorv32_bus,neorv32_bus_io_switch,dev_14_req_o.amo,output port,True,out,not assigned,False,[],,[],,0,False
tuning,neorv32_bus,neorv32_bus_io_switch,dev_14_req_o.amoop,output port,True,out,not assigned,False,[],,[],,0,False
tuning,neorv32_bus,neorv32_bus_io_switch,dev_14_req_o.ben,output port,True,out,not assigned,False,[],,[],,0,False
tuning,neorv32_bus,neorv32_bus_io_switch,dev_14_req_o.data,output port,True,out,not assigned,False,[],,[],,0,False
tuning,neorv32_bus,neorv32_bus_io_switch,dev_14_req_o.debug,output port,True,out,not assigned,False,[],,[],,0,False
tuning,neorv32_bus,neorv32_bus_io_switch,dev_14_req_o.fence,output port,True,out,not assigned,False,[],,[],,0,False
tuning,neorv32_bus,neorv32_bus_io_switch,dev_14_req_o.lock,output port,True,out,not assigned,False,[],,[],,0,False
tuning,neorv32_bus,neorv32_bus_io_switch,dev_14_req_o.priv,output port,True,out,not assigned,False,[],,[],,0,False
tuning,neorv32_bus,neorv32_bus_io_switch,dev_14_req_o.rw,output port,True,out,not assigned,False,[],,[],,0,False
tuning,neorv32_bus,neorv32_bus_io_switch,dev_14_req_o.src,output port,True,out,not assigned,False,[],,[],,0,False
tuning,neorv32_bus,neorv32_bus_io_switch,dev_14_req_o.stb,output port,True,out,not assigned,False,[],,[],,0,False
tuning,neorv32_bus,neorv32_bus_io_switch,dev_14_rsp_i,input port,True,in,not assigned,True,[],,[],,0,False
tuning,neorv32_bus,neorv32_bus_io_switch,dev_14_rsp_i.ack,input port,True,in,not assigned,False,[],,[],,0,False
tuning,neorv32_bus,neorv32_bus_io_switch,dev_14_rsp_i.data,input port,True,in,not assigned,False,[],,[],,0,False
tuning,neorv32_bus,neorv32_bus_io_switch,dev_14_rsp_i.err,input port,True,in,not assigned,False,[],,[],,0,False
tuning,neorv32_bus,neorv32_bus_io_switch,dev_15_req_o,output port,True,out,none,True,[],,[],,0,False
tuning,neorv32_bus,neorv32_bus_io_switch,dev_15_req_o.addr,output port,True,out,not assigned,False,[],,[],,0,False
tuning,neorv32_bus,neorv32_bus_io_switch,dev_15_req_o.amo,output port,True,out,not assigned,False,[],,[],,0,False
tuning,neorv32_bus,neorv32_bus_io_switch,dev_15_req_o.amoop,output port,True,out,not assigned,False,[],,[],,0,False
tuning,neorv32_bus,neorv32_bus_io_switch,dev_15_req_o.ben,output port,True,out,not assigned,False,[],,[],,0,False
tuning,neorv32_bus,neorv32_bus_io_switch,dev_15_req_o.data,output port,True,out,not assigned,False,[],,[],,0,False
tuning,neorv32_bus,neorv32_bus_io_switch,dev_15_req_o.debug,output port,True,out,not assigned,False,[],,[],,0,False
tuning,neorv32_bus,neorv32_bus_io_switch,dev_15_req_o.fence,output port,True,out,not assigned,False,[],,[],,0,False
tuning,neorv32_bus,neorv32_bus_io_switch,dev_15_req_o.lock,output port,True,out,not assigned,False,[],,[],,0,False
tuning,neorv32_bus,neorv32_bus_io_switch,dev_15_req_o.priv,output port,True,out,not assigned,False,[],,[],,0,False
tuning,neorv32_bus,neorv32_bus_io_switch,dev_15_req_o.rw,output port,True,out,not assigned,False,[],,[],,0,False
tuning,neorv32_bus,neorv32_bus_io_switch,dev_15_req_o.src,output port,True,out,not assigned,False,[],,[],,0,False
tuning,neorv32_bus,neorv32_bus_io_switch,dev_15_req_o.stb,output port,True,out,not assigned,False,[],,[],,0,False
tuning,neorv32_bus,neorv32_bus_io_switch,dev_15_rsp_i,input port,True,in,not assigned,True,[],,[],,0,False
tuning,neorv32_bus,neorv32_bus_io_switch,dev_15_rsp_i.ack,input port,True,in,not assigned,False,[],,[],,0,False
tuning,neorv32_bus,neorv32_bus_io_switch,dev_15_rsp_i.data,input port,True,in,not assigned,False,[],,[],,0,False
tuning,neorv32_bus,neorv32_bus_io_switch,dev_15_rsp_i.err,input port,True,in,not assigned,False,[],,[],,0,False
tuning,neorv32_bus,neorv32_bus_io_switch,dev_16_req_o,output port,True,out,none,True,[],,[],,0,False
tuning,neorv32_bus,neorv32_bus_io_switch,dev_16_req_o.addr,output port,True,out,not assigned,False,[],,[],,0,False
tuning,neorv32_bus,neorv32_bus_io_switch,dev_16_req_o.amo,output port,True,out,not assigned,False,[],,[],,0,False
tuning,neorv32_bus,neorv32_bus_io_switch,dev_16_req_o.amoop,output port,True,out,not assigned,False,[],,[],,0,False
tuning,neorv32_bus,neorv32_bus_io_switch,dev_16_req_o.ben,output port,True,out,not assigned,False,[],,[],,0,False
tuning,neorv32_bus,neorv32_bus_io_switch,dev_16_req_o.data,output port,True,out,not assigned,False,[],,[],,0,False
tuning,neorv32_bus,neorv32_bus_io_switch,dev_16_req_o.debug,output port,True,out,not assigned,False,[],,[],,0,False
tuning,neorv32_bus,neorv32_bus_io_switch,dev_16_req_o.fence,output port,True,out,not assigned,False,[],,[],,0,False
tuning,neorv32_bus,neorv32_bus_io_switch,dev_16_req_o.lock,output port,True,out,not assigned,False,[],,[],,0,False
tuning,neorv32_bus,neorv32_bus_io_switch,dev_16_req_o.priv,output port,True,out,not assigned,False,[],,[],,0,False
tuning,neorv32_bus,neorv32_bus_io_switch,dev_16_req_o.rw,output port,True,out,not assigned,False,[],,[],,0,False
tuning,neorv32_bus,neorv32_bus_io_switch,dev_16_req_o.src,output port,True,out,not assigned,False,[],,[],,0,False
tuning,neorv32_bus,neorv32_bus_io_switch,dev_16_req_o.stb,output port,True,out,not assigned,False,[],,[],,0,False
tuning,neorv32_bus,neorv32_bus_io_switch,dev_16_rsp_i,input port,True,in,not assigned,True,[],,[],,0,False
tuning,neorv32_bus,neorv32_bus_io_switch,dev_16_rsp_i.ack,input port,True,in,not assigned,False,[],,[],,0,False
tuning,neorv32_bus,neorv32_bus_io_switch,dev_16_rsp_i.data,input port,True,in,not assigned,False,[],,[],,0,False
tuning,neorv32_bus,neorv32_bus_io_switch,dev_16_rsp_i.err,input port,True,in,not assigned,False,[],,[],,0,False
tuning,neorv32_bus,neorv32_bus_io_switch,dev_17_req_o,output port,True,out,none,True,[],,[],,0,False
tuning,neorv32_bus,neorv32_bus_io_switch,dev_17_req_o.addr,output port,True,out,not assigned,False,[],,[],,0,False
tuning,neorv32_bus,neorv32_bus_io_switch,dev_17_req_o.amo,output port,True,out,not assigned,False,[],,[],,0,False
tuning,neorv32_bus,neorv32_bus_io_switch,dev_17_req_o.amoop,output port,True,out,not assigned,False,[],,[],,0,False
tuning,neorv32_bus,neorv32_bus_io_switch,dev_17_req_o.ben,output port,True,out,not assigned,False,[],,[],,0,False
tuning,neorv32_bus,neorv32_bus_io_switch,dev_17_req_o.data,output port,True,out,not assigned,False,[],,[],,0,False
tuning,neorv32_bus,neorv32_bus_io_switch,dev_17_req_o.debug,output port,True,out,not assigned,False,[],,[],,0,False
tuning,neorv32_bus,neorv32_bus_io_switch,dev_17_req_o.fence,output port,True,out,not assigned,False,[],,[],,0,False
tuning,neorv32_bus,neorv32_bus_io_switch,dev_17_req_o.lock,output port,True,out,not assigned,False,[],,[],,0,False
tuning,neorv32_bus,neorv32_bus_io_switch,dev_17_req_o.priv,output port,True,out,not assigned,False,[],,[],,0,False
tuning,neorv32_bus,neorv32_bus_io_switch,dev_17_req_o.rw,output port,True,out,not assigned,False,[],,[],,0,False
tuning,neorv32_bus,neorv32_bus_io_switch,dev_17_req_o.src,output port,True,out,not assigned,False,[],,[],,0,False
tuning,neorv32_bus,neorv32_bus_io_switch,dev_17_req_o.stb,output port,True,out,not assigned,False,[],,[],,0,False
tuning,neorv32_bus,neorv32_bus_io_switch,dev_17_rsp_i,input port,True,in,not assigned,True,[],,[],,0,False
tuning,neorv32_bus,neorv32_bus_io_switch,dev_17_rsp_i.ack,input port,True,in,not assigned,False,[],,[],,0,False
tuning,neorv32_bus,neorv32_bus_io_switch,dev_17_rsp_i.data,input port,True,in,not assigned,False,[],,[],,0,False
tuning,neorv32_bus,neorv32_bus_io_switch,dev_17_rsp_i.err,input port,True,in,not assigned,False,[],,[],,0,False
tuning,neorv32_bus,neorv32_bus_io_switch,dev_18_req_o,output port,True,out,none,True,[],,[],,0,False
tuning,neorv32_bus,neorv32_bus_io_switch,dev_18_req_o.addr,output port,True,out,not assigned,False,[],,[],,0,False
tuning,neorv32_bus,neorv32_bus_io_switch,dev_18_req_o.amo,output port,True,out,not assigned,False,[],,[],,0,False
tuning,neorv32_bus,neorv32_bus_io_switch,dev_18_req_o.amoop,output port,True,out,not assigned,False,[],,[],,0,False
tuning,neorv32_bus,neorv32_bus_io_switch,dev_18_req_o.ben,output port,True,out,not assigned,False,[],,[],,0,False
tuning,neorv32_bus,neorv32_bus_io_switch,dev_18_req_o.data,output port,True,out,not assigned,False,[],,[],,0,False
tuning,neorv32_bus,neorv32_bus_io_switch,dev_18_req_o.debug,output port,True,out,not assigned,False,[],,[],,0,False
tuning,neorv32_bus,neorv32_bus_io_switch,dev_18_req_o.fence,output port,True,out,not assigned,False,[],,[],,0,False
tuning,neorv32_bus,neorv32_bus_io_switch,dev_18_req_o.lock,output port,True,out,not assigned,False,[],,[],,0,False
tuning,neorv32_bus,neorv32_bus_io_switch,dev_18_req_o.priv,output port,True,out,not assigned,False,[],,[],,0,False
tuning,neorv32_bus,neorv32_bus_io_switch,dev_18_req_o.rw,output port,True,out,not assigned,False,[],,[],,0,False
tuning,neorv32_bus,neorv32_bus_io_switch,dev_18_req_o.src,output port,True,out,not assigned,False,[],,[],,0,False
tuning,neorv32_bus,neorv32_bus_io_switch,dev_18_req_o.stb,output port,True,out,not assigned,False,[],,[],,0,False
tuning,neorv32_bus,neorv32_bus_io_switch,dev_18_rsp_i,input port,True,in,not assigned,True,[],,[],,0,False
tuning,neorv32_bus,neorv32_bus_io_switch,dev_18_rsp_i.ack,input port,True,in,not assigned,False,[],,[],,0,False
tuning,neorv32_bus,neorv32_bus_io_switch,dev_18_rsp_i.data,input port,True,in,not assigned,False,[],,[],,0,False
tuning,neorv32_bus,neorv32_bus_io_switch,dev_18_rsp_i.err,input port,True,in,not assigned,False,[],,[],,0,False
tuning,neorv32_bus,neorv32_bus_io_switch,dev_19_req_o,output port,True,out,none,True,[],,[],,0,False
tuning,neorv32_bus,neorv32_bus_io_switch,dev_19_req_o.addr,output port,True,out,not assigned,False,[],,[],,0,False
tuning,neorv32_bus,neorv32_bus_io_switch,dev_19_req_o.amo,output port,True,out,not assigned,False,[],,[],,0,False
tuning,neorv32_bus,neorv32_bus_io_switch,dev_19_req_o.amoop,output port,True,out,not assigned,False,[],,[],,0,False
tuning,neorv32_bus,neorv32_bus_io_switch,dev_19_req_o.ben,output port,True,out,not assigned,False,[],,[],,0,False
tuning,neorv32_bus,neorv32_bus_io_switch,dev_19_req_o.data,output port,True,out,not assigned,False,[],,[],,0,False
tuning,neorv32_bus,neorv32_bus_io_switch,dev_19_req_o.debug,output port,True,out,not assigned,False,[],,[],,0,False
tuning,neorv32_bus,neorv32_bus_io_switch,dev_19_req_o.fence,output port,True,out,not assigned,False,[],,[],,0,False
tuning,neorv32_bus,neorv32_bus_io_switch,dev_19_req_o.lock,output port,True,out,not assigned,False,[],,[],,0,False
tuning,neorv32_bus,neorv32_bus_io_switch,dev_19_req_o.priv,output port,True,out,not assigned,False,[],,[],,0,False
tuning,neorv32_bus,neorv32_bus_io_switch,dev_19_req_o.rw,output port,True,out,not assigned,False,[],,[],,0,False
tuning,neorv32_bus,neorv32_bus_io_switch,dev_19_req_o.src,output port,True,out,not assigned,False,[],,[],,0,False
tuning,neorv32_bus,neorv32_bus_io_switch,dev_19_req_o.stb,output port,True,out,not assigned,False,[],,[],,0,False
tuning,neorv32_bus,neorv32_bus_io_switch,dev_19_rsp_i,input port,True,in,not assigned,True,[],,[],,0,False
tuning,neorv32_bus,neorv32_bus_io_switch,dev_19_rsp_i.ack,input port,True,in,not assigned,False,[],,[],,0,False
tuning,neorv32_bus,neorv32_bus_io_switch,dev_19_rsp_i.data,input port,True,in,not assigned,False,[],,[],,0,False
tuning,neorv32_bus,neorv32_bus_io_switch,dev_19_rsp_i.err,input port,True,in,not assigned,False,[],,[],,0,False
tuning,neorv32_bus,neorv32_bus_io_switch,dev_20_req_o,output port,True,out,none,True,[],,[],,0,False
tuning,neorv32_bus,neorv32_bus_io_switch,dev_20_req_o.addr,output port,True,out,not assigned,False,[],,[],,0,False
tuning,neorv32_bus,neorv32_bus_io_switch,dev_20_req_o.amo,output port,True,out,not assigned,False,[],,[],,0,False
tuning,neorv32_bus,neorv32_bus_io_switch,dev_20_req_o.amoop,output port,True,out,not assigned,False,[],,[],,0,False
tuning,neorv32_bus,neorv32_bus_io_switch,dev_20_req_o.ben,output port,True,out,not assigned,False,[],,[],,0,False
tuning,neorv32_bus,neorv32_bus_io_switch,dev_20_req_o.data,output port,True,out,not assigned,False,[],,[],,0,False
tuning,neorv32_bus,neorv32_bus_io_switch,dev_20_req_o.debug,output port,True,out,not assigned,False,[],,[],,0,False
tuning,neorv32_bus,neorv32_bus_io_switch,dev_20_req_o.fence,output port,True,out,not assigned,False,[],,[],,0,False
tuning,neorv32_bus,neorv32_bus_io_switch,dev_20_req_o.lock,output port,True,out,not assigned,False,[],,[],,0,False
tuning,neorv32_bus,neorv32_bus_io_switch,dev_20_req_o.priv,output port,True,out,not assigned,False,[],,[],,0,False
tuning,neorv32_bus,neorv32_bus_io_switch,dev_20_req_o.rw,output port,True,out,not assigned,False,[],,[],,0,False
tuning,neorv32_bus,neorv32_bus_io_switch,dev_20_req_o.src,output port,True,out,not assigned,False,[],,[],,0,False
tuning,neorv32_bus,neorv32_bus_io_switch,dev_20_req_o.stb,output port,True,out,not assigned,False,[],,[],,0,False
tuning,neorv32_bus,neorv32_bus_io_switch,dev_20_rsp_i,input port,True,in,not assigned,True,[],,[],,0,False
tuning,neorv32_bus,neorv32_bus_io_switch,dev_20_rsp_i.ack,input port,True,in,not assigned,False,[],,[],,0,False
tuning,neorv32_bus,neorv32_bus_io_switch,dev_20_rsp_i.data,input port,True,in,not assigned,False,[],,[],,0,False
tuning,neorv32_bus,neorv32_bus_io_switch,dev_20_rsp_i.err,input port,True,in,not assigned,False,[],,[],,0,False
tuning,neorv32_bus,neorv32_bus_io_switch,dev_21_req_o,output port,True,out,none,True,[],,[],,0,False
tuning,neorv32_bus,neorv32_bus_io_switch,dev_21_req_o.addr,output port,True,out,not assigned,False,[],,[],,0,False
tuning,neorv32_bus,neorv32_bus_io_switch,dev_21_req_o.amo,output port,True,out,not assigned,False,[],,[],,0,False
tuning,neorv32_bus,neorv32_bus_io_switch,dev_21_req_o.amoop,output port,True,out,not assigned,False,[],,[],,0,False
tuning,neorv32_bus,neorv32_bus_io_switch,dev_21_req_o.ben,output port,True,out,not assigned,False,[],,[],,0,False
tuning,neorv32_bus,neorv32_bus_io_switch,dev_21_req_o.data,output port,True,out,not assigned,False,[],,[],,0,False
tuning,neorv32_bus,neorv32_bus_io_switch,dev_21_req_o.debug,output port,True,out,not assigned,False,[],,[],,0,False
tuning,neorv32_bus,neorv32_bus_io_switch,dev_21_req_o.fence,output port,True,out,not assigned,False,[],,[],,0,False
tuning,neorv32_bus,neorv32_bus_io_switch,dev_21_req_o.lock,output port,True,out,not assigned,False,[],,[],,0,False
tuning,neorv32_bus,neorv32_bus_io_switch,dev_21_req_o.priv,output port,True,out,not assigned,False,[],,[],,0,False
tuning,neorv32_bus,neorv32_bus_io_switch,dev_21_req_o.rw,output port,True,out,not assigned,False,[],,[],,0,False
tuning,neorv32_bus,neorv32_bus_io_switch,dev_21_req_o.src,output port,True,out,not assigned,False,[],,[],,0,False
tuning,neorv32_bus,neorv32_bus_io_switch,dev_21_req_o.stb,output port,True,out,not assigned,False,[],,[],,0,False
tuning,neorv32_bus,neorv32_bus_io_switch,dev_21_rsp_i,input port,True,in,not assigned,True,[],,[],,0,False
tuning,neorv32_bus,neorv32_bus_io_switch,dev_21_rsp_i.ack,input port,True,in,not assigned,False,[],,[],,0,False
tuning,neorv32_bus,neorv32_bus_io_switch,dev_21_rsp_i.data,input port,True,in,not assigned,False,[],,[],,0,False
tuning,neorv32_bus,neorv32_bus_io_switch,dev_21_rsp_i.err,input port,True,in,not assigned,False,[],,[],,0,False
tuning,neorv32_bus,neorv32_bus_io_switch,dev_22_req_o,output port,True,out,none,True,[],,[],,0,False
tuning,neorv32_bus,neorv32_bus_io_switch,dev_22_req_o.addr,output port,True,out,not assigned,False,[],,[],,0,False
tuning,neorv32_bus,neorv32_bus_io_switch,dev_22_req_o.amo,output port,True,out,not assigned,False,[],,[],,0,False
tuning,neorv32_bus,neorv32_bus_io_switch,dev_22_req_o.amoop,output port,True,out,not assigned,False,[],,[],,0,False
tuning,neorv32_bus,neorv32_bus_io_switch,dev_22_req_o.ben,output port,True,out,not assigned,False,[],,[],,0,False
tuning,neorv32_bus,neorv32_bus_io_switch,dev_22_req_o.data,output port,True,out,not assigned,False,[],,[],,0,False
tuning,neorv32_bus,neorv32_bus_io_switch,dev_22_req_o.debug,output port,True,out,not assigned,False,[],,[],,0,False
tuning,neorv32_bus,neorv32_bus_io_switch,dev_22_req_o.fence,output port,True,out,not assigned,False,[],,[],,0,False
tuning,neorv32_bus,neorv32_bus_io_switch,dev_22_req_o.lock,output port,True,out,not assigned,False,[],,[],,0,False
tuning,neorv32_bus,neorv32_bus_io_switch,dev_22_req_o.priv,output port,True,out,not assigned,False,[],,[],,0,False
tuning,neorv32_bus,neorv32_bus_io_switch,dev_22_req_o.rw,output port,True,out,not assigned,False,[],,[],,0,False
tuning,neorv32_bus,neorv32_bus_io_switch,dev_22_req_o.src,output port,True,out,not assigned,False,[],,[],,0,False
tuning,neorv32_bus,neorv32_bus_io_switch,dev_22_req_o.stb,output port,True,out,not assigned,False,[],,[],,0,False
tuning,neorv32_bus,neorv32_bus_io_switch,dev_22_rsp_i,input port,True,in,not assigned,True,[],,[],,0,False
tuning,neorv32_bus,neorv32_bus_io_switch,dev_22_rsp_i.ack,input port,True,in,not assigned,False,[],,[],,0,False
tuning,neorv32_bus,neorv32_bus_io_switch,dev_22_rsp_i.data,input port,True,in,not assigned,False,[],,[],,0,False
tuning,neorv32_bus,neorv32_bus_io_switch,dev_22_rsp_i.err,input port,True,in,not assigned,False,[],,[],,0,False
tuning,neorv32_bus,neorv32_bus_io_switch,dev_23_req_o,output port,True,out,none,True,[],,[],,0,False
tuning,neorv32_bus,neorv32_bus_io_switch,dev_23_req_o.addr,output port,True,out,not assigned,False,[],,[],,0,False
tuning,neorv32_bus,neorv32_bus_io_switch,dev_23_req_o.amo,output port,True,out,not assigned,False,[],,[],,0,False
tuning,neorv32_bus,neorv32_bus_io_switch,dev_23_req_o.amoop,output port,True,out,not assigned,False,[],,[],,0,False
tuning,neorv32_bus,neorv32_bus_io_switch,dev_23_req_o.ben,output port,True,out,not assigned,False,[],,[],,0,False
tuning,neorv32_bus,neorv32_bus_io_switch,dev_23_req_o.data,output port,True,out,not assigned,False,[],,[],,0,False
tuning,neorv32_bus,neorv32_bus_io_switch,dev_23_req_o.debug,output port,True,out,not assigned,False,[],,[],,0,False
tuning,neorv32_bus,neorv32_bus_io_switch,dev_23_req_o.fence,output port,True,out,not assigned,False,[],,[],,0,False
tuning,neorv32_bus,neorv32_bus_io_switch,dev_23_req_o.lock,output port,True,out,not assigned,False,[],,[],,0,False
tuning,neorv32_bus,neorv32_bus_io_switch,dev_23_req_o.priv,output port,True,out,not assigned,False,[],,[],,0,False
tuning,neorv32_bus,neorv32_bus_io_switch,dev_23_req_o.rw,output port,True,out,not assigned,False,[],,[],,0,False
tuning,neorv32_bus,neorv32_bus_io_switch,dev_23_req_o.src,output port,True,out,not assigned,False,[],,[],,0,False
tuning,neorv32_bus,neorv32_bus_io_switch,dev_23_req_o.stb,output port,True,out,not assigned,False,[],,[],,0,False
tuning,neorv32_bus,neorv32_bus_io_switch,dev_23_rsp_i,input port,True,in,not assigned,True,[],,[],,0,False
tuning,neorv32_bus,neorv32_bus_io_switch,dev_23_rsp_i.ack,input port,True,in,not assigned,False,[],,[],,0,False
tuning,neorv32_bus,neorv32_bus_io_switch,dev_23_rsp_i.data,input port,True,in,not assigned,False,[],,[],,0,False
tuning,neorv32_bus,neorv32_bus_io_switch,dev_23_rsp_i.err,input port,True,in,not assigned,False,[],,[],,0,False
tuning,neorv32_bus,neorv32_bus_io_switch,dev_24_req_o,output port,True,out,none,True,[],,[],,0,False
tuning,neorv32_bus,neorv32_bus_io_switch,dev_24_req_o.addr,output port,True,out,not assigned,False,[],,[],,0,False
tuning,neorv32_bus,neorv32_bus_io_switch,dev_24_req_o.amo,output port,True,out,not assigned,False,[],,[],,0,False
tuning,neorv32_bus,neorv32_bus_io_switch,dev_24_req_o.amoop,output port,True,out,not assigned,False,[],,[],,0,False
tuning,neorv32_bus,neorv32_bus_io_switch,dev_24_req_o.ben,output port,True,out,not assigned,False,[],,[],,0,False
tuning,neorv32_bus,neorv32_bus_io_switch,dev_24_req_o.data,output port,True,out,not assigned,False,[],,[],,0,False
tuning,neorv32_bus,neorv32_bus_io_switch,dev_24_req_o.debug,output port,True,out,not assigned,False,[],,[],,0,False
tuning,neorv32_bus,neorv32_bus_io_switch,dev_24_req_o.fence,output port,True,out,not assigned,False,[],,[],,0,False
tuning,neorv32_bus,neorv32_bus_io_switch,dev_24_req_o.lock,output port,True,out,not assigned,False,[],,[],,0,False
tuning,neorv32_bus,neorv32_bus_io_switch,dev_24_req_o.priv,output port,True,out,not assigned,False,[],,[],,0,False
tuning,neorv32_bus,neorv32_bus_io_switch,dev_24_req_o.rw,output port,True,out,not assigned,False,[],,[],,0,False
tuning,neorv32_bus,neorv32_bus_io_switch,dev_24_req_o.src,output port,True,out,not assigned,False,[],,[],,0,False
tuning,neorv32_bus,neorv32_bus_io_switch,dev_24_req_o.stb,output port,True,out,not assigned,False,[],,[],,0,False
tuning,neorv32_bus,neorv32_bus_io_switch,dev_24_rsp_i,input port,True,in,not assigned,True,[],,[],,0,False
tuning,neorv32_bus,neorv32_bus_io_switch,dev_24_rsp_i.ack,input port,True,in,not assigned,False,[],,[],,0,False
tuning,neorv32_bus,neorv32_bus_io_switch,dev_24_rsp_i.data,input port,True,in,not assigned,False,[],,[],,0,False
tuning,neorv32_bus,neorv32_bus_io_switch,dev_24_rsp_i.err,input port,True,in,not assigned,False,[],,[],,0,False
tuning,neorv32_bus,neorv32_bus_io_switch,dev_25_req_o,output port,True,out,none,True,[],,[],,0,False
tuning,neorv32_bus,neorv32_bus_io_switch,dev_25_req_o.addr,output port,True,out,not assigned,False,[],,[],,0,False
tuning,neorv32_bus,neorv32_bus_io_switch,dev_25_req_o.amo,output port,True,out,not assigned,False,[],,[],,0,False
tuning,neorv32_bus,neorv32_bus_io_switch,dev_25_req_o.amoop,output port,True,out,not assigned,False,[],,[],,0,False
tuning,neorv32_bus,neorv32_bus_io_switch,dev_25_req_o.ben,output port,True,out,not assigned,False,[],,[],,0,False
tuning,neorv32_bus,neorv32_bus_io_switch,dev_25_req_o.data,output port,True,out,not assigned,False,[],,[],,0,False
tuning,neorv32_bus,neorv32_bus_io_switch,dev_25_req_o.debug,output port,True,out,not assigned,False,[],,[],,0,False
tuning,neorv32_bus,neorv32_bus_io_switch,dev_25_req_o.fence,output port,True,out,not assigned,False,[],,[],,0,False
tuning,neorv32_bus,neorv32_bus_io_switch,dev_25_req_o.lock,output port,True,out,not assigned,False,[],,[],,0,False
tuning,neorv32_bus,neorv32_bus_io_switch,dev_25_req_o.priv,output port,True,out,not assigned,False,[],,[],,0,False
tuning,neorv32_bus,neorv32_bus_io_switch,dev_25_req_o.rw,output port,True,out,not assigned,False,[],,[],,0,False
tuning,neorv32_bus,neorv32_bus_io_switch,dev_25_req_o.src,output port,True,out,not assigned,False,[],,[],,0,False
tuning,neorv32_bus,neorv32_bus_io_switch,dev_25_req_o.stb,output port,True,out,not assigned,False,[],,[],,0,False
tuning,neorv32_bus,neorv32_bus_io_switch,dev_25_rsp_i,input port,True,in,not assigned,True,[],,[],,0,False
tuning,neorv32_bus,neorv32_bus_io_switch,dev_25_rsp_i.ack,input port,True,in,not assigned,False,[],,[],,0,False
tuning,neorv32_bus,neorv32_bus_io_switch,dev_25_rsp_i.data,input port,True,in,not assigned,False,[],,[],,0,False
tuning,neorv32_bus,neorv32_bus_io_switch,dev_25_rsp_i.err,input port,True,in,not assigned,False,[],,[],,0,False
tuning,neorv32_bus,neorv32_bus_io_switch,dev_26_req_o,output port,True,out,none,True,[],,[],,0,False
tuning,neorv32_bus,neorv32_bus_io_switch,dev_26_req_o.addr,output port,True,out,not assigned,False,[],,[],,0,False
tuning,neorv32_bus,neorv32_bus_io_switch,dev_26_req_o.amo,output port,True,out,not assigned,False,[],,[],,0,False
tuning,neorv32_bus,neorv32_bus_io_switch,dev_26_req_o.amoop,output port,True,out,not assigned,False,[],,[],,0,False
tuning,neorv32_bus,neorv32_bus_io_switch,dev_26_req_o.ben,output port,True,out,not assigned,False,[],,[],,0,False
tuning,neorv32_bus,neorv32_bus_io_switch,dev_26_req_o.data,output port,True,out,not assigned,False,[],,[],,0,False
tuning,neorv32_bus,neorv32_bus_io_switch,dev_26_req_o.debug,output port,True,out,not assigned,False,[],,[],,0,False
tuning,neorv32_bus,neorv32_bus_io_switch,dev_26_req_o.fence,output port,True,out,not assigned,False,[],,[],,0,False
tuning,neorv32_bus,neorv32_bus_io_switch,dev_26_req_o.lock,output port,True,out,not assigned,False,[],,[],,0,False
tuning,neorv32_bus,neorv32_bus_io_switch,dev_26_req_o.priv,output port,True,out,not assigned,False,[],,[],,0,False
tuning,neorv32_bus,neorv32_bus_io_switch,dev_26_req_o.rw,output port,True,out,not assigned,False,[],,[],,0,False
tuning,neorv32_bus,neorv32_bus_io_switch,dev_26_req_o.src,output port,True,out,not assigned,False,[],,[],,0,False
tuning,neorv32_bus,neorv32_bus_io_switch,dev_26_req_o.stb,output port,True,out,not assigned,False,[],,[],,0,False
tuning,neorv32_bus,neorv32_bus_io_switch,dev_26_rsp_i,input port,True,in,not assigned,True,[],,[],,0,False
tuning,neorv32_bus,neorv32_bus_io_switch,dev_26_rsp_i.ack,input port,True,in,not assigned,False,[],,[],,0,False
tuning,neorv32_bus,neorv32_bus_io_switch,dev_26_rsp_i.data,input port,True,in,not assigned,False,[],,[],,0,False
tuning,neorv32_bus,neorv32_bus_io_switch,dev_26_rsp_i.err,input port,True,in,not assigned,False,[],,[],,0,False
tuning,neorv32_bus,neorv32_bus_io_switch,dev_27_req_o,output port,True,out,none,True,[],,[],,0,False
tuning,neorv32_bus,neorv32_bus_io_switch,dev_27_req_o.addr,output port,True,out,not assigned,False,[],,[],,0,False
tuning,neorv32_bus,neorv32_bus_io_switch,dev_27_req_o.amo,output port,True,out,not assigned,False,[],,[],,0,False
tuning,neorv32_bus,neorv32_bus_io_switch,dev_27_req_o.amoop,output port,True,out,not assigned,False,[],,[],,0,False
tuning,neorv32_bus,neorv32_bus_io_switch,dev_27_req_o.ben,output port,True,out,not assigned,False,[],,[],,0,False
tuning,neorv32_bus,neorv32_bus_io_switch,dev_27_req_o.data,output port,True,out,not assigned,False,[],,[],,0,False
tuning,neorv32_bus,neorv32_bus_io_switch,dev_27_req_o.debug,output port,True,out,not assigned,False,[],,[],,0,False
tuning,neorv32_bus,neorv32_bus_io_switch,dev_27_req_o.fence,output port,True,out,not assigned,False,[],,[],,0,False
tuning,neorv32_bus,neorv32_bus_io_switch,dev_27_req_o.lock,output port,True,out,not assigned,False,[],,[],,0,False
tuning,neorv32_bus,neorv32_bus_io_switch,dev_27_req_o.priv,output port,True,out,not assigned,False,[],,[],,0,False
tuning,neorv32_bus,neorv32_bus_io_switch,dev_27_req_o.rw,output port,True,out,not assigned,False,[],,[],,0,False
tuning,neorv32_bus,neorv32_bus_io_switch,dev_27_req_o.src,output port,True,out,not assigned,False,[],,[],,0,False
tuning,neorv32_bus,neorv32_bus_io_switch,dev_27_req_o.stb,output port,True,out,not assigned,False,[],,[],,0,False
tuning,neorv32_bus,neorv32_bus_io_switch,dev_27_rsp_i,input port,True,in,not assigned,True,[],,[],,0,False
tuning,neorv32_bus,neorv32_bus_io_switch,dev_27_rsp_i.ack,input port,True,in,not assigned,False,[],,[],,0,False
tuning,neorv32_bus,neorv32_bus_io_switch,dev_27_rsp_i.data,input port,True,in,not assigned,False,[],,[],,0,False
tuning,neorv32_bus,neorv32_bus_io_switch,dev_27_rsp_i.err,input port,True,in,not assigned,False,[],,[],,0,False
tuning,neorv32_bus,neorv32_bus_io_switch,dev_28_req_o,output port,True,out,none,True,[],,[],,0,False
tuning,neorv32_bus,neorv32_bus_io_switch,dev_28_req_o.addr,output port,True,out,not assigned,False,[],,[],,0,False
tuning,neorv32_bus,neorv32_bus_io_switch,dev_28_req_o.amo,output port,True,out,not assigned,False,[],,[],,0,False
tuning,neorv32_bus,neorv32_bus_io_switch,dev_28_req_o.amoop,output port,True,out,not assigned,False,[],,[],,0,False
tuning,neorv32_bus,neorv32_bus_io_switch,dev_28_req_o.ben,output port,True,out,not assigned,False,[],,[],,0,False
tuning,neorv32_bus,neorv32_bus_io_switch,dev_28_req_o.data,output port,True,out,not assigned,False,[],,[],,0,False
tuning,neorv32_bus,neorv32_bus_io_switch,dev_28_req_o.debug,output port,True,out,not assigned,False,[],,[],,0,False
tuning,neorv32_bus,neorv32_bus_io_switch,dev_28_req_o.fence,output port,True,out,not assigned,False,[],,[],,0,False
tuning,neorv32_bus,neorv32_bus_io_switch,dev_28_req_o.lock,output port,True,out,not assigned,False,[],,[],,0,False
tuning,neorv32_bus,neorv32_bus_io_switch,dev_28_req_o.priv,output port,True,out,not assigned,False,[],,[],,0,False
tuning,neorv32_bus,neorv32_bus_io_switch,dev_28_req_o.rw,output port,True,out,not assigned,False,[],,[],,0,False
tuning,neorv32_bus,neorv32_bus_io_switch,dev_28_req_o.src,output port,True,out,not assigned,False,[],,[],,0,False
tuning,neorv32_bus,neorv32_bus_io_switch,dev_28_req_o.stb,output port,True,out,not assigned,False,[],,[],,0,False
tuning,neorv32_bus,neorv32_bus_io_switch,dev_28_rsp_i,input port,True,in,not assigned,True,[],,[],,0,False
tuning,neorv32_bus,neorv32_bus_io_switch,dev_28_rsp_i.ack,input port,True,in,not assigned,False,[],,[],,0,False
tuning,neorv32_bus,neorv32_bus_io_switch,dev_28_rsp_i.data,input port,True,in,not assigned,False,[],,[],,0,False
tuning,neorv32_bus,neorv32_bus_io_switch,dev_28_rsp_i.err,input port,True,in,not assigned,False,[],,[],,0,False
tuning,neorv32_bus,neorv32_bus_io_switch,dev_29_req_o,output port,True,out,none,True,[],,[],,0,False
tuning,neorv32_bus,neorv32_bus_io_switch,dev_29_req_o.addr,output port,True,out,not assigned,False,[],,[],,0,False
tuning,neorv32_bus,neorv32_bus_io_switch,dev_29_req_o.amo,output port,True,out,not assigned,False,[],,[],,0,False
tuning,neorv32_bus,neorv32_bus_io_switch,dev_29_req_o.amoop,output port,True,out,not assigned,False,[],,[],,0,False
tuning,neorv32_bus,neorv32_bus_io_switch,dev_29_req_o.ben,output port,True,out,not assigned,False,[],,[],,0,False
tuning,neorv32_bus,neorv32_bus_io_switch,dev_29_req_o.data,output port,True,out,not assigned,False,[],,[],,0,False
tuning,neorv32_bus,neorv32_bus_io_switch,dev_29_req_o.debug,output port,True,out,not assigned,False,[],,[],,0,False
tuning,neorv32_bus,neorv32_bus_io_switch,dev_29_req_o.fence,output port,True,out,not assigned,False,[],,[],,0,False
tuning,neorv32_bus,neorv32_bus_io_switch,dev_29_req_o.lock,output port,True,out,not assigned,False,[],,[],,0,False
tuning,neorv32_bus,neorv32_bus_io_switch,dev_29_req_o.priv,output port,True,out,not assigned,False,[],,[],,0,False
tuning,neorv32_bus,neorv32_bus_io_switch,dev_29_req_o.rw,output port,True,out,not assigned,False,[],,[],,0,False
tuning,neorv32_bus,neorv32_bus_io_switch,dev_29_req_o.src,output port,True,out,not assigned,False,[],,[],,0,False
tuning,neorv32_bus,neorv32_bus_io_switch,dev_29_req_o.stb,output port,True,out,not assigned,False,[],,[],,0,False
tuning,neorv32_bus,neorv32_bus_io_switch,dev_29_rsp_i,input port,True,in,not assigned,True,[],,[],,0,False
tuning,neorv32_bus,neorv32_bus_io_switch,dev_29_rsp_i.ack,input port,True,in,not assigned,False,[],,[],,0,False
tuning,neorv32_bus,neorv32_bus_io_switch,dev_29_rsp_i.data,input port,True,in,not assigned,False,[],,[],,0,False
tuning,neorv32_bus,neorv32_bus_io_switch,dev_29_rsp_i.err,input port,True,in,not assigned,False,[],,[],,0,False
tuning,neorv32_bus,neorv32_bus_io_switch,dev_30_req_o,output port,True,out,none,True,[],,[],,0,False
tuning,neorv32_bus,neorv32_bus_io_switch,dev_30_req_o.addr,output port,True,out,not assigned,False,[],,[],,0,False
tuning,neorv32_bus,neorv32_bus_io_switch,dev_30_req_o.amo,output port,True,out,not assigned,False,[],,[],,0,False
tuning,neorv32_bus,neorv32_bus_io_switch,dev_30_req_o.amoop,output port,True,out,not assigned,False,[],,[],,0,False
tuning,neorv32_bus,neorv32_bus_io_switch,dev_30_req_o.ben,output port,True,out,not assigned,False,[],,[],,0,False
tuning,neorv32_bus,neorv32_bus_io_switch,dev_30_req_o.data,output port,True,out,not assigned,False,[],,[],,0,False
tuning,neorv32_bus,neorv32_bus_io_switch,dev_30_req_o.debug,output port,True,out,not assigned,False,[],,[],,0,False
tuning,neorv32_bus,neorv32_bus_io_switch,dev_30_req_o.fence,output port,True,out,not assigned,False,[],,[],,0,False
tuning,neorv32_bus,neorv32_bus_io_switch,dev_30_req_o.lock,output port,True,out,not assigned,False,[],,[],,0,False
tuning,neorv32_bus,neorv32_bus_io_switch,dev_30_req_o.priv,output port,True,out,not assigned,False,[],,[],,0,False
tuning,neorv32_bus,neorv32_bus_io_switch,dev_30_req_o.rw,output port,True,out,not assigned,False,[],,[],,0,False
tuning,neorv32_bus,neorv32_bus_io_switch,dev_30_req_o.src,output port,True,out,not assigned,False,[],,[],,0,False
tuning,neorv32_bus,neorv32_bus_io_switch,dev_30_req_o.stb,output port,True,out,not assigned,False,[],,[],,0,False
tuning,neorv32_bus,neorv32_bus_io_switch,dev_30_rsp_i,input port,True,in,not assigned,True,[],,[],,0,False
tuning,neorv32_bus,neorv32_bus_io_switch,dev_30_rsp_i.ack,input port,True,in,not assigned,False,[],,[],,0,False
tuning,neorv32_bus,neorv32_bus_io_switch,dev_30_rsp_i.data,input port,True,in,not assigned,False,[],,[],,0,False
tuning,neorv32_bus,neorv32_bus_io_switch,dev_30_rsp_i.err,input port,True,in,not assigned,False,[],,[],,0,False
tuning,neorv32_bus,neorv32_bus_io_switch,dev_31_req_o,output port,True,out,none,True,[],,[],,0,False
tuning,neorv32_bus,neorv32_bus_io_switch,dev_31_req_o.addr,output port,True,out,not assigned,False,[],,[],,0,False
tuning,neorv32_bus,neorv32_bus_io_switch,dev_31_req_o.amo,output port,True,out,not assigned,False,[],,[],,0,False
tuning,neorv32_bus,neorv32_bus_io_switch,dev_31_req_o.amoop,output port,True,out,not assigned,False,[],,[],,0,False
tuning,neorv32_bus,neorv32_bus_io_switch,dev_31_req_o.ben,output port,True,out,not assigned,False,[],,[],,0,False
tuning,neorv32_bus,neorv32_bus_io_switch,dev_31_req_o.data,output port,True,out,not assigned,False,[],,[],,0,False
tuning,neorv32_bus,neorv32_bus_io_switch,dev_31_req_o.debug,output port,True,out,not assigned,False,[],,[],,0,False
tuning,neorv32_bus,neorv32_bus_io_switch,dev_31_req_o.fence,output port,True,out,not assigned,False,[],,[],,0,False
tuning,neorv32_bus,neorv32_bus_io_switch,dev_31_req_o.lock,output port,True,out,not assigned,False,[],,[],,0,False
tuning,neorv32_bus,neorv32_bus_io_switch,dev_31_req_o.priv,output port,True,out,not assigned,False,[],,[],,0,False
tuning,neorv32_bus,neorv32_bus_io_switch,dev_31_req_o.rw,output port,True,out,not assigned,False,[],,[],,0,False
tuning,neorv32_bus,neorv32_bus_io_switch,dev_31_req_o.src,output port,True,out,not assigned,False,[],,[],,0,False
tuning,neorv32_bus,neorv32_bus_io_switch,dev_31_req_o.stb,output port,True,out,not assigned,False,[],,[],,0,False
tuning,neorv32_bus,neorv32_bus_io_switch,dev_31_rsp_i,input port,True,in,not assigned,True,[],,[],,0,False
tuning,neorv32_bus,neorv32_bus_io_switch,dev_31_rsp_i.ack,input port,True,in,not assigned,False,[],,[],,0,False
tuning,neorv32_bus,neorv32_bus_io_switch,dev_31_rsp_i.data,input port,True,in,not assigned,False,[],,[],,0,False
tuning,neorv32_bus,neorv32_bus_io_switch,dev_31_rsp_i.err,input port,True,in,not assigned,False,[],,[],,0,False
tuning,neorv32_bus,neorv32_bus_io_switch,dev_req,combinational data,False,,none,False,[],,[],,0,False
tuning,neorv32_bus,neorv32_bus_io_switch,dev_rsp,combinational data,False,,none,False,[],,[],,0,False
tuning,neorv32_bus,neorv32_bus_io_switch,main_req,not assigned here,False,,not assigned,True,[],,[],,0,False
tuning,neorv32_bus,neorv32_bus_io_switch,main_req.addr,not assigned here,False,,not assigned,False,[],,[],,1,False
tuning,neorv32_bus,neorv32_bus_io_switch,main_req.amo,not assigned here,False,,not assigned,False,[],,[],,0,False
tuning,neorv32_bus,neorv32_bus_io_switch,main_req.amoop,not assigned here,False,,not assigned,False,[],,[],,0,False
tuning,neorv32_bus,neorv32_bus_io_switch,main_req.ben,not assigned here,False,,not assigned,False,[],,[],,0,False
tuning,neorv32_bus,neorv32_bus_io_switch,main_req.data,not assigned here,False,,not assigned,False,[],,[],,0,False
tuning,neorv32_bus,neorv32_bus_io_switch,main_req.debug,not assigned here,False,,not assigned,False,[],,[],,0,False
tuning,neorv32_bus,neorv32_bus_io_switch,main_req.fence,not assigned here,False,,not assigned,False,[],,[],,0,False
tuning,neorv32_bus,neorv32_bus_io_switch,main_req.lock,not assigned here,False,,not assigned,False,[],,[],,0,False
tuning,neorv32_bus,neorv32_bus_io_switch,main_req.priv,not assigned here,False,,not assigned,False,[],,[],,0,False
tuning,neorv32_bus,neorv32_bus_io_switch,main_req.rw,not assigned here,False,,not assigned,False,[],,[],,0,False
tuning,neorv32_bus,neorv32_bus_io_switch,main_req.src,not assigned here,False,,not assigned,False,[],,[],,0,False
tuning,neorv32_bus,neorv32_bus_io_switch,main_req.stb,not assigned here,False,,not assigned,False,[],,[],,0,False
tuning,neorv32_bus,neorv32_bus_io_switch,main_req_i,input port,True,in,not assigned,True,[],,[],,0,False
tuning,neorv32_bus,neorv32_bus_io_switch,main_req_i.addr,input port,True,in,not assigned,False,[],,[],,0,False
tuning,neorv32_bus,neorv32_bus_io_switch,main_req_i.amo,input port,True,in,not assigned,False,[],,[],,0,False
tuning,neorv32_bus,neorv32_bus_io_switch,main_req_i.amoop,input port,True,in,not assigned,False,[],,[],,0,False
tuning,neorv32_bus,neorv32_bus_io_switch,main_req_i.ben,input port,True,in,not assigned,False,[],,[],,0,False
tuning,neorv32_bus,neorv32_bus_io_switch,main_req_i.data,input port,True,in,not assigned,False,[],,[],,0,False
tuning,neorv32_bus,neorv32_bus_io_switch,main_req_i.debug,input port,True,in,not assigned,False,[],,[],,0,False
tuning,neorv32_bus,neorv32_bus_io_switch,main_req_i.fence,input port,True,in,not assigned,False,[],,[],,0,False
tuning,neorv32_bus,neorv32_bus_io_switch,main_req_i.lock,input port,True,in,not assigned,False,[],,[],,0,False
tuning,neorv32_bus,neorv32_bus_io_switch,main_req_i.priv,input port,True,in,not assigned,False,[],,[],,0,False
tuning,neorv32_bus,neorv32_bus_io_switch,main_req_i.rw,input port,True,in,not assigned,False,[],,[],,0,False
tuning,neorv32_bus,neorv32_bus_io_switch,main_req_i.src,input port,True,in,not assigned,False,[],,[],,0,False
tuning,neorv32_bus,neorv32_bus_io_switch,main_req_i.stb,input port,True,in,not assigned,False,[],,[],,0,False
tuning,neorv32_bus,neorv32_bus_io_switch,main_rsp,not assigned here,False,,none,True,[],,[],,0,False
tuning,neorv32_bus,neorv32_bus_io_switch,main_rsp.ack,not assigned here,False,,not assigned,False,[],,[],,0,False
tuning,neorv32_bus,neorv32_bus_io_switch,main_rsp.data,not assigned here,False,,not assigned,False,[],,[],,0,False
tuning,neorv32_bus,neorv32_bus_io_switch,main_rsp.err,not assigned here,False,,not assigned,False,[],,[],,0,False
tuning,neorv32_bus,neorv32_bus_io_switch,main_rsp_o,output port,True,out,not assigned,True,[],,[],,0,False
tuning,neorv32_bus,neorv32_bus_io_switch,main_rsp_o.ack,output port,True,out,not assigned,False,[],,[],,0,False
tuning,neorv32_bus,neorv32_bus_io_switch,main_rsp_o.data,output port,True,out,not assigned,False,[],,[],,0,False
tuning,neorv32_bus,neorv32_bus_io_switch,main_rsp_o.err,output port,True,out,not assigned,False,[],,[],,0,False
tuning,neorv32_bus,neorv32_bus_io_switch,rstn_i,input port,True,in,not assigned,False,[],,[],,0,False
tuning,neorv32_bus,neorv32_bus_reg,clk_i,input port,True,in,not assigned,False,[],,[],,0,False
tuning,neorv32_bus,neorv32_bus_reg,device_req_o,output port,True,out,mixed,True,[],,[],,0,False
tuning,neorv32_bus,neorv32_bus_reg,device_req_o.addr,output port,True,out,mixed,False,[],,[],,0,False
tuning,neorv32_bus,neorv32_bus_reg,device_req_o.amo,output port,True,out,mixed,False,[],,[],,0,False
tuning,neorv32_bus,neorv32_bus_reg,device_req_o.amoop,output port,True,out,mixed,False,[],,[],,0,False
tuning,neorv32_bus,neorv32_bus_reg,device_req_o.ben,output port,True,out,mixed,False,[],,[],,0,False
tuning,neorv32_bus,neorv32_bus_reg,device_req_o.data,output port,True,out,mixed,False,[],,[],,0,False
tuning,neorv32_bus,neorv32_bus_reg,device_req_o.debug,output port,True,out,mixed,False,[],,[],,0,False
tuning,neorv32_bus,neorv32_bus_reg,device_req_o.fence,output port,True,out,edge,False,[],,[],,0,False
tuning,neorv32_bus,neorv32_bus_reg,device_req_o.lock,output port,True,out,edge,False,[],,[],,0,False
tuning,neorv32_bus,neorv32_bus_reg,device_req_o.priv,output port,True,out,mixed,False,[],,[],,0,False
tuning,neorv32_bus,neorv32_bus_reg,device_req_o.rw,output port,True,out,mixed,False,[],,[],,0,False
tuning,neorv32_bus,neorv32_bus_reg,device_req_o.src,output port,True,out,mixed,False,[],,[],,0,False
tuning,neorv32_bus,neorv32_bus_reg,device_req_o.stb,output port,True,out,edge,False,[],,[],,0,False
tuning,neorv32_bus,neorv32_bus_reg,device_rsp_i,input port,True,in,not assigned,True,[],,[],,0,False
tuning,neorv32_bus,neorv32_bus_reg,device_rsp_i.ack,input port,True,in,not assigned,False,[],,[],,0,False
tuning,neorv32_bus,neorv32_bus_reg,device_rsp_i.data,input port,True,in,not assigned,False,[],,[],,0,False
tuning,neorv32_bus,neorv32_bus_reg,device_rsp_i.err,input port,True,in,not assigned,False,[],,[],,0,False
tuning,neorv32_bus,neorv32_bus_reg,host_req_i,input port,True,in,not assigned,True,[],,[],,0,False
tuning,neorv32_bus,neorv32_bus_reg,host_req_i.addr,input port,True,in,not assigned,False,[],,[],,0,False
tuning,neorv32_bus,neorv32_bus_reg,host_req_i.amo,input port,True,in,not assigned,False,[],,[],,0,False
tuning,neorv32_bus,neorv32_bus_reg,host_req_i.amoop,input port,True,in,not assigned,False,[],,[],,0,False
tuning,neorv32_bus,neorv32_bus_reg,host_req_i.ben,input port,True,in,not assigned,False,[],,[],,0,False
tuning,neorv32_bus,neorv32_bus_reg,host_req_i.data,input port,True,in,not assigned,False,[],,[],,0,False
tuning,neorv32_bus,neorv32_bus_reg,host_req_i.debug,input port,True,in,not assigned,False,[],,[],,0,False
tuning,neorv32_bus,neorv32_bus_reg,host_req_i.fence,input port,True,in,not assigned,False,[],,[],,0,False
tuning,neorv32_bus,neorv32_bus_reg,host_req_i.lock,input port,True,in,not assigned,False,[],,[],,0,False
tuning,neorv32_bus,neorv32_bus_reg,host_req_i.priv,input port,True,in,not assigned,False,[],,[],,0,False
tuning,neorv32_bus,neorv32_bus_reg,host_req_i.rw,input port,True,in,not assigned,False,[],,[],,0,False
tuning,neorv32_bus,neorv32_bus_reg,host_req_i.src,input port,True,in,not assigned,False,[],,[],,0,False
tuning,neorv32_bus,neorv32_bus_reg,host_req_i.stb,input port,True,in,not assigned,False,[],,[],,1,False
tuning,neorv32_bus,neorv32_bus_reg,host_rsp_o,output port,True,out,mixed,True,[],,[],,0,False
tuning,neorv32_bus,neorv32_bus_reg,host_rsp_o.ack,output port,True,out,mixed,False,[],,[],,0,False
tuning,neorv32_bus,neorv32_bus_reg,host_rsp_o.data,output port,True,out,mixed,False,[],,[],,0,False
tuning,neorv32_bus,neorv32_bus_reg,host_rsp_o.err,output port,True,out,mixed,False,[],,[],,0,False
tuning,neorv32_bus,neorv32_bus_reg,rstn_i,input port,True,in,not assigned,False,[],,[],,0,False
tuning,neorv32_bus,neorv32_bus_switch,a_req,input-written register,False,,edge,False,['a_req_i.stb'],False,[],True,3,False
tuning,neorv32_bus,neorv32_bus_switch,a_req_i,input port,True,in,not assigned,True,[],,[],,0,False
tuning,neorv32_bus,neorv32_bus_switch,a_req_i.addr,input port,True,in,not assigned,False,[],,[],,0,False
tuning,neorv32_bus,neorv32_bus_switch,a_req_i.amo,input port,True,in,not assigned,False,[],,[],,0,False
tuning,neorv32_bus,neorv32_bus_switch,a_req_i.amoop,input port,True,in,not assigned,False,[],,[],,0,False
tuning,neorv32_bus,neorv32_bus_switch,a_req_i.ben,input port,True,in,not assigned,False,[],,[],,0,False
tuning,neorv32_bus,neorv32_bus_switch,a_req_i.data,input port,True,in,not assigned,False,[],,[],,0,False
tuning,neorv32_bus,neorv32_bus_switch,a_req_i.debug,input port,True,in,not assigned,False,[],,[],,0,False
tuning,neorv32_bus,neorv32_bus_switch,a_req_i.fence,input port,True,in,not assigned,False,[],,[],,0,False
tuning,neorv32_bus,neorv32_bus_switch,a_req_i.lock,input port,True,in,not assigned,False,[],,[],,1,False
tuning,neorv32_bus,neorv32_bus_switch,a_req_i.priv,input port,True,in,not assigned,False,[],,[],,0,False
tuning,neorv32_bus,neorv32_bus_switch,a_req_i.rw,input port,True,in,not assigned,False,[],,[],,0,False
tuning,neorv32_bus,neorv32_bus_switch,a_req_i.src,input port,True,in,not assigned,False,[],,[],,0,False
tuning,neorv32_bus,neorv32_bus_switch,a_req_i.stb,input port,True,in,not assigned,False,[],,[],,3,False
tuning,neorv32_bus,neorv32_bus_switch,a_rsp_o,output port,True,out,not assigned,True,[],,[],,0,False
tuning,neorv32_bus,neorv32_bus_switch,a_rsp_o.ack,output port,True,out,none,False,[],,[],,0,False
tuning,neorv32_bus,neorv32_bus_switch,a_rsp_o.data,output port,True,out,none,False,[],,[],,0,False
tuning,neorv32_bus,neorv32_bus_switch,a_rsp_o.err,output port,True,out,none,False,[],,[],,0,False
tuning,neorv32_bus,neorv32_bus_switch,b_req,input-written register,False,,edge,False,['b_req_i.stb'],False,[],True,3,False
tuning,neorv32_bus,neorv32_bus_switch,b_req_i,input port,True,in,not assigned,True,[],,[],,0,False
tuning,neorv32_bus,neorv32_bus_switch,b_req_i.addr,input port,True,in,not assigned,False,[],,[],,0,False
tuning,neorv32_bus,neorv32_bus_switch,b_req_i.amo,input port,True,in,not assigned,False,[],,[],,0,False
tuning,neorv32_bus,neorv32_bus_switch,b_req_i.amoop,input port,True,in,not assigned,False,[],,[],,0,False
tuning,neorv32_bus,neorv32_bus_switch,b_req_i.ben,input port,True,in,not assigned,False,[],,[],,0,False
tuning,neorv32_bus,neorv32_bus_switch,b_req_i.data,input port,True,in,not assigned,False,[],,[],,0,False
tuning,neorv32_bus,neorv32_bus_switch,b_req_i.debug,input port,True,in,not assigned,False,[],,[],,0,False
tuning,neorv32_bus,neorv32_bus_switch,b_req_i.fence,input port,True,in,not assigned,False,[],,[],,0,False
tuning,neorv32_bus,neorv32_bus_switch,b_req_i.lock,input port,True,in,not assigned,False,[],,[],,1,False
tuning,neorv32_bus,neorv32_bus_switch,b_req_i.priv,input port,True,in,not assigned,False,[],,[],,0,False
tuning,neorv32_bus,neorv32_bus_switch,b_req_i.rw,input port,True,in,not assigned,False,[],,[],,0,False
tuning,neorv32_bus,neorv32_bus_switch,b_req_i.src,input port,True,in,not assigned,False,[],,[],,0,False
tuning,neorv32_bus,neorv32_bus_switch,b_req_i.stb,input port,True,in,not assigned,False,[],,[],,3,False
tuning,neorv32_bus,neorv32_bus_switch,b_rsp_o,output port,True,out,not assigned,True,[],,[],,0,False
tuning,neorv32_bus,neorv32_bus_switch,b_rsp_o.ack,output port,True,out,none,False,[],,[],,0,False
tuning,neorv32_bus,neorv32_bus_switch,b_rsp_o.data,output port,True,out,none,False,[],,[],,0,False
tuning,neorv32_bus,neorv32_bus_switch,b_rsp_o.err,output port,True,out,none,False,[],,[],,0,False
tuning,neorv32_bus,neorv32_bus_switch,clk_i,input port,True,in,not assigned,False,[],,[],,0,False
tuning,neorv32_bus,neorv32_bus_switch,locked,internal state register,False,,edge,False,[],,[],True,2,False
tuning,neorv32_bus,neorv32_bus_switch,locked_nxt,combinational data,False,,none,False,[],,[],,0,False
tuning,neorv32_bus,neorv32_bus_switch,rstn_i,input port,True,in,not assigned,False,[],,[],,0,False
tuning,neorv32_bus,neorv32_bus_switch,sel,combinational decision,False,,none,False,[],,[],,14,False
tuning,neorv32_bus,neorv32_bus_switch,sel_q,internal state register,False,,edge,False,[],,[],True,3,False
tuning,neorv32_bus,neorv32_bus_switch,state,internal state register,False,,edge,False,[],,[],True,6,True
tuning,neorv32_bus,neorv32_bus_switch,state_nxt,combinational data,False,,none,False,[],,[],,0,False
tuning,neorv32_bus,neorv32_bus_switch,stb,combinational data,False,,none,False,[],,[],,0,False
tuning,neorv32_bus,neorv32_bus_switch,x_req_o,output port,True,out,not assigned,True,[],,[],,0,False
tuning,neorv32_bus,neorv32_bus_switch,x_req_o.addr,output port,True,out,none,False,[],,[],,0,False
tuning,neorv32_bus,neorv32_bus_switch,x_req_o.amo,output port,True,out,none,False,[],,[],,0,False
tuning,neorv32_bus,neorv32_bus_switch,x_req_o.amoop,output port,True,out,none,False,[],,[],,0,False
tuning,neorv32_bus,neorv32_bus_switch,x_req_o.ben,output port,True,out,none,False,[],,[],,0,False
tuning,neorv32_bus,neorv32_bus_switch,x_req_o.data,output port,True,out,none,False,[],,[],,0,False
tuning,neorv32_bus,neorv32_bus_switch,x_req_o.debug,output port,True,out,none,False,[],,[],,0,False
tuning,neorv32_bus,neorv32_bus_switch,x_req_o.fence,output port,True,out,none,False,[],,[],,0,False
tuning,neorv32_bus,neorv32_bus_switch,x_req_o.lock,output port,True,out,none,False,[],,[],,0,False
tuning,neorv32_bus,neorv32_bus_switch,x_req_o.priv,output port,True,out,none,False,[],,[],,0,False
tuning,neorv32_bus,neorv32_bus_switch,x_req_o.rw,output port,True,out,none,False,[],,[],,0,False
tuning,neorv32_bus,neorv32_bus_switch,x_req_o.src,output port,True,out,none,False,[],,[],,0,False
tuning,neorv32_bus,neorv32_bus_switch,x_req_o.stb,output port,True,out,none,False,[],,[],,0,False
tuning,neorv32_bus,neorv32_bus_switch,x_rsp_i,input port,True,in,not assigned,True,[],,[],,0,False
tuning,neorv32_bus,neorv32_bus_switch,x_rsp_i.ack,input port,True,in,not assigned,False,[],,[],,1,False
tuning,neorv32_bus,neorv32_bus_switch,x_rsp_i.data,input port,True,in,not assigned,False,[],,[],,0,False
tuning,neorv32_bus,neorv32_bus_switch,x_rsp_i.err,input port,True,in,not assigned,False,[],,[],,0,False
tuning,neorv32_cache,neorv32_cache,bus_req_o,output port,True,out,none,True,[],,[],,0,False
tuning,neorv32_cache,neorv32_cache,bus_req_o.addr,output port,True,out,none,False,[],,[],,0,False
tuning,neorv32_cache,neorv32_cache,bus_req_o.amo,output port,True,out,not assigned,False,[],,[],,0,False
tuning,neorv32_cache,neorv32_cache,bus_req_o.amoop,output port,True,out,not assigned,False,[],,[],,0,False
tuning,neorv32_cache,neorv32_cache,bus_req_o.ben,output port,True,out,not assigned,False,[],,[],,0,False
tuning,neorv32_cache,neorv32_cache,bus_req_o.data,output port,True,out,not assigned,False,[],,[],,0,False
tuning,neorv32_cache,neorv32_cache,bus_req_o.debug,output port,True,out,not assigned,False,[],,[],,0,False
tuning,neorv32_cache,neorv32_cache,bus_req_o.fence,output port,True,out,none,False,[],,[],,0,False
tuning,neorv32_cache,neorv32_cache,bus_req_o.lock,output port,True,out,none,False,[],,[],,0,False
tuning,neorv32_cache,neorv32_cache,bus_req_o.priv,output port,True,out,not assigned,False,[],,[],,0,False
tuning,neorv32_cache,neorv32_cache,bus_req_o.rw,output port,True,out,none,False,[],,[],,0,False
tuning,neorv32_cache,neorv32_cache,bus_req_o.src,output port,True,out,not assigned,False,[],,[],,0,False
tuning,neorv32_cache,neorv32_cache,bus_req_o.stb,output port,True,out,none,False,[],,[],,0,False
tuning,neorv32_cache,neorv32_cache,bus_rsp_i,input port,True,in,not assigned,True,[],,[],,0,False
tuning,neorv32_cache,neorv32_cache,bus_rsp_i.ack,input port,True,in,not assigned,False,[],,[],,2,False
tuning,neorv32_cache,neorv32_cache,bus_rsp_i.data,input port,True,in,not assigned,False,[],,[],,0,False
tuning,neorv32_cache,neorv32_cache,bus_rsp_i.err,input port,True,in,not assigned,False,[],,[],,0,False
tuning,neorv32_cache,neorv32_cache,cache_i,sub-unit interface,False,,not assigned,True,[],,[],,0,False
tuning,neorv32_cache,neorv32_cache,cache_i.data,sub-unit interface,False,,not assigned,False,[],,[],,0,False
tuning,neorv32_cache,neorv32_cache,cache_i.sta_hit,sub-unit interface,False,,not assigned,False,[],,[],,4,False
tuning,neorv32_cache,neorv32_cache,cache_o,sub-unit interface,False,,not assigned,True,[],,[],,0,False
tuning,neorv32_cache,neorv32_cache,cache_o.addr,sub-unit interface,False,,none,False,[],,[],,0,False
tuning,neorv32_cache,neorv32_cache,cache_o.cmd_clr,sub-unit interface,False,,none,False,[],,[],,0,False
tuning,neorv32_cache,neorv32_cache,cache_o.cmd_inv,sub-unit interface,False,,none,False,[],,[],,0,False
tuning,neorv32_cache,neorv32_cache,cache_o.cmd_new,sub-unit interface,False,,none,False,[],,[],,0,False
tuning,neorv32_cache,neorv32_cache,cache_o.data,sub-unit interface,False,,none,False,[],,[],,0,False
tuning,neorv32_cache,neorv32_cache,cache_o.we,sub-unit interface,False,,none,False,[],,[],,0,False
tuning,neorv32_cache,neorv32_cache,clk_i,input port,True,in,not assigned,False,[],,[],,0,False
tuning,neorv32_cache,neorv32_cache,ctrl,exported state register,False,,edge,True,[],,[],,0,False
tuning,neorv32_cache,neorv32_cache,ctrl.buf_dir,internal state register,False,,edge,False,[],,[],True,4,False
tuning,neorv32_cache,neorv32_cache,ctrl.buf_err,internal state register,False,,edge,False,[],,[],True,4,False
tuning,neorv32_cache,neorv32_cache,ctrl.buf_req,internal state register,False,,edge,False,[],,[],True,2,False
tuning,neorv32_cache,neorv32_cache,ctrl.buf_sync,internal state register,False,,edge,False,[],,[],True,2,False
tuning,neorv32_cache,neorv32_cache,ctrl.idx,exported state register,False,,edge,False,[],,['bus_req_o.addr'],True,0,False
tuning,neorv32_cache,neorv32_cache,ctrl.ofs,exported state register,False,,edge,False,[],,['bus_req_o.addr'],True,1,False
tuning,neorv32_cache,neorv32_cache,ctrl.state,internal state register,False,,edge,False,[],,[],True,22,False
tuning,neorv32_cache,neorv32_cache,ctrl.tag,exported state register,False,,edge,False,[],,['bus_req_o.addr'],True,0,False
tuning,neorv32_cache,neorv32_cache,ctrl_nxt,combinational data,False,,not assigned,True,[],,[],,0,False
tuning,neorv32_cache,neorv32_cache,ctrl_nxt.buf_dir,combinational data,False,,none,False,[],,[],,0,False
tuning,neorv32_cache,neorv32_cache,ctrl_nxt.buf_err,combinational data,False,,none,False,[],,[],,0,False
tuning,neorv32_cache,neorv32_cache,ctrl_nxt.buf_req,combinational data,False,,none,False,[],,[],,0,False
tuning,neorv32_cache,neorv32_cache,ctrl_nxt.buf_sync,combinational data,False,,none,False,[],,[],,0,False
tuning,neorv32_cache,neorv32_cache,ctrl_nxt.idx,combinational data,False,,none,False,[],,[],,0,False
tuning,neorv32_cache,neorv32_cache,ctrl_nxt.ofs,combinational data,False,,none,False,[],,[],,0,False
tuning,neorv32_cache,neorv32_cache,ctrl_nxt.state,combinational data,False,,none,False,[],,[],,0,False
tuning,neorv32_cache,neorv32_cache,ctrl_nxt.tag,combinational data,False,,none,False,[],,[],,0,False
tuning,neorv32_cache,neorv32_cache,host_req_i,input port,True,in,not assigned,True,[],,[],,0,False
tuning,neorv32_cache,neorv32_cache,host_req_i.addr,input port,True,in,not assigned,False,[],,[],,1,False
tuning,neorv32_cache,neorv32_cache,host_req_i.amo,input port,True,in,not assigned,False,[],,[],,1,False
tuning,neorv32_cache,neorv32_cache,host_req_i.amoop,input port,True,in,not assigned,False,[],,[],,0,False
tuning,neorv32_cache,neorv32_cache,host_req_i.ben,input port,True,in,not assigned,False,[],,[],,0,False
tuning,neorv32_cache,neorv32_cache,host_req_i.data,input port,True,in,not assigned,False,[],,[],,0,False
tuning,neorv32_cache,neorv32_cache,host_req_i.debug,input port,True,in,not assigned,False,[],,[],,1,False
tuning,neorv32_cache,neorv32_cache,host_req_i.fence,input port,True,in,not assigned,False,[],,[],,2,False
tuning,neorv32_cache,neorv32_cache,host_req_i.lock,input port,True,in,not assigned,False,[],,[],,0,False
tuning,neorv32_cache,neorv32_cache,host_req_i.priv,input port,True,in,not assigned,False,[],,[],,0,False
tuning,neorv32_cache,neorv32_cache,host_req_i.rw,input port,True,in,not assigned,False,[],,[],,4,False
tuning,neorv32_cache,neorv32_cache,host_req_i.src,input port,True,in,not assigned,False,[],,[],,0,False
tuning,neorv32_cache,neorv32_cache,host_req_i.stb,input port,True,in,not assigned,False,[],,[],,2,False
tuning,neorv32_cache,neorv32_cache,host_rsp_o,output port,True,out,none,True,[],,[],,0,False
tuning,neorv32_cache,neorv32_cache,host_rsp_o.ack,output port,True,out,none,False,[],,[],,0,False
tuning,neorv32_cache,neorv32_cache,host_rsp_o.data,output port,True,out,none,False,[],,[],,0,False
tuning,neorv32_cache,neorv32_cache,host_rsp_o.err,output port,True,out,none,False,[],,[],,0,False
tuning,neorv32_cache,neorv32_cache,rstn_i,input port,True,in,not assigned,False,[],,[],,0,False
tuning,neorv32_cache,neorv32_cache_memory,acc_adr,combinational decision,False,,none,False,[],,[],,5,False
tuning,neorv32_cache,neorv32_cache_memory,acc_idx,combinational decision,False,,none,False,[],,[],,4,False
tuning,neorv32_cache,neorv32_cache_memory,acc_off,combinational data,False,,none,False,[],,[],,0,False
tuning,neorv32_cache,neorv32_cache_memory,acc_tag,combinational decision,False,,none,False,[],,[],,0,False
tuning,neorv32_cache,neorv32_cache_memory,addr_i,input port,True,in,not assigned,False,[],,[],,0,False
tuning,neorv32_cache,neorv32_cache_memory,clk_i,input port,True,in,not assigned,False,[],,[],,0,False
tuning,neorv32_cache,neorv32_cache_memory,clr_i,input port,True,in,not assigned,False,[],,[],,1,False
tuning,neorv32_cache,neorv32_cache_memory,data_mem_b0,input-written register,False,,edge,False,['wdata_i'],True,['rdata_o'],False,0,False
tuning,neorv32_cache,neorv32_cache_memory,data_mem_b1,input-written register,False,,edge,False,['wdata_i'],True,['rdata_o'],False,0,False
tuning,neorv32_cache,neorv32_cache_memory,data_mem_b2,input-written register,False,,edge,False,['wdata_i'],True,['rdata_o'],False,0,False
tuning,neorv32_cache,neorv32_cache_memory,data_mem_b3,input-written register,False,,edge,False,['wdata_i'],True,['rdata_o'],False,0,False
tuning,neorv32_cache,neorv32_cache_memory,hit_o,output port,True,out,none,False,[],,[],,0,False
tuning,neorv32_cache,neorv32_cache_memory,inv_i,input port,True,in,not assigned,False,[],,[],,1,False
tuning,neorv32_cache,neorv32_cache_memory,new_i,input port,True,in,not assigned,False,[],,[],,2,False
tuning,neorv32_cache,neorv32_cache_memory,rdata_o,output port,True,out,edge,False,[],,[],,0,False
tuning,neorv32_cache,neorv32_cache_memory,rstn_i,input port,True,in,not assigned,False,[],,[],,0,False
tuning,neorv32_cache,neorv32_cache_memory,tag_mem,internal state register,False,,edge,False,[],,[],False,0,False
tuning,neorv32_cache,neorv32_cache_memory,tag_mem_rd,internal state register,False,,edge,False,[],,[],False,0,False
tuning,neorv32_cache,neorv32_cache_memory,valid_mem,internal state register,False,,edge,False,[],,[],True,0,False
tuning,neorv32_cache,neorv32_cache_memory,valid_mem_rd,internal state register,False,,edge,False,[],,[],True,1,False
tuning,neorv32_cache,neorv32_cache_memory,wdata_i,input port,True,in,not assigned,False,[],,[],,0,False
tuning,neorv32_cache,neorv32_cache_memory,we_i,input port,True,in,not assigned,False,[],,[],,4,True
tuning,neorv32_cpu,neorv32_cpu,alu_add,sub-unit interface,False,,not assigned,False,[],,[],,0,False
tuning,neorv32_cpu,neorv32_cpu,alu_cmp,sub-unit interface,False,,not assigned,False,[],,[],,0,False
tuning,neorv32_cpu,neorv32_cpu,alu_cp_done,sub-unit interface,False,,not assigned,False,[],,[],,0,False
tuning,neorv32_cpu,neorv32_cpu,alu_res,sub-unit interface,False,,not assigned,False,[],,[],,0,False
tuning,neorv32_cpu,neorv32_cpu,clk_i,input port,True,in,not assigned,False,[],,[],,0,False
tuning,neorv32_cpu,neorv32_cpu,csr_rdata,sub-unit interface,False,,not assigned,False,[],,[],,0,False
tuning,neorv32_cpu,neorv32_cpu,ctrl,sub-unit interface,False,,not assigned,True,[],,[],,0,False
tuning,neorv32_cpu,neorv32_cpu,ctrl.alu_cp_alu,not assigned here,False,,not assigned,False,[],,[],,0,False
tuning,neorv32_cpu,neorv32_cpu,ctrl.alu_cp_cfu,not assigned here,False,,not assigned,False,[],,[],,0,False
tuning,neorv32_cpu,neorv32_cpu,ctrl.alu_cp_fpu,not assigned here,False,,not assigned,False,[],,[],,0,False
tuning,neorv32_cpu,neorv32_cpu,ctrl.alu_imm,not assigned here,False,,not assigned,False,[],,[],,0,False
tuning,neorv32_cpu,neorv32_cpu,ctrl.alu_op,not assigned here,False,,not assigned,False,[],,[],,0,False
tuning,neorv32_cpu,neorv32_cpu,ctrl.alu_opa_mux,not assigned here,False,,not assigned,False,[],,[],,0,False
tuning,neorv32_cpu,neorv32_cpu,ctrl.alu_opb_mux,not assigned here,False,,not assigned,False,[],,[],,0,False
tuning,neorv32_cpu,neorv32_cpu,ctrl.alu_sub,not assigned here,False,,not assigned,False,[],,[],,0,False
tuning,neorv32_cpu,neorv32_cpu,ctrl.alu_unsigned,not assigned here,False,,not assigned,False,[],,[],,0,False
tuning,neorv32_cpu,neorv32_cpu,ctrl.cnt_event,not assigned here,False,,not assigned,False,[],,[],,0,False
tuning,neorv32_cpu,neorv32_cpu,ctrl.cnt_halt,not assigned here,False,,not assigned,False,[],,[],,0,False
tuning,neorv32_cpu,neorv32_cpu,ctrl.cpu_debug,not assigned here,False,,not assigned,False,[],,[],,0,False
tuning,neorv32_cpu,neorv32_cpu,ctrl.cpu_priv,not assigned here,False,,not assigned,False,[],,[],,0,False
tuning,neorv32_cpu,neorv32_cpu,ctrl.cpu_sleep,not assigned here,False,,not assigned,False,[],,[],,0,False
tuning,neorv32_cpu,neorv32_cpu,ctrl.cpu_trap,not assigned here,False,,not assigned,False,[],,[],,0,False
tuning,neorv32_cpu,neorv32_cpu,ctrl.csr_addr,sub-unit interface,False,,not assigned,False,[],,[],,0,False
tuning,neorv32_cpu,neorv32_cpu,ctrl.csr_re,sub-unit interface,False,,not assigned,False,[],,[],,0,False
tuning,neorv32_cpu,neorv32_cpu,ctrl.csr_wdata,sub-unit interface,False,,not assigned,False,[],,[],,0,False
tuning,neorv32_cpu,neorv32_cpu,ctrl.csr_we,sub-unit interface,False,,not assigned,False,[],,[],,0,False
tuning,neorv32_cpu,neorv32_cpu,ctrl.if_ack,not assigned here,False,,not assigned,False,[],,[],,0,False
tuning,neorv32_cpu,neorv32_cpu,ctrl.if_fence,not assigned here,False,,not assigned,False,[],,[],,0,False
tuning,neorv32_cpu,neorv32_cpu,ctrl.if_reset,not assigned here,False,,not assigned,False,[],,[],,0,False
tuning,neorv32_cpu,neorv32_cpu,ctrl.ir_funct12,not assigned here,False,,not assigned,False,[],,[],,0,False
tuning,neorv32_cpu,neorv32_cpu,ctrl.ir_funct3,not assigned here,False,,not assigned,False,[],,[],,0,False
tuning,neorv32_cpu,neorv32_cpu,ctrl.ir_opcode,not assigned here,False,,not assigned,False,[],,[],,0,False
tuning,neorv32_cpu,neorv32_cpu,ctrl.lsu_amo,not assigned here,False,,not assigned,False,[],,[],,0,False
tuning,neorv32_cpu,neorv32_cpu,ctrl.lsu_fence,not assigned here,False,,not assigned,False,[],,[],,0,False
tuning,neorv32_cpu,neorv32_cpu,ctrl.lsu_mo_we,not assigned here,False,,not assigned,False,[],,[],,0,False
tuning,neorv32_cpu,neorv32_cpu,ctrl.lsu_priv,not assigned here,False,,not assigned,False,[],,[],,0,False
tuning,neorv32_cpu,neorv32_cpu,ctrl.lsu_req,not assigned here,False,,not assigned,False,[],,[],,0,False
tuning,neorv32_cpu,neorv32_cpu,ctrl.lsu_rw,not assigned here,False,,not assigned,False,[],,[],,0,False
tuning,neorv32_cpu,neorv32_cpu,ctrl.pc_cur,not assigned here,False,,not assigned,False,[],,[],,0,False
tuning,neorv32_cpu,neorv32_cpu,ctrl.pc_nxt,not assigned here,False,,not assigned,False,[],,[],,0,False
tuning,neorv32_cpu,neorv32_cpu,ctrl.pc_ret,not assigned here,False,,not assigned,False,[],,[],,0,False
tuning,neorv32_cpu,neorv32_cpu,ctrl.rf_rd,not assigned here,False,,not assigned,False,[],,[],,0,False
tuning,neorv32_cpu,neorv32_cpu,ctrl.rf_rs1,not assigned here,False,,not assigned,False,[],,[],,0,False
tuning,neorv32_cpu,neorv32_cpu,ctrl.rf_rs2,not assigned here,False,,not assigned,False,[],,[],,0,False
tuning,neorv32_cpu,neorv32_cpu,ctrl.rf_wb_en,not assigned here,False,,not assigned,False,[],,[],,0,False
tuning,neorv32_cpu,neorv32_cpu,ctrl.rf_zero_we,not assigned here,False,,not assigned,False,[],,[],,0,False
tuning,neorv32_cpu,neorv32_cpu,dbi_i,input port,True,in,not assigned,False,[],,[],,0,False
tuning,neorv32_cpu,neorv32_cpu,dbus_req_o,output port,True,out,not assigned,True,[],,[],,0,False
tuning,neorv32_cpu,neorv32_cpu,dbus_req_o.addr,output port,True,out,not assigned,False,[],,[],,0,False
tuning,neorv32_cpu,neorv32_cpu,dbus_req_o.amo,output port,True,out,not assigned,False,[],,[],,0,False
tuning,neorv32_cpu,neorv32_cpu,dbus_req_o.amoop,output port,True,out,not assigned,False,[],,[],,0,False
tuning,neorv32_cpu,neorv32_cpu,dbus_req_o.ben,output port,True,out,not assigned,False,[],,[],,0,False
tuning,neorv32_cpu,neorv32_cpu,dbus_req_o.data,output port,True,out,not assigned,False,[],,[],,0,False
tuning,neorv32_cpu,neorv32_cpu,dbus_req_o.debug,output port,True,out,not assigned,False,[],,[],,0,False
tuning,neorv32_cpu,neorv32_cpu,dbus_req_o.fence,output port,True,out,not assigned,False,[],,[],,0,False
tuning,neorv32_cpu,neorv32_cpu,dbus_req_o.lock,output port,True,out,not assigned,False,[],,[],,0,False
tuning,neorv32_cpu,neorv32_cpu,dbus_req_o.priv,output port,True,out,not assigned,False,[],,[],,0,False
tuning,neorv32_cpu,neorv32_cpu,dbus_req_o.rw,output port,True,out,not assigned,False,[],,[],,0,False
tuning,neorv32_cpu,neorv32_cpu,dbus_req_o.src,output port,True,out,not assigned,False,[],,[],,0,False
tuning,neorv32_cpu,neorv32_cpu,dbus_req_o.stb,output port,True,out,not assigned,False,[],,[],,0,False
tuning,neorv32_cpu,neorv32_cpu,dbus_rsp_i,input port,True,in,not assigned,True,[],,[],,0,False
tuning,neorv32_cpu,neorv32_cpu,dbus_rsp_i.ack,input port,True,in,not assigned,False,[],,[],,0,False
tuning,neorv32_cpu,neorv32_cpu,dbus_rsp_i.data,input port,True,in,not assigned,False,[],,[],,0,False
tuning,neorv32_cpu,neorv32_cpu,dbus_rsp_i.err,input port,True,in,not assigned,False,[],,[],,0,False
tuning,neorv32_cpu,neorv32_cpu,firq_i,input port,True,in,not assigned,False,[],,[],,0,False
tuning,neorv32_cpu,neorv32_cpu,frontend,not assigned here,False,,not assigned,True,[],,[],,0,False
tuning,neorv32_cpu,neorv32_cpu,frontend.compr,not assigned here,False,,not assigned,False,[],,[],,0,False
tuning,neorv32_cpu,neorv32_cpu,frontend.fault,not assigned here,False,,not assigned,False,[],,[],,0,False
tuning,neorv32_cpu,neorv32_cpu,frontend.halted,not assigned here,False,,not assigned,False,[],,[],,0,False
tuning,neorv32_cpu,neorv32_cpu,frontend.instr,not assigned here,False,,not assigned,False,[],,[],,0,False
tuning,neorv32_cpu,neorv32_cpu,frontend.valid,not assigned here,False,,not assigned,False,[],,[],,0,False
tuning,neorv32_cpu,neorv32_cpu,ibus_req_o,output port,True,out,not assigned,True,[],,[],,0,False
tuning,neorv32_cpu,neorv32_cpu,ibus_req_o.addr,output port,True,out,not assigned,False,[],,[],,0,False
tuning,neorv32_cpu,neorv32_cpu,ibus_req_o.amo,output port,True,out,not assigned,False,[],,[],,0,False
tuning,neorv32_cpu,neorv32_cpu,ibus_req_o.amoop,output port,True,out,not assigned,False,[],,[],,0,False
tuning,neorv32_cpu,neorv32_cpu,ibus_req_o.ben,output port,True,out,not assigned,False,[],,[],,0,False
tuning,neorv32_cpu,neorv32_cpu,ibus_req_o.data,output port,True,out,not assigned,False,[],,[],,0,False
tuning,neorv32_cpu,neorv32_cpu,ibus_req_o.debug,output port,True,out,not assigned,False,[],,[],,0,False
tuning,neorv32_cpu,neorv32_cpu,ibus_req_o.fence,output port,True,out,not assigned,False,[],,[],,0,False
tuning,neorv32_cpu,neorv32_cpu,ibus_req_o.lock,output port,True,out,not assigned,False,[],,[],,0,False
tuning,neorv32_cpu,neorv32_cpu,ibus_req_o.priv,output port,True,out,not assigned,False,[],,[],,0,False
tuning,neorv32_cpu,neorv32_cpu,ibus_req_o.rw,output port,True,out,not assigned,False,[],,[],,0,False
tuning,neorv32_cpu,neorv32_cpu,ibus_req_o.src,output port,True,out,not assigned,False,[],,[],,0,False
tuning,neorv32_cpu,neorv32_cpu,ibus_req_o.stb,output port,True,out,not assigned,False,[],,[],,0,False
tuning,neorv32_cpu,neorv32_cpu,ibus_rsp_i,input port,True,in,not assigned,True,[],,[],,0,False
tuning,neorv32_cpu,neorv32_cpu,ibus_rsp_i.ack,input port,True,in,not assigned,False,[],,[],,0,False
tuning,neorv32_cpu,neorv32_cpu,ibus_rsp_i.data,input port,True,in,not assigned,False,[],,[],,0,False
tuning,neorv32_cpu,neorv32_cpu,ibus_rsp_i.err,input port,True,in,not assigned,False,[],,[],,0,False
tuning,neorv32_cpu,neorv32_cpu,icc_rx_i,input port,True,in,not assigned,True,[],,[],,0,False
tuning,neorv32_cpu,neorv32_cpu,icc_rx_i.ack,input port,True,in,not assigned,False,[],,[],,0,False
tuning,neorv32_cpu,neorv32_cpu,icc_rx_i.dat,input port,True,in,not assigned,False,[],,[],,0,False
tuning,neorv32_cpu,neorv32_cpu,icc_rx_i.rdy,input port,True,in,not assigned,False,[],,[],,0,False
tuning,neorv32_cpu,neorv32_cpu,icc_tx_o,output port,True,out,none,True,[],,[],,0,False
tuning,neorv32_cpu,neorv32_cpu,icc_tx_o.ack,output port,True,out,not assigned,False,[],,[],,0,False
tuning,neorv32_cpu,neorv32_cpu,icc_tx_o.dat,output port,True,out,not assigned,False,[],,[],,0,False
tuning,neorv32_cpu,neorv32_cpu,icc_tx_o.rdy,output port,True,out,not assigned,False,[],,[],,0,False
tuning,neorv32_cpu,neorv32_cpu,irq_machine,sub-unit interface,False,,none,False,[],,[],,0,False
tuning,neorv32_cpu,neorv32_cpu,lsu_err,sub-unit interface,False,,not assigned,False,[],,[],,0,False
tuning,neorv32_cpu,neorv32_cpu,lsu_mar,sub-unit interface,False,,not assigned,False,[],,[],,0,False
tuning,neorv32_cpu,neorv32_cpu,lsu_rdata,sub-unit interface,False,,not assigned,False,[],,[],,0,False
tuning,neorv32_cpu,neorv32_cpu,lsu_wait,sub-unit interface,False,,not assigned,False,[],,[],,0,False
tuning,neorv32_cpu,neorv32_cpu,mei_i,input port,True,in,not assigned,False,[],,[],,0,False
tuning,neorv32_cpu,neorv32_cpu,msi_i,input port,True,in,not assigned,False,[],,[],,0,False
tuning,neorv32_cpu,neorv32_cpu,mti_i,input port,True,in,not assigned,False,[],,[],,0,False
tuning,neorv32_cpu,neorv32_cpu,pmp_fault,sub-unit interface,False,,none,False,[],,[],,0,False
tuning,neorv32_cpu,neorv32_cpu,rf_wdata,sub-unit interface,False,,none,False,[],,[],,0,False
tuning,neorv32_cpu,neorv32_cpu,rs1,sub-unit interface,False,,not assigned,False,[],,[],,0,False
tuning,neorv32_cpu,neorv32_cpu,rs2,sub-unit interface,False,,not assigned,False,[],,[],,0,False
tuning,neorv32_cpu,neorv32_cpu,rs3,sub-unit interface,False,,not assigned,False,[],,[],,0,False
tuning,neorv32_cpu,neorv32_cpu,rstn_i,input port,True,in,not assigned,False,[],,[],,0,False
tuning,neorv32_cpu,neorv32_cpu,xcsr_alu,sub-unit interface,False,,not assigned,False,[],,[],,0,False
tuning,neorv32_cpu,neorv32_cpu,xcsr_cnt,sub-unit interface,False,,none,False,[],,[],,0,False
tuning,neorv32_cpu,neorv32_cpu,xcsr_icc,sub-unit interface,False,,none,False,[],,[],,0,False
tuning,neorv32_cpu,neorv32_cpu,xcsr_pmp,sub-unit interface,False,,none,False,[],,[],,0,False
tuning,neorv32_cpu,neorv32_cpu,xcsr_res,sub-unit interface,False,,none,False,[],,[],,0,False
tuning,neorv32_cpu_cp_cfu,neorv32_cpu_cp_cfu,active_i,input port,True,in,not assigned,False,[],,[],,0,False
tuning,neorv32_cpu_cp_cfu,neorv32_cpu_cp_cfu,clk_i,input port,True,in,not assigned,False,[],,[],,0,False
tuning,neorv32_cpu_cp_cfu,neorv32_cpu_cp_cfu,csr_addr_i,input port,True,in,not assigned,False,[],,[],,2,False
tuning,neorv32_cpu_cp_cfu,neorv32_cpu_cp_cfu,csr_rdata_o,output port,True,out,none,False,[],,[],,0,False
tuning,neorv32_cpu_cp_cfu,neorv32_cpu_cp_cfu,csr_wdata_i,input port,True,in,not assigned,False,[],,[],,0,False
tuning,neorv32_cpu_cp_cfu,neorv32_cpu_cp_cfu,csr_we_i,input port,True,in,not assigned,False,[],,[],,1,False
tuning,neorv32_cpu_cp_cfu,neorv32_cpu_cp_cfu,funct3_i,input port,True,in,not assigned,False,[],,[],,9,False
tuning,neorv32_cpu_cp_cfu,neorv32_cpu_cp_cfu,funct7_i,input port,True,in,not assigned,False,[],,[],,0,False
tuning,neorv32_cpu_cp_cfu,neorv32_cpu_cp_cfu,key_mem,input-written register,False,,edge,False,['csr_wdata_i'],True,['csr_rdata_o'],True,0,False
tuning,neorv32_cpu_cp_cfu,neorv32_cpu_cp_cfu,result_o,output port,True,out,none,False,[],,[],,0,False
tuning,neorv32_cpu_cp_cfu,neorv32_cpu_cp_cfu,rs1_i,input port,True,in,not assigned,False,[],,[],,0,False
tuning,neorv32_cpu_cp_cfu,neorv32_cpu_cp_cfu,rs2_i,input port,True,in,not assigned,False,[],,[],,0,False
tuning,neorv32_cpu_cp_cfu,neorv32_cpu_cp_cfu,rs3_i,input port,True,in,not assigned,False,[],,[],,0,False
tuning,neorv32_cpu_cp_cfu,neorv32_cpu_cp_cfu,rstn_i,input port,True,in,not assigned,False,[],,[],,0,False
tuning,neorv32_cpu_cp_cfu,neorv32_cpu_cp_cfu,rtype_i,input port,True,in,not assigned,False,[],,[],,5,True
tuning,neorv32_cpu_cp_cfu,neorv32_cpu_cp_cfu,start_i,input port,True,in,not assigned,False,[],,[],,3,True
tuning,neorv32_cpu_cp_cfu,neorv32_cpu_cp_cfu,tmp_a,combinational data,False,,none,False,[],,[],,0,False
tuning,neorv32_cpu_cp_cfu,neorv32_cpu_cp_cfu,tmp_b,combinational data,False,,none,False,[],,[],,0,False
tuning,neorv32_cpu_cp_cfu,neorv32_cpu_cp_cfu,tmp_r,combinational data,False,,none,False,[],,[],,0,False
tuning,neorv32_cpu_cp_cfu,neorv32_cpu_cp_cfu,tmp_x,combinational data,False,,none,False,[],,[],,0,False
tuning,neorv32_cpu_cp_cfu,neorv32_cpu_cp_cfu,tmp_y,combinational data,False,,none,False,[],,[],,0,False
tuning,neorv32_cpu_cp_cfu,neorv32_cpu_cp_cfu,tmp_z,combinational data,False,,none,False,[],,[],,0,False
tuning,neorv32_cpu_cp_cfu,neorv32_cpu_cp_cfu,valid_o,output port,True,out,none,False,[],,[],,0,False
tuning,neorv32_cpu_cp_cfu,neorv32_cpu_cp_cfu,xtea,input-written register,False,,not assigned,True,[],,[],,0,False
tuning,neorv32_cpu_cp_cfu,neorv32_cpu_cp_cfu,xtea.done,exported state register,False,,edge,False,[],,['valid_o'],True,2,False
tuning,neorv32_cpu_cp_cfu,neorv32_cpu_cp_cfu,xtea.opa,input-written register,False,,edge,False,['rs1_i'],False,[],True,0,False
tuning,neorv32_cpu_cp_cfu,neorv32_cpu_cp_cfu,xtea.opb,input-written register,False,,edge,False,['rs2_i'],False,[],True,0,False
tuning,neorv32_cpu_cp_cfu,neorv32_cpu_cp_cfu,xtea.res,exported state register,False,,edge,False,[],,['result_o'],True,0,False
tuning,neorv32_cpu_cp_cfu,neorv32_cpu_cp_cfu,xtea.sum,internal state register,False,,edge,False,[],,[],True,1,False
tuning,neorv32_cpu_cp_muldiv,neorv32_cpu_cp_muldiv,clk_i,input port,True,in,not assigned,False,[],,[],,0,False
tuning,neorv32_cpu_cp_muldiv,neorv32_cpu_cp_muldiv,ctrl,internal state register,False,,not assigned,True,[],,[],,0,False
tuning,neorv32_cpu_cp_muldiv,neorv32_cpu_cp_muldiv,ctrl.cnt,internal state register,False,,edge,False,[],,[],True,1,False
tuning,neorv32_cpu_cp_muldiv,neorv32_cpu_cp_muldiv,ctrl.out_en,internal state register,False,,edge,False,[],,[],True,1,False
tuning,neorv32_cpu_cp_muldiv,neorv32_cpu_cp_muldiv,ctrl.rs1_is_signed,combinational decision,False,,none,False,[],,[],,2,False
tuning,neorv32_cpu_cp_muldiv,neorv32_cpu_cp_muldiv,ctrl.rs2_is_signed,combinational decision,False,,none,False,[],,[],,1,False
tuning,neorv32_cpu_cp_muldiv,neorv32_cpu_cp_muldiv,ctrl.state,internal state register,False,,edge,False,[],,[],True,7,True
tuning,neorv32_cpu_cp_muldiv,neorv32_cpu_cp_muldiv,ctrl_i,input port,True,in,not assigned,True,[],,[],,0,False
tuning,neorv32_cpu_cp_muldiv,neorv32_cpu_cp_muldiv,ctrl_i.alu_cp_alu,input port,True,in,not assigned,False,[],,[],,1,False
tuning,neorv32_cpu_cp_muldiv,neorv32_cpu_cp_muldiv,ctrl_i.alu_cp_cfu,input port,True,in,not assigned,False,[],,[],,0,False
tuning,neorv32_cpu_cp_muldiv,neorv32_cpu_cp_muldiv,ctrl_i.alu_cp_fpu,input port,True,in,not assigned,False,[],,[],,0,False
tuning,neorv32_cpu_cp_muldiv,neorv32_cpu_cp_muldiv,ctrl_i.alu_imm,input port,True,in,not assigned,False,[],,[],,0,False
tuning,neorv32_cpu_cp_muldiv,neorv32_cpu_cp_muldiv,ctrl_i.alu_op,input port,True,in,not assigned,False,[],,[],,0,False
tuning,neorv32_cpu_cp_muldiv,neorv32_cpu_cp_muldiv,ctrl_i.alu_opa_mux,input port,True,in,not assigned,False,[],,[],,0,False
tuning,neorv32_cpu_cp_muldiv,neorv32_cpu_cp_muldiv,ctrl_i.alu_opb_mux,input port,True,in,not assigned,False,[],,[],,0,False
tuning,neorv32_cpu_cp_muldiv,neorv32_cpu_cp_muldiv,ctrl_i.alu_sub,input port,True,in,not assigned,False,[],,[],,0,False
tuning,neorv32_cpu_cp_muldiv,neorv32_cpu_cp_muldiv,ctrl_i.alu_unsigned,input port,True,in,not assigned,False,[],,[],,0,False
tuning,neorv32_cpu_cp_muldiv,neorv32_cpu_cp_muldiv,ctrl_i.cnt_event,input port,True,in,not assigned,False,[],,[],,0,False
tuning,neorv32_cpu_cp_muldiv,neorv32_cpu_cp_muldiv,ctrl_i.cnt_halt,input port,True,in,not assigned,False,[],,[],,0,False
tuning,neorv32_cpu_cp_muldiv,neorv32_cpu_cp_muldiv,ctrl_i.cpu_debug,input port,True,in,not assigned,False,[],,[],,0,False
tuning,neorv32_cpu_cp_muldiv,neorv32_cpu_cp_muldiv,ctrl_i.cpu_priv,input port,True,in,not assigned,False,[],,[],,0,False
tuning,neorv32_cpu_cp_muldiv,neorv32_cpu_cp_muldiv,ctrl_i.cpu_sleep,input port,True,in,not assigned,False,[],,[],,0,False
tuning,neorv32_cpu_cp_muldiv,neorv32_cpu_cp_muldiv,ctrl_i.cpu_trap,input port,True,in,not assigned,False,[],,[],,1,False
tuning,neorv32_cpu_cp_muldiv,neorv32_cpu_cp_muldiv,ctrl_i.csr_addr,input port,True,in,not assigned,False,[],,[],,0,False
tuning,neorv32_cpu_cp_muldiv,neorv32_cpu_cp_muldiv,ctrl_i.csr_re,input port,True,in,not assigned,False,[],,[],,0,False
tuning,neorv32_cpu_cp_muldiv,neorv32_cpu_cp_muldiv,ctrl_i.csr_wdata,input port,True,in,not assigned,False,[],,[],,0,False
tuning,neorv32_cpu_cp_muldiv,neorv32_cpu_cp_muldiv,ctrl_i.csr_we,input port,True,in,not assigned,False,[],,[],,0,False
tuning,neorv32_cpu_cp_muldiv,neorv32_cpu_cp_muldiv,ctrl_i.if_ack,input port,True,in,not assigned,False,[],,[],,0,False
tuning,neorv32_cpu_cp_muldiv,neorv32_cpu_cp_muldiv,ctrl_i.if_fence,input port,True,in,not assigned,False,[],,[],,0,False
tuning,neorv32_cpu_cp_muldiv,neorv32_cpu_cp_muldiv,ctrl_i.if_reset,input port,True,in,not assigned,False,[],,[],,0,False
tuning,neorv32_cpu_cp_muldiv,neorv32_cpu_cp_muldiv,ctrl_i.ir_funct12,input port,True,in,not assigned,False,[],,[],,1,False
tuning,neorv32_cpu_cp_muldiv,neorv32_cpu_cp_muldiv,ctrl_i.ir_funct3,input port,True,in,not assigned,False,[],,[],,9,False
tuning,neorv32_cpu_cp_muldiv,neorv32_cpu_cp_muldiv,ctrl_i.ir_opcode,input port,True,in,not assigned,False,[],,[],,1,False
tuning,neorv32_cpu_cp_muldiv,neorv32_cpu_cp_muldiv,ctrl_i.lsu_amo,input port,True,in,not assigned,False,[],,[],,0,False
tuning,neorv32_cpu_cp_muldiv,neorv32_cpu_cp_muldiv,ctrl_i.lsu_fence,input port,True,in,not assigned,False,[],,[],,0,False
tuning,neorv32_cpu_cp_muldiv,neorv32_cpu_cp_muldiv,ctrl_i.lsu_mo_we,input port,True,in,not assigned,False,[],,[],,0,False
tuning,neorv32_cpu_cp_muldiv,neorv32_cpu_cp_muldiv,ctrl_i.lsu_priv,input port,True,in,not assigned,False,[],,[],,0,False
tuning,neorv32_cpu_cp_muldiv,neorv32_cpu_cp_muldiv,ctrl_i.lsu_req,input port,True,in,not assigned,False,[],,[],,0,False
tuning,neorv32_cpu_cp_muldiv,neorv32_cpu_cp_muldiv,ctrl_i.lsu_rw,input port,True,in,not assigned,False,[],,[],,0,False
tuning,neorv32_cpu_cp_muldiv,neorv32_cpu_cp_muldiv,ctrl_i.pc_cur,input port,True,in,not assigned,False,[],,[],,0,False
tuning,neorv32_cpu_cp_muldiv,neorv32_cpu_cp_muldiv,ctrl_i.pc_nxt,input port,True,in,not assigned,False,[],,[],,0,False
tuning,neorv32_cpu_cp_muldiv,neorv32_cpu_cp_muldiv,ctrl_i.pc_ret,input port,True,in,not assigned,False,[],,[],,0,False
tuning,neorv32_cpu_cp_muldiv,neorv32_cpu_cp_muldiv,ctrl_i.rf_rd,input port,True,in,not assigned,False,[],,[],,0,False
tuning,neorv32_cpu_cp_muldiv,neorv32_cpu_cp_muldiv,ctrl_i.rf_rs1,input port,True,in,not assigned,False,[],,[],,0,False
tuning,neorv32_cpu_cp_muldiv,neorv32_cpu_cp_muldiv,ctrl_i.rf_rs2,input port,True,in,not assigned,False,[],,[],,0,False
tuning,neorv32_cpu_cp_muldiv,neorv32_cpu_cp_muldiv,ctrl_i.rf_wb_en,input port,True,in,not assigned,False,[],,[],,0,False
tuning,neorv32_cpu_cp_muldiv,neorv32_cpu_cp_muldiv,ctrl_i.rf_zero_we,input port,True,in,not assigned,False,[],,[],,0,False
tuning,neorv32_cpu_cp_muldiv,neorv32_cpu_cp_muldiv,div,input-written register,False,,not assigned,True,[],,[],,0,False
tuning,neorv32_cpu_cp_muldiv,neorv32_cpu_cp_muldiv,div.quotient,input-written register,False,,mixed,False,['rs1_i'],False,['res_o'],True,0,False
tuning,neorv32_cpu_cp_muldiv,neorv32_cpu_cp_muldiv,div.remainder,exported state register,False,,mixed,False,[],,['res_o'],True,0,False
tuning,neorv32_cpu_cp_muldiv,neorv32_cpu_cp_muldiv,div.res,combinational data,False,,none,False,[],,[],,0,False
tuning,neorv32_cpu_cp_muldiv,neorv32_cpu_cp_muldiv,div.res_u,combinational data,False,,none,False,[],,[],,0,False
tuning,neorv32_cpu_cp_muldiv,neorv32_cpu_cp_muldiv,div.rs2_abs,input-written register,False,,mixed,False,['rs2_i'],False,[],True,0,False
tuning,neorv32_cpu_cp_muldiv,neorv32_cpu_cp_muldiv,div.sign_mod,input-written register,False,,mixed,False,"['rs1_i', 'rs2_i']",False,[],True,1,False
tuning,neorv32_cpu_cp_muldiv,neorv32_cpu_cp_muldiv,div.start,combinational decision,False,,none,False,[],,[],,4,True
tuning,neorv32_cpu_cp_muldiv,neorv32_cpu_cp_muldiv,div.sub,combinational decision,False,,none,False,[],,[],,1,False
tuning,neorv32_cpu_cp_muldiv,neorv32_cpu_cp_muldiv,mul,input-written register,False,,not assigned,True,[],,[],,0,False
tuning,neorv32_cpu_cp_muldiv,neorv32_cpu_cp_muldiv,mul.add,combinational data,False,,none,False,[],,[],,0,False
tuning,neorv32_cpu_cp_muldiv,neorv32_cpu_cp_muldiv,mul.dsp_x,input-written register,False,,mixed,False,['rs1_i'],False,[],True,0,False
tuning,neorv32_cpu_cp_muldiv,neorv32_cpu_cp_muldiv,mul.dsp_y,input-written register,False,,mixed,False,['rs2_i'],False,[],True,0,False
tuning,neorv32_cpu_cp_muldiv,neorv32_cpu_cp_muldiv,mul.dsp_z,combinational data,False,,none,False,[],,[],,0,False
tuning,neorv32_cpu_cp_muldiv,neorv32_cpu_cp_muldiv,mul.p_sext,combinational data,False,,none,False,[],,[],,0,False
tuning,neorv32_cpu_cp_muldiv,neorv32_cpu_cp_muldiv,mul.prod,input-written register,False,,edge,False,['rs1_i'],False,['res_o'],True,1,False
tuning,neorv32_cpu_cp_muldiv,neorv32_cpu_cp_muldiv,mul.start,combinational decision,False,,none,False,[],,[],,3,True
tuning,neorv32_cpu_cp_muldiv,neorv32_cpu_cp_muldiv,res_o,output port,True,out,none,False,[],,[],,0,False
tuning,neorv32_cpu_cp_muldiv,neorv32_cpu_cp_muldiv,rs1_i,input port,True,in,not assigned,False,[],,[],,1,False
tuning,neorv32_cpu_cp_muldiv,neorv32_cpu_cp_muldiv,rs2_i,input port,True,in,not assigned,False,[],,[],,1,False
tuning,neorv32_cpu_cp_muldiv,neorv32_cpu_cp_muldiv,rstn_i,input port,True,in,not assigned,False,[],,[],,0,False
tuning,neorv32_cpu_cp_muldiv,neorv32_cpu_cp_muldiv,valid_cmd,combinational decision,False,,none,False,[],,[],,3,False
tuning,neorv32_cpu_cp_muldiv,neorv32_cpu_cp_muldiv,valid_o,output port,True,out,none,False,[],,[],,0,False
tuning,neorv32_cpu_pmp,neorv32_cpu_pmp,acc_addr,combinational decision,False,,none,False,[],,[],,0,False
tuning,neorv32_cpu_pmp,neorv32_cpu_pmp,acc_priv,combinational decision,False,,none,False,[],,[],,2,False
tuning,neorv32_cpu_pmp,neorv32_cpu_pmp,addr_ls_i,input port,True,in,not assigned,False,[],,[],,0,False
tuning,neorv32_cpu_pmp,neorv32_cpu_pmp,addr_mask,internal state register,False,,mixed,False,[],,[],True,0,False
tuning,neorv32_cpu_pmp,neorv32_cpu_pmp,addr_mask_napot,combinational data,False,,none,False,[],,[],,0,False
tuning,neorv32_cpu_pmp,neorv32_cpu_pmp,addr_rd,combinational data,False,,none,False,[],,[],,0,False
tuning,neorv32_cpu_pmp,neorv32_cpu_pmp,allow,combinational data,False,,none,False,[],,[],,0,False
tuning,neorv32_cpu_pmp,neorv32_cpu_pmp,cfg_rd,combinational data,False,,none,False,[],,[],,0,False
tuning,neorv32_cpu_pmp,neorv32_cpu_pmp,cfg_rd32,combinational data,False,,none,False,[],,[],,0,False
tuning,neorv32_cpu_pmp,neorv32_cpu_pmp,clk_i,input port,True,in,not assigned,False,[],,[],,0,False
tuning,neorv32_cpu_pmp,neorv32_cpu_pmp,cmp_ge,combinational data,False,,none,False,[],,[],,0,False
tuning,neorv32_cpu_pmp,neorv32_cpu_pmp,cmp_lt,combinational data,False,,none,False,[],,[],,0,False
tuning,neorv32_cpu_pmp,neorv32_cpu_pmp,cmp_na,combinational data,False,,none,False,[],,[],,0,False
tuning,neorv32_cpu_pmp,neorv32_cpu_pmp,csr_o,output port,True,out,none,False,[],,[],,0,False
tuning,neorv32_cpu_pmp,neorv32_cpu_pmp,ctrl_i,input port,True,in,not assigned,True,[],,[],,0,False
tuning,neorv32_cpu_pmp,neorv32_cpu_pmp,ctrl_i.alu_cp_alu,input port,True,in,not assigned,False,[],,[],,0,False
tuning,neorv32_cpu_pmp,neorv32_cpu_pmp,ctrl_i.alu_cp_cfu,input port,True,in,not assigned,False,[],,[],,0,False
tuning,neorv32_cpu_pmp,neorv32_cpu_pmp,ctrl_i.alu_cp_fpu,input port,True,in,not assigned,False,[],,[],,0,False
tuning,neorv32_cpu_pmp,neorv32_cpu_pmp,ctrl_i.alu_imm,input port,True,in,not assigned,False,[],,[],,0,False
tuning,neorv32_cpu_pmp,neorv32_cpu_pmp,ctrl_i.alu_op,input port,True,in,not assigned,False,[],,[],,0,False
tuning,neorv32_cpu_pmp,neorv32_cpu_pmp,ctrl_i.alu_opa_mux,input port,True,in,not assigned,False,[],,[],,0,False
tuning,neorv32_cpu_pmp,neorv32_cpu_pmp,ctrl_i.alu_opb_mux,input port,True,in,not assigned,False,[],,[],,0,False
tuning,neorv32_cpu_pmp,neorv32_cpu_pmp,ctrl_i.alu_sub,input port,True,in,not assigned,False,[],,[],,0,False
tuning,neorv32_cpu_pmp,neorv32_cpu_pmp,ctrl_i.alu_unsigned,input port,True,in,not assigned,False,[],,[],,0,False
tuning,neorv32_cpu_pmp,neorv32_cpu_pmp,ctrl_i.cnt_event,input port,True,in,not assigned,False,[],,[],,0,False
tuning,neorv32_cpu_pmp,neorv32_cpu_pmp,ctrl_i.cnt_halt,input port,True,in,not assigned,False,[],,[],,0,False
tuning,neorv32_cpu_pmp,neorv32_cpu_pmp,ctrl_i.cpu_debug,input port,True,in,not assigned,False,[],,[],,0,False
tuning,neorv32_cpu_pmp,neorv32_cpu_pmp,ctrl_i.cpu_priv,input port,True,in,not assigned,False,[],,[],,0,False
tuning,neorv32_cpu_pmp,neorv32_cpu_pmp,ctrl_i.cpu_sleep,input port,True,in,not assigned,False,[],,[],,0,False
tuning,neorv32_cpu_pmp,neorv32_cpu_pmp,ctrl_i.cpu_trap,input port,True,in,not assigned,False,[],,[],,0,False
tuning,neorv32_cpu_pmp,neorv32_cpu_pmp,ctrl_i.csr_addr,input port,True,in,not assigned,False,[],,[],,3,False
tuning,neorv32_cpu_pmp,neorv32_cpu_pmp,ctrl_i.csr_re,input port,True,in,not assigned,False,[],,[],,0,False
tuning,neorv32_cpu_pmp,neorv32_cpu_pmp,ctrl_i.csr_wdata,input port,True,in,not assigned,False,[],,[],,0,False
tuning,neorv32_cpu_pmp,neorv32_cpu_pmp,ctrl_i.csr_we,input port,True,in,not assigned,False,[],,[],,2,False
tuning,neorv32_cpu_pmp,neorv32_cpu_pmp,ctrl_i.if_ack,input port,True,in,not assigned,False,[],,[],,0,False
tuning,neorv32_cpu_pmp,neorv32_cpu_pmp,ctrl_i.if_fence,input port,True,in,not assigned,False,[],,[],,0,False
tuning,neorv32_cpu_pmp,neorv32_cpu_pmp,ctrl_i.if_reset,input port,True,in,not assigned,False,[],,[],,0,False
tuning,neorv32_cpu_pmp,neorv32_cpu_pmp,ctrl_i.ir_funct12,input port,True,in,not assigned,False,[],,[],,0,False
tuning,neorv32_cpu_pmp,neorv32_cpu_pmp,ctrl_i.ir_funct3,input port,True,in,not assigned,False,[],,[],,0,False
tuning,neorv32_cpu_pmp,neorv32_cpu_pmp,ctrl_i.ir_opcode,input port,True,in,not assigned,False,[],,[],,0,False
tuning,neorv32_cpu_pmp,neorv32_cpu_pmp,ctrl_i.lsu_amo,input port,True,in,not assigned,False,[],,[],,0,False
tuning,neorv32_cpu_pmp,neorv32_cpu_pmp,ctrl_i.lsu_fence,input port,True,in,not assigned,False,[],,[],,0,False
tuning,neorv32_cpu_pmp,neorv32_cpu_pmp,ctrl_i.lsu_mo_we,input port,True,in,not assigned,False,[],,[],,3,False
tuning,neorv32_cpu_pmp,neorv32_cpu_pmp,ctrl_i.lsu_priv,input port,True,in,not assigned,False,[],,[],,0,False
tuning,neorv32_cpu_pmp,neorv32_cpu_pmp,ctrl_i.lsu_req,input port,True,in,not assigned,False,[],,[],,0,False
tuning,neorv32_cpu_pmp,neorv32_cpu_pmp,ctrl_i.lsu_rw,input port,True,in,not assigned,False,[],,[],,1,False
tuning,neorv32_cpu_pmp,neorv32_cpu_pmp,ctrl_i.pc_cur,input port,True,in,not assigned,False,[],,[],,0,False
tuning,neorv32_cpu_pmp,neorv32_cpu_pmp,ctrl_i.pc_nxt,input port,True,in,not assigned,False,[],,[],,0,False
tuning,neorv32_cpu_pmp,neorv32_cpu_pmp,ctrl_i.pc_ret,input port,True,in,not assigned,False,[],,[],,0,False
tuning,neorv32_cpu_pmp,neorv32_cpu_pmp,ctrl_i.rf_rd,input port,True,in,not assigned,False,[],,[],,0,False
tuning,neorv32_cpu_pmp,neorv32_cpu_pmp,ctrl_i.rf_rs1,input port,True,in,not assigned,False,[],,[],,0,False
tuning,neorv32_cpu_pmp,neorv32_cpu_pmp,ctrl_i.rf_rs2,input port,True,in,not assigned,False,[],,[],,0,False
tuning,neorv32_cpu_pmp,neorv32_cpu_pmp,ctrl_i.rf_wb_en,input port,True,in,not assigned,False,[],,[],,0,False
tuning,neorv32_cpu_pmp,neorv32_cpu_pmp,ctrl_i.rf_zero_we,input port,True,in,not assigned,False,[],,[],,0,False
tuning,neorv32_cpu_pmp,neorv32_cpu_pmp,fail,combinational data,False,,none,False,[],,[],,0,False
tuning,neorv32_cpu_pmp,neorv32_cpu_pmp,fault_o,output port,True,out,edge,False,[],,[],,0,False
tuning,neorv32_cpu_pmp,neorv32_cpu_pmp,match,combinational decision,False,,none,False,[],,[],,1,False
tuning,neorv32_cpu_pmp,neorv32_cpu_pmp,pmpaddr,input-written register,False,,edge,False,['ctrl_i.csr_wdata'],True,['csr_o'],True,0,False
tuning,neorv32_cpu_pmp,neorv32_cpu_pmp,pmpaddr_we,combinational decision,False,,none,False,[],,[],,1,False
tuning,neorv32_cpu_pmp,neorv32_cpu_pmp,pmpcfg,input-written register,False,,edge,False,['ctrl_i.csr_wdata'],True,"['csr_o', 'fault_o']",True,4,False
tuning,neorv32_cpu_pmp,neorv32_cpu_pmp,pmpcfg_we,combinational decision,False,,none,False,[],,[],,1,False
tuning,neorv32_cpu_pmp,neorv32_cpu_pmp,rstn_i,input port,True,in,not assigned,False,[],,[],,0,False
tuning,neorv32_debug_dtm,neorv32_debug_dtm,clk_i,input port,True,in,not assigned,False,[],,[],,0,False
tuning,neorv32_debug_dtm,neorv32_debug_dtm,dmi_ctrl,input-written register,False,,not assigned,True,[],,[],,0,False
tuning,neorv32_debug_dtm,neorv32_debug_dtm,dmi_ctrl.addr,exported state register,False,,edge,False,[],,['dmi_req_o.addr'],True,0,False
tuning,neorv32_debug_dtm,neorv32_debug_dtm,dmi_ctrl.busy,internal state register,False,,edge,False,[],,[],True,7,False
tuning,neorv32_debug_dtm,neorv32_debug_dtm,dmi_ctrl.dmihardreset,internal state register,False,,edge,False,[],,[],True,5,False
tuning,neorv32_debug_dtm,neorv32_debug_dtm,dmi_ctrl.dmireset,internal state register,False,,edge,False,[],,[],True,1,False
tuning,neorv32_debug_dtm,neorv32_debug_dtm,dmi_ctrl.err,internal state register,False,,edge,False,[],,[],True,0,False
tuning,neorv32_debug_dtm,neorv32_debug_dtm,dmi_ctrl.op,exported state register,False,,edge,False,[],,['dmi_req_o.op'],True,0,False
tuning,neorv32_debug_dtm,neorv32_debug_dtm,dmi_ctrl.rdata,input-written register,False,,edge,False,['dmi_rsp_i.data'],False,[],True,0,False
tuning,neorv32_debug_dtm,neorv32_debug_dtm,dmi_ctrl.wdata,exported state register,False,,edge,False,[],,['dmi_req_o.data'],True,0,False
tuning,neorv32_debug_dtm,neorv32_debug_dtm,dmi_req_o,output port,True,out,not assigned,True,[],,[],,0,False
tuning,neorv32_debug_dtm,neorv32_debug_dtm,dmi_req_o.addr,output port,True,out,none,False,[],,[],,0,False
tuning,neorv32_debug_dtm,neorv32_debug_dtm,dmi_req_o.data,output port,True,out,none,False,[],,[],,0,False
tuning,neorv32_debug_dtm,neorv32_debug_dtm,dmi_req_o.op,output port,True,out,none,False,[],,[],,0,False
tuning,neorv32_debug_dtm,neorv32_debug_dtm,dmi_rsp_i,input port,True,in,not assigned,True,[],,[],,0,False
tuning,neorv32_debug_dtm,neorv32_debug_dtm,dmi_rsp_i.ack,input port,True,in,not assigned,False,[],,[],,1,False
tuning,neorv32_debug_dtm,neorv32_debug_dtm,dmi_rsp_i.data,input port,True,in,not assigned,False,[],,[],,0,False
tuning,neorv32_debug_dtm,neorv32_debug_dtm,dr_trigger,internal state register,False,,not assigned,True,[],,[],,0,False
tuning,neorv32_debug_dtm,neorv32_debug_dtm,dr_trigger.sreg,internal state register,False,,edge,False,[],,[],True,1,False
tuning,neorv32_debug_dtm,neorv32_debug_dtm,dr_trigger.valid,combinational decision,False,,none,False,[],,[],,7,False
tuning,neorv32_debug_dtm,neorv32_debug_dtm,jtag_tck_i,input port,True,in,not assigned,False,[],,[],,0,False
tuning,neorv32_debug_dtm,neorv32_debug_dtm,jtag_tdi_i,input port,True,in,not assigned,False,[],,[],,0,False
tuning,neorv32_debug_dtm,neorv32_debug_dtm,jtag_tdo_o,output port,True,out,edge,False,[],,[],,0,False
tuning,neorv32_debug_dtm,neorv32_debug_dtm,jtag_tms_i,input port,True,in,not assigned,False,[],,[],,0,False
tuning,neorv32_debug_dtm,neorv32_debug_dtm,rstn_i,input port,True,in,not assigned,False,[],,[],,0,False
tuning,neorv32_debug_dtm,neorv32_debug_dtm,tap_ctrl_state,internal state register,False,,edge,False,[],,[],True,7,False
tuning,neorv32_debug_dtm,neorv32_debug_dtm,tap_reg,exported state register,False,,not assigned,True,[],,[],,0,False
tuning,neorv32_debug_dtm,neorv32_debug_dtm,tap_reg.bypass,exported state register,False,,edge,False,[],,['jtag_tdo_o'],True,0,False
tuning,neorv32_debug_dtm,neorv32_debug_dtm,tap_reg.dmi,exported state register,False,,edge,False,[],,['jtag_tdo_o'],True,2,False
tuning,neorv32_debug_dtm,neorv32_debug_dtm,tap_reg.dmi_nxt,combinational data,False,,none,False,[],,[],,0,False
tuning,neorv32_debug_dtm,neorv32_debug_dtm,tap_reg.dtmcs,exported state register,False,,edge,False,[],,['jtag_tdo_o'],True,0,False
tuning,neorv32_debug_dtm,neorv32_debug_dtm,tap_reg.dtmcs_nxt,combinational data,False,,none,False,[],,[],,0,False
tuning,neorv32_debug_dtm,neorv32_debug_dtm,tap_reg.idcode,exported state register,False,,edge,False,[],,['jtag_tdo_o'],True,0,False
tuning,neorv32_debug_dtm,neorv32_debug_dtm,tap_reg.ireg,exported state register,False,,edge,False,[],,['jtag_tdo_o'],True,12,False
tuning,neorv32_debug_dtm,neorv32_debug_dtm,tap_sync,input-written register,False,,not assigned,True,[],,[],,0,False
tuning,neorv32_debug_dtm,neorv32_debug_dtm,tap_sync.tck_falling,combinational decision,False,,none,False,[],,[],,1,False
tuning,neorv32_debug_dtm,neorv32_debug_dtm,tap_sync.tck_ff,input-written register,False,,edge,False,['jtag_tck_i'],False,[],True,2,False
tuning,neorv32_debug_dtm,neorv32_debug_dtm,tap_sync.tck_rising,combinational decision,False,,none,False,[],,[],,6,False
tuning,neorv32_debug_dtm,neorv32_debug_dtm,tap_sync.tdi,combinational data,False,,none,False,[],,[],,0,False
tuning,neorv32_debug_dtm,neorv32_debug_dtm,tap_sync.tdi_ff,input-written register,False,,edge,False,['jtag_tdi_i'],False,[],True,0,False
tuning,neorv32_debug_dtm,neorv32_debug_dtm,tap_sync.tms,combinational decision,False,,none,False,[],,[],,1,False
tuning,neorv32_debug_dtm,neorv32_debug_dtm,tap_sync.tms_ff,input-written register,False,,edge,False,['jtag_tms_i'],False,[],True,0,False
tuning,neorv32_hwspinlock,neorv32_hwspinlock,bus_req_i,input port,True,in,not assigned,True,[],,[],,0,False
tuning,neorv32_hwspinlock,neorv32_hwspinlock,bus_req_i.addr,input port,True,in,not assigned,False,[],,[],,3,False
tuning,neorv32_hwspinlock,neorv32_hwspinlock,bus_req_i.amo,input port,True,in,not assigned,False,[],,[],,0,False
tuning,neorv32_hwspinlock,neorv32_hwspinlock,bus_req_i.amoop,input port,True,in,not assigned,False,[],,[],,0,False
tuning,neorv32_hwspinlock,neorv32_hwspinlock,bus_req_i.ben,input port,True,in,not assigned,False,[],,[],,0,False
tuning,neorv32_hwspinlock,neorv32_hwspinlock,bus_req_i.data,input port,True,in,not assigned,False,[],,[],,0,False
tuning,neorv32_hwspinlock,neorv32_hwspinlock,bus_req_i.debug,input port,True,in,not assigned,False,[],,[],,0,False
tuning,neorv32_hwspinlock,neorv32_hwspinlock,bus_req_i.fence,input port,True,in,not assigned,False,[],,[],,0,False
tuning,neorv32_hwspinlock,neorv32_hwspinlock,bus_req_i.lock,input port,True,in,not assigned,False,[],,[],,0,False
tuning,neorv32_hwspinlock,neorv32_hwspinlock,bus_req_i.priv,input port,True,in,not assigned,False,[],,[],,0,False
tuning,neorv32_hwspinlock,neorv32_hwspinlock,bus_req_i.rw,input port,True,in,not assigned,False,[],,[],,1,False
tuning,neorv32_hwspinlock,neorv32_hwspinlock,bus_req_i.src,input port,True,in,not assigned,False,[],,[],,0,False
tuning,neorv32_hwspinlock,neorv32_hwspinlock,bus_req_i.stb,input port,True,in,not assigned,False,[],,[],,2,False
tuning,neorv32_hwspinlock,neorv32_hwspinlock,bus_rsp_o,output port,True,out,none,True,[],,[],,0,False
tuning,neorv32_hwspinlock,neorv32_hwspinlock,bus_rsp_o.ack,output port,True,out,edge,False,[],,[],,0,False
tuning,neorv32_hwspinlock,neorv32_hwspinlock,bus_rsp_o.data,output port,True,out,edge,False,[],,[],,0,False
tuning,neorv32_hwspinlock,neorv32_hwspinlock,bus_rsp_o.err,output port,True,out,edge,False,[],,[],,0,False
tuning,neorv32_hwspinlock,neorv32_hwspinlock,clk_i,input port,True,in,not assigned,False,[],,[],,0,False
tuning,neorv32_hwspinlock,neorv32_hwspinlock,lock_q,input-written register,False,,edge,False,['bus_req_i.rw'],False,['bus_rsp_o.data'],True,0,False
tuning,neorv32_hwspinlock,neorv32_hwspinlock,rstn_i,input port,True,in,not assigned,False,[],,[],,0,False
tuning,neorv32_hwspinlock,neorv32_hwspinlock,sel,combinational decision,False,,none,False,[],,[],,1,False
tuning,neorv32_imem,neorv32_imem,addr,combinational decision,False,,none,False,[],,[],,5,False
tuning,neorv32_imem,neorv32_imem,addr_ff,internal state register,False,,mixed,False,[],,[],False,1,False
tuning,neorv32_imem,neorv32_imem,bus_req_i,input port,True,in,not assigned,True,[],,[],,0,False
tuning,neorv32_imem,neorv32_imem,bus_req_i.addr,input port,True,in,not assigned,False,[],,[],,0,False
tuning,neorv32_imem,neorv32_imem,bus_req_i.amo,input port,True,in,not assigned,False,[],,[],,0,False
tuning,neorv32_imem,neorv32_imem,bus_req_i.amoop,input port,True,in,not assigned,False,[],,[],,0,False
tuning,neorv32_imem,neorv32_imem,bus_req_i.ben,input port,True,in,not assigned,False,[],,[],,4,True
tuning,neorv32_imem,neorv32_imem,bus_req_i.data,input port,True,in,not assigned,False,[],,[],,0,False
tuning,neorv32_imem,neorv32_imem,bus_req_i.debug,input port,True,in,not assigned,False,[],,[],,0,False
tuning,neorv32_imem,neorv32_imem,bus_req_i.fence,input port,True,in,not assigned,False,[],,[],,0,False
tuning,neorv32_imem,neorv32_imem,bus_req_i.lock,input port,True,in,not assigned,False,[],,[],,0,False
tuning,neorv32_imem,neorv32_imem,bus_req_i.priv,input port,True,in,not assigned,False,[],,[],,0,False
tuning,neorv32_imem,neorv32_imem,bus_req_i.rw,input port,True,in,not assigned,False,[],,[],,4,True
tuning,neorv32_imem,neorv32_imem,bus_req_i.src,input port,True,in,not assigned,False,[],,[],,0,False
tuning,neorv32_imem,neorv32_imem,bus_req_i.stb,input port,True,in,not assigned,False,[],,[],,4,True
tuning,neorv32_imem,neorv32_imem,bus_rsp_o,output port,True,out,not assigned,True,[],,[],,0,False
tuning,neorv32_imem,neorv32_imem,bus_rsp_o.ack,output port,True,out,edge,False,[],,[],,0,False
tuning,neorv32_imem,neorv32_imem,bus_rsp_o.data,output port,True,out,none,False,[],,[],,0,False
tuning,neorv32_imem,neorv32_imem,bus_rsp_o.err,output port,True,out,none,False,[],,[],,0,False
tuning,neorv32_imem,neorv32_imem,clk_i,input port,True,in,not assigned,False,[],,[],,0,False
tuning,neorv32_imem,neorv32_imem,mem_ram_b0,input-written register,False,,edge,False,['bus_req_i.data'],True,[],False,0,False
tuning,neorv32_imem,neorv32_imem,mem_ram_b1,input-written register,False,,edge,False,['bus_req_i.data'],True,[],False,0,False
tuning,neorv32_imem,neorv32_imem,mem_ram_b2,input-written register,False,,edge,False,['bus_req_i.data'],True,[],False,0,False
tuning,neorv32_imem,neorv32_imem,mem_ram_b3,input-written register,False,,edge,False,['bus_req_i.data'],True,[],False,0,False
tuning,neorv32_imem,neorv32_imem,rdata,exported state register,False,,mixed,False,[],,['bus_rsp_o.data'],False,0,False
tuning,neorv32_imem,neorv32_imem,rden,input-written register,False,,edge,False,"['bus_req_i.rw', 'bus_req_i.stb']",False,[],True,1,False
tuning,neorv32_imem,neorv32_imem,rstn_i,input port,True,in,not assigned,False,[],,[],,0,False
tuning,neorv32_spi,neorv32_spi,bus_req_i,input port,True,in,not assigned,True,[],,[],,0,False
tuning,neorv32_spi,neorv32_spi,bus_req_i.addr,input port,True,in,not assigned,False,[],,[],,13,True
tuning,neorv32_spi,neorv32_spi,bus_req_i.amo,input port,True,in,not assigned,False,[],,[],,0,False
tuning,neorv32_spi,neorv32_spi,bus_req_i.amoop,input port,True,in,not assigned,False,[],,[],,0,False
tuning,neorv32_spi,neorv32_spi,bus_req_i.ben,input port,True,in,not assigned,False,[],,[],,0,False
tuning,neorv32_spi,neorv32_spi,bus_req_i.data,input port,True,in,not assigned,False,[],,[],,0,False
tuning,neorv32_spi,neorv32_spi,bus_req_i.debug,input port,True,in,not assigned,False,[],,[],,0,False
tuning,neorv32_spi,neorv32_spi,bus_req_i.fence,input port,True,in,not assigned,False,[],,[],,0,False
tuning,neorv32_spi,neorv32_spi,bus_req_i.lock,input port,True,in,not assigned,False,[],,[],,0,False
tuning,neorv32_spi,neorv32_spi,bus_req_i.priv,input port,True,in,not assigned,False,[],,[],,0,False
tuning,neorv32_spi,neorv32_spi,bus_req_i.rw,input port,True,in,not assigned,False,[],,[],,13,True
tuning,neorv32_spi,neorv32_spi,bus_req_i.src,input port,True,in,not assigned,False,[],,[],,0,False
tuning,neorv32_spi,neorv32_spi,bus_req_i.stb,input port,True,in,not assigned,False,[],,[],,13,True
tuning,neorv32_spi,neorv32_spi,bus_rsp_o,output port,True,out,none,True,[],,[],,0,False
tuning,neorv32_spi,neorv32_spi,bus_rsp_o.ack,output port,True,out,edge,False,[],,[],,0,False
tuning,neorv32_spi,neorv32_spi,bus_rsp_o.data,output port,True,out,edge,False,[],,[],,0,False
tuning,neorv32_spi,neorv32_spi,bus_rsp_o.err,output port,True,out,edge,False,[],,[],,0,False
tuning,neorv32_spi,neorv32_spi,cdiv_cnt,internal state register,False,,edge,False,[],,[],True,0,False
tuning,neorv32_spi,neorv32_spi,clk_i,input port,True,in,not assigned,False,[],,[],,0,False
tuning,neorv32_spi,neorv32_spi,clkgen_en_o,output port,True,out,none,False,[],,[],,0,False
tuning,neorv32_spi,neorv32_spi,clkgen_i,input port,True,in,not assigned,False,[],,[],,2,False
tuning,neorv32_spi,neorv32_spi,ctrl,input-written register,False,,not assigned,True,[],,[],,0,False
tuning,neorv32_spi,neorv32_spi,ctrl.cdiv,input-written register,False,,edge,False,['bus_req_i.data'],True,['bus_rsp_o.data'],True,0,False
tuning,neorv32_spi,neorv32_spi,ctrl.cpha,input-written register,False,,edge,False,['bus_req_i.data'],True,['bus_rsp_o.data'],True,1,False
tuning,neorv32_spi,neorv32_spi,ctrl.cpol,input-written register,False,,edge,False,['bus_req_i.data'],True,['bus_rsp_o.data'],True,0,False
tuning,neorv32_spi,neorv32_spi,ctrl.enable,input-written register,False,,edge,False,['bus_req_i.data'],True,"['bus_rsp_o.data', 'clkgen_en_o', 'irq_o']",True,2,False
tuning,neorv32_spi,neorv32_spi,ctrl.highspeed,input-written register,False,,edge,False,['bus_req_i.data'],True,['bus_rsp_o.data'],True,2,False
tuning,neorv32_spi,neorv32_spi,ctrl.irq_idle,input-written register,False,,edge,False,['bus_req_i.data'],True,"['bus_rsp_o.data', 'irq_o']",True,0,False
tuning,neorv32_spi,neorv32_spi,ctrl.irq_rx_avail,input-written register,False,,edge,False,['bus_req_i.data'],True,"['bus_rsp_o.data', 'irq_o']",True,0,False
tuning,neorv32_spi,neorv32_spi,ctrl.irq_tx_empty,input-written register,False,,edge,False,['bus_req_i.data'],True,"['bus_rsp_o.data', 'irq_o']",True,0,False
tuning,neorv32_spi,neorv32_spi,ctrl.irq_tx_nhalf,input-written register,False,,edge,False,['bus_req_i.data'],True,"['bus_rsp_o.data', 'irq_o']",True,0,False
tuning,neorv32_spi,neorv32_spi,ctrl.prsc,input-written register,False,,edge,False,['bus_req_i.data'],True,['bus_rsp_o.data'],True,2,False
tuning,neorv32_spi,neorv32_spi,irq_o,output port,True,out,edge,False,[],,[],,0,False
tuning,neorv32_spi,neorv32_spi,rstn_i,input port,True,in,not assigned,False,[],,[],,0,False
tuning,neorv32_spi,neorv32_spi,rtx_engine,input-written register,False,,not assigned,True,[],,[],,0,False
tuning,neorv32_spi,neorv32_spi,rtx_engine.bitcnt,internal state register,False,,edge,False,[],,[],True,3,False
tuning,neorv32_spi,neorv32_spi,rtx_engine.busy,combinational data,False,,none,False,[],,[],,0,False
tuning,neorv32_spi,neorv32_spi,rtx_engine.cs_ctrl,exported state register,False,,edge,False,[],,['bus_rsp_o.data'],True,1,False
tuning,neorv32_spi,neorv32_spi,rtx_engine.done,internal state register,False,,edge,False,[],,[],True,0,False
tuning,neorv32_spi,neorv32_spi,rtx_engine.sck,exported state register,False,,edge,False,[],,['spi_clk_o'],True,0,False
tuning,neorv32_spi,neorv32_spi,rtx_engine.sdi_sync,input-written register,False,,edge,False,['spi_dat_i'],False,[],True,0,False
tuning,neorv32_spi,neorv32_spi,rtx_engine.sreg,exported state register,False,,edge,False,[],,['spi_dat_o'],True,0,False
tuning,neorv32_spi,neorv32_spi,rtx_engine.state,internal state register,False,,edge,False,[],,[],True,8,False
tuning,neorv32_spi,neorv32_spi,rx_fifo,sub-unit interface,False,,not assigned,True,[],,[],,0,False
tuning,neorv32_spi,neorv32_spi,rx_fifo.avail,sub-unit interface,False,,not assigned,False,[],,[],,0,False
tuning,neorv32_spi,neorv32_spi,rx_fifo.clear,sub-unit interface,False,,none,False,[],,[],,0,False
tuning,neorv32_spi,neorv32_spi,rx_fifo.free,sub-unit interface,False,,not assigned,False,[],,[],,0,False
tuning,neorv32_spi,neorv32_spi,rx_fifo.half,sub-unit interface,False,,not assigned,False,[],,[],,0,False
tuning,neorv32_spi,neorv32_spi,rx_fifo.rdata,sub-unit interface,False,,not assigned,False,[],,[],,0,False
tuning,neorv32_spi,neorv32_spi,rx_fifo.re,sub-unit interface,False,,none,False,[],,[],,0,False
tuning,neorv32_spi,neorv32_spi,rx_fifo.wdata,sub-unit interface,False,,none,False,[],,[],,0,False
tuning,neorv32_spi,neorv32_spi,rx_fifo.we,sub-unit interface,False,,none,False,[],,[],,0,False
tuning,neorv32_spi,neorv32_spi,spi_clk_en,internal state register,False,,edge,False,[],,[],True,6,False
tuning,neorv32_spi,neorv32_spi,spi_clk_o,output port,True,out,none,False,[],,[],,0,False
tuning,neorv32_spi,neorv32_spi,spi_csn_o,output port,True,out,edge,False,[],,[],,0,False
tuning,neorv32_spi,neorv32_spi,spi_dat_i,input port,True,in,not assigned,False,[],,[],,0,False
tuning,neorv32_spi,neorv32_spi,spi_dat_o,output port,True,out,none,False,[],,[],,0,False
tuning,neorv32_spi,neorv32_spi,tx_fifo,sub-unit interface,False,,not assigned,True,[],,[],,0,False
tuning,neorv32_spi,neorv32_spi,tx_fifo.avail,sub-unit interface,False,,not assigned,False,[],,[],,3,False
tuning,neorv32_spi,neorv32_spi,tx_fifo.clear,sub-unit interface,False,,none,False,[],,[],,0,False
tuning,neorv32_spi,neorv32_spi,tx_fifo.free,sub-unit interface,False,,not assigned,False,[],,[],,0,False
tuning,neorv32_spi,neorv32_spi,tx_fifo.half,sub-unit interface,False,,not assigned,False,[],,[],,0,False
tuning,neorv32_spi,neorv32_spi,tx_fifo.rdata,sub-unit interface,False,,not assigned,False,[],,[],,3,False
tuning,neorv32_spi,neorv32_spi,tx_fifo.re,sub-unit interface,False,,none,False,[],,[],,0,False
tuning,neorv32_spi,neorv32_spi,tx_fifo.wdata,sub-unit interface,False,,none,False,[],,[],,0,False
tuning,neorv32_spi,neorv32_spi,tx_fifo.we,sub-unit interface,False,,none,False,[],,[],,0,False
tuning,neorv32_sys,neorv32_sys_clock,clk_en_o,output port,True,out,none,False,[],,[],,0,False
tuning,neorv32_sys,neorv32_sys_clock,clk_i,input port,True,in,not assigned,False,[],,[],,0,False
tuning,neorv32_sys,neorv32_sys_clock,cnt,exported state register,False,,edge,False,[],,['clk_en_o'],True,0,False
tuning,neorv32_sys,neorv32_sys_clock,cnt2,exported state register,False,,edge,False,[],,['clk_en_o'],True,0,False
tuning,neorv32_sys,neorv32_sys_clock,en,input-written register,False,,edge,False,['enable_i'],False,[],True,1,False
tuning,neorv32_sys,neorv32_sys_clock,enable_i,input port,True,in,not assigned,False,[],,[],,0,False
tuning,neorv32_sys,neorv32_sys_clock,rstn_i,input port,True,in,not assigned,False,[],,[],,0,False
tuning,neorv32_sys,neorv32_sys_reset,clk_i,input port,True,in,not assigned,False,[],,[],,0,False
tuning,neorv32_sys,neorv32_sys_reset,rstn_dbg_i,input port,True,in,not assigned,False,[],,[],,1,False
tuning,neorv32_sys,neorv32_sys_reset,rstn_ext_i,input port,True,in,not assigned,False,[],,[],,0,False
tuning,neorv32_sys,neorv32_sys_reset,rstn_ext_o,output port,True,out,edge,False,[],,[],,0,False
tuning,neorv32_sys,neorv32_sys_reset,rstn_sys_o,output port,True,out,edge,False,[],,[],,0,False
tuning,neorv32_sys,neorv32_sys_reset,rstn_wdt_i,input port,True,in,not assigned,False,[],,[],,1,False
tuning,neorv32_sys,neorv32_sys_reset,sreg_ext,exported state register,False,,edge,False,[],,['rstn_ext_o'],True,0,False
tuning,neorv32_sys,neorv32_sys_reset,sreg_sys,exported state register,False,,edge,False,[],,['rstn_sys_o'],True,0,False
tuning,neorv32_sys,neorv32_sys_reset,xrstn_ocd_o,output port,True,out,edge,False,[],,[],,0,False
tuning,neorv32_sys,neorv32_sys_reset,xrstn_wdt_o,output port,True,out,edge,False,[],,[],,0,False
tuning,neorv32_trng,neoTRNG,cell_en_in,sub-unit interface,False,,none,False,[],,[],,0,False
tuning,neorv32_trng,neoTRNG,cell_en_out,sub-unit interface,False,,not assigned,False,[],,[],,0,False
tuning,neorv32_trng,neoTRNG,cell_rnd,sub-unit interface,False,,not assigned,False,[],,[],,0,False
tuning,neorv32_trng,neoTRNG,cell_sum,combinational data,False,,none,False,[],,[],,0,False
tuning,neorv32_trng,neoTRNG,clk_i,input port,True,in,not assigned,False,[],,[],,0,False
tuning,neorv32_trng,neoTRNG,data_o,output port,True,out,none,False,[],,[],,0,False
tuning,neorv32_trng,neoTRNG,debias_data,combinational data,False,,none,False,[],,[],,0,False
tuning,neorv32_trng,neoTRNG,debias_sreg,internal state register,False,,edge,False,[],,[],True,0,False
tuning,neorv32_trng,neoTRNG,debias_state,internal state register,False,,edge,False,[],,[],True,0,False
tuning,neorv32_trng,neoTRNG,debias_valid,combinational decision,False,,none,False,[],,[],,2,False
tuning,neorv32_trng,neoTRNG,enable_i,input port,True,in,not assigned,False,[],,[],,0,False
tuning,neorv32_trng,neoTRNG,rstn_i,input port,True,in,not assigned,False,[],,[],,0,False
tuning,neorv32_trng,neoTRNG,sample_cnt,exported state register,False,,edge,False,[],,['valid_o'],True,1,False
tuning,neorv32_trng,neoTRNG,sample_en,input-written register,False,,edge,False,['enable_i'],False,[],True,2,False
tuning,neorv32_trng,neoTRNG,sample_sreg,exported state register,False,,edge,False,[],,['data_o'],True,0,False
tuning,neorv32_trng,neoTRNG,valid_o,output port,True,out,none,False,[],,[],,0,False
tuning,neorv32_trng,neoTRNG_cell,clk_i,input port,True,in,not assigned,False,[],,[],,0,False
tuning,neorv32_trng,neoTRNG_cell,en_i,input port,True,in,not assigned,False,[],,[],,1,False
tuning,neorv32_trng,neoTRNG_cell,en_o,output port,True,out,none,False,[],,[],,0,False
tuning,neorv32_trng,neoTRNG_cell,inv_in,combinational data,False,,none,False,[],,[],,0,False
tuning,neorv32_trng,neoTRNG_cell,inv_out,internal state register,False,,mixed,False,[],,[],False,0,False
tuning,neorv32_trng,neoTRNG_cell,latch,combinational data,False,,none,False,[],,[],,0,False
tuning,neorv32_trng,neoTRNG_cell,rnd_o,output port,True,out,none,False,[],,[],,0,False
tuning,neorv32_trng,neoTRNG_cell,rstn_i,input port,True,in,not assigned,False,[],,[],,0,False
tuning,neorv32_trng,neoTRNG_cell,sreg,input-written register,False,,edge,False,['en_i'],False,['en_o'],True,1,False
tuning,neorv32_trng,neoTRNG_cell,sync,exported state register,False,,edge,False,[],,['rnd_o'],True,0,False
tuning,neorv32_trng,neorv32_trng,bus_req_i,input port,True,in,not assigned,True,[],,[],,0,False
tuning,neorv32_trng,neorv32_trng,bus_req_i.addr,input port,True,in,not assigned,False,[],,[],,2,False
tuning,neorv32_trng,neorv32_trng,bus_req_i.amo,input port,True,in,not assigned,False,[],,[],,0,False
tuning,neorv32_trng,neorv32_trng,bus_req_i.amoop,input port,True,in,not assigned,False,[],,[],,0,False
tuning,neorv32_trng,neorv32_trng,bus_req_i.ben,input port,True,in,not assigned,False,[],,[],,0,False
tuning,neorv32_trng,neorv32_trng,bus_req_i.data,input port,True,in,not assigned,False,[],,[],,0,False
tuning,neorv32_trng,neorv32_trng,bus_req_i.debug,input port,True,in,not assigned,False,[],,[],,0,False
tuning,neorv32_trng,neorv32_trng,bus_req_i.fence,input port,True,in,not assigned,False,[],,[],,0,False
tuning,neorv32_trng,neorv32_trng,bus_req_i.lock,input port,True,in,not assigned,False,[],,[],,0,False
tuning,neorv32_trng,neorv32_trng,bus_req_i.priv,input port,True,in,not assigned,False,[],,[],,0,False
tuning,neorv32_trng,neorv32_trng,bus_req_i.rw,input port,True,in,not assigned,False,[],,[],,4,True
tuning,neorv32_trng,neorv32_trng,bus_req_i.src,input port,True,in,not assigned,False,[],,[],,0,False
tuning,neorv32_trng,neorv32_trng,bus_req_i.stb,input port,True,in,not assigned,False,[],,[],,4,True
tuning,neorv32_trng,neorv32_trng,bus_rsp_o,output port,True,out,none,True,[],,[],,0,False
tuning,neorv32_trng,neorv32_trng,bus_rsp_o.ack,output port,True,out,edge,False,[],,[],,0,False
tuning,neorv32_trng,neorv32_trng,bus_rsp_o.data,output port,True,out,edge,False,[],,[],,0,False
tuning,neorv32_trng,neorv32_trng,bus_rsp_o.err,output port,True,out,edge,False,[],,[],,0,False
tuning,neorv32_trng,neorv32_trng,clk_i,input port,True,in,not assigned,False,[],,[],,0,False
tuning,neorv32_trng,neorv32_trng,enable,input-written register,False,,edge,False,['bus_req_i.data'],True,['bus_rsp_o.data'],True,1,False
tuning,neorv32_trng,neorv32_trng,fifo,sub-unit interface,False,,not assigned,True,[],,[],,0,False
tuning,neorv32_trng,neorv32_trng,fifo.avail,sub-unit interface,False,,not assigned,False,[],,[],,1,False
tuning,neorv32_trng,neorv32_trng,fifo.clear,sub-unit interface,False,,none,False,[],,[],,0,False
tuning,neorv32_trng,neorv32_trng,fifo.free,sub-unit interface,False,,not assigned,False,[],,[],,0,False
tuning,neorv32_trng,neorv32_trng,fifo.half,sub-unit interface,False,,not assigned,False,[],,[],,0,False
tuning,neorv32_trng,neorv32_trng,fifo.rdata,sub-unit interface,False,,not assigned,False,[],,[],,0,False
tuning,neorv32_trng,neorv32_trng,fifo.re,sub-unit interface,False,,none,False,[],,[],,0,False
tuning,neorv32_trng,neorv32_trng,fifo.wdata,sub-unit interface,False,,not assigned,False,[],,[],,0,False
tuning,neorv32_trng,neorv32_trng,fifo.we,sub-unit interface,False,,not assigned,False,[],,[],,0,False
tuning,neorv32_trng,neorv32_trng,fifo_clr,input-written register,False,,edge,False,['bus_req_i.data'],True,[],True,1,False
tuning,neorv32_trng,neorv32_trng,rstn_i,input port,True,in,not assigned,False,[],,[],,0,False
tuning,neorv32_twi,neorv32_twi,bus_req_i,input port,True,in,not assigned,True,[],,[],,0,False
tuning,neorv32_twi,neorv32_twi,bus_req_i.addr,input port,True,in,not assigned,False,[],,[],,7,True
tuning,neorv32_twi,neorv32_twi,bus_req_i.amo,input port,True,in,not assigned,False,[],,[],,0,False
tuning,neorv32_twi,neorv32_twi,bus_req_i.amoop,input port,True,in,not assigned,False,[],,[],,0,False
tuning,neorv32_twi,neorv32_twi,bus_req_i.ben,input port,True,in,not assigned,False,[],,[],,0,False
tuning,neorv32_twi,neorv32_twi,bus_req_i.data,input port,True,in,not assigned,False,[],,[],,0,False
tuning,neorv32_twi,neorv32_twi,bus_req_i.debug,input port,True,in,not assigned,False,[],,[],,0,False
tuning,neorv32_twi,neorv32_twi,bus_req_i.fence,input port,True,in,not assigned,False,[],,[],,0,False
tuning,neorv32_twi,neorv32_twi,bus_req_i.lock,input port,True,in,not assigned,False,[],,[],,0,False
tuning,neorv32_twi,neorv32_twi,bus_req_i.priv,input port,True,in,not assigned,False,[],,[],,0,False
tuning,neorv32_twi,neorv32_twi,bus_req_i.rw,input port,True,in,not assigned,False,[],,[],,7,True
tuning,neorv32_twi,neorv32_twi,bus_req_i.src,input port,True,in,not assigned,False,[],,[],,0,False
tuning,neorv32_twi,neorv32_twi,bus_req_i.stb,input port,True,in,not assigned,False,[],,[],,7,True
tuning,neorv32_twi,neorv32_twi,bus_rsp_o,output port,True,out,none,True,[],,[],,0,False
tuning,neorv32_twi,neorv32_twi,bus_rsp_o.ack,output port,True,out,edge,False,[],,[],,0,False
tuning,neorv32_twi,neorv32_twi,bus_rsp_o.data,output port,True,out,edge,False,[],,[],,0,False
tuning,neorv32_twi,neorv32_twi,bus_rsp_o.err,output port,True,out,edge,False,[],,[],,0,False
tuning,neorv32_twi,neorv32_twi,clk_gen,internal state register,False,,not assigned,True,[],,[],,0,False
tuning,neorv32_twi,neorv32_twi,clk_gen.cnt,internal state register,False,,edge,False,[],,[],True,0,False
tuning,neorv32_twi,neorv32_twi,clk_gen.halt,combinational decision,False,,none,False,[],,[],,1,False
tuning,neorv32_twi,neorv32_twi,clk_gen.phase,combinational decision,False,,none,False,[],,[],,6,False
tuning,neorv32_twi,neorv32_twi,clk_gen.phase_gen,internal state register,False,,edge,False,[],,[],True,0,False
tuning,neorv32_twi,neorv32_twi,clk_gen.phase_gen_ff,internal state register,False,,edge,False,[],,[],True,0,False
tuning,neorv32_twi,neorv32_twi,clk_gen.tick,internal state register,False,,edge,False,[],,[],True,3,False
tuning,neorv32_twi,neorv32_twi,clk_i,input port,True,in,not assigned,False,[],,[],,0,False
tuning,neorv32_twi,neorv32_twi,clkgen_en_o,output port,True,out,none,False,[],,[],,0,False
tuning,neorv32_twi,neorv32_twi,clkgen_i,input port,True,in,not assigned,False,[],,[],,2,False
tuning,neorv32_twi,neorv32_twi,ctrl,input-written register,False,,not assigned,True,[],,[],,0,False
tuning,neorv32_twi,neorv32_twi,ctrl.cdiv,input-written register,False,,edge,False,['bus_req_i.data'],True,['bus_rsp_o.data'],True,0,False
tuning,neorv32_twi,neorv32_twi,ctrl.clkstr,input-written register,False,,edge,False,['bus_req_i.data'],True,['bus_rsp_o.data'],False,1,False
tuning,neorv32_twi,neorv32_twi,ctrl.enable,input-written register,False,,edge,False,['bus_req_i.data'],True,"['bus_rsp_o.data', 'clkgen_en_o', 'irq_o']",True,3,False
tuning,neorv32_twi,neorv32_twi,ctrl.prsc,input-written register,False,,edge,False,['bus_req_i.data'],True,['bus_rsp_o.data'],True,2,False
tuning,neorv32_twi,neorv32_twi,engine,internal state register,False,,not assigned,True,[],,[],,0,False
tuning,neorv32_twi,neorv32_twi,engine.bitcnt,internal state register,False,,edge,False,[],,[],True,3,False
tuning,neorv32_twi,neorv32_twi,engine.busy,combinational decision,False,,none,False,[],,[],,2,False
tuning,neorv32_twi,neorv32_twi,engine.done,internal state register,False,,edge,False,[],,[],True,0,False
tuning,neorv32_twi,neorv32_twi,engine.sreg,internal state register,False,,edge,False,[],,[],True,0,False
tuning,neorv32_twi,neorv32_twi,engine.state,internal state register,False,,edge,False,[],,[],True,6,False
tuning,neorv32_twi,neorv32_twi,fifo,sub-unit interface,False,,not assigned,True,[],,[],,0,False
tuning,neorv32_twi,neorv32_twi,fifo.clear,sub-unit interface,False,,none,False,[],,[],,0,False
tuning,neorv32_twi,neorv32_twi,fifo.rx_avail,sub-unit interface,False,,not assigned,False,[],,[],,0,False
tuning,neorv32_twi,neorv32_twi,fifo.rx_free,sub-unit interface,False,,not assigned,False,[],,[],,0,False
tuning,neorv32_twi,neorv32_twi,fifo.rx_rdata,sub-unit interface,False,,not assigned,False,[],,[],,0,False
tuning,neorv32_twi,neorv32_twi,fifo.rx_re,sub-unit interface,False,,none,False,[],,[],,0,False
tuning,neorv32_twi,neorv32_twi,fifo.rx_wdata,sub-unit interface,False,,none,False,[],,[],,0,False
tuning,neorv32_twi,neorv32_twi,fifo.rx_we,sub-unit interface,False,,none,False,[],,[],,0,False
tuning,neorv32_twi,neorv32_twi,fifo.tx_avail,sub-unit interface,False,,not assigned,False,[],,[],,2,False
tuning,neorv32_twi,neorv32_twi,fifo.tx_free,sub-unit interface,False,,not assigned,False,[],,[],,0,False
tuning,neorv32_twi,neorv32_twi,fifo.tx_rdata,sub-unit interface,False,,not assigned,False,[],,[],,0,False
tuning,neorv32_twi,neorv32_twi,fifo.tx_re,sub-unit interface,False,,none,False,[],,[],,0,False
tuning,neorv32_twi,neorv32_twi,fifo.tx_wdata,sub-unit interface,False,,none,False,[],,[],,0,False
tuning,neorv32_twi,neorv32_twi,fifo.tx_we,sub-unit interface,False,,none,False,[],,[],,0,False
tuning,neorv32_twi,neorv32_twi,io_con,exported state register,False,,not assigned,True,[],,[],,0,False
tuning,neorv32_twi,neorv32_twi,io_con.scl_in,combinational data,False,,none,False,[],,[],,0,False
tuning,neorv32_twi,neorv32_twi,io_con.scl_in_ff,exported state register,False,,edge,False,[],,['bus_rsp_o.data'],True,1,False
tuning,neorv32_twi,neorv32_twi,io_con.scl_out,exported state register,False,,edge,False,[],,['twi_scl_o'],True,1,False
tuning,neorv32_twi,neorv32_twi,io_con.sda_in,combinational data,False,,none,False,[],,[],,0,False
tuning,neorv32_twi,neorv32_twi,io_con.sda_in_ff,exported state register,False,,edge,False,[],,['bus_rsp_o.data'],True,0,False
tuning,neorv32_twi,neorv32_twi,io_con.sda_out,exported state register,False,,edge,False,[],,['twi_sda_o'],True,0,False
tuning,neorv32_twi,neorv32_twi,irq_o,output port,True,out,edge,False,[],,[],,0,False
tuning,neorv32_twi,neorv32_twi,rstn_i,input port,True,in,not assigned,False,[],,[],,0,False
tuning,neorv32_twi,neorv32_twi,twi_scl_i,input port,True,in,not assigned,False,[],,[],,0,False
tuning,neorv32_twi,neorv32_twi,twi_scl_o,output port,True,out,none,False,[],,[],,0,False
tuning,neorv32_twi,neorv32_twi,twi_sda_i,input port,True,in,not assigned,False,[],,[],,0,False
tuning,neorv32_twi,neorv32_twi,twi_sda_o,output port,True,out,none,False,[],,[],,0,False
tuning,neorv32_uart,neorv32_uart,bus_req_i,input port,True,in,not assigned,True,[],,[],,0,False
tuning,neorv32_uart,neorv32_uart,bus_req_i.addr,input port,True,in,not assigned,False,[],,[],,15,True
tuning,neorv32_uart,neorv32_uart,bus_req_i.amo,input port,True,in,not assigned,False,[],,[],,0,False
tuning,neorv32_uart,neorv32_uart,bus_req_i.amoop,input port,True,in,not assigned,False,[],,[],,0,False
tuning,neorv32_uart,neorv32_uart,bus_req_i.ben,input port,True,in,not assigned,False,[],,[],,0,False
tuning,neorv32_uart,neorv32_uart,bus_req_i.data,input port,True,in,not assigned,False,[],,[],,0,False
tuning,neorv32_uart,neorv32_uart,bus_req_i.debug,input port,True,in,not assigned,False,[],,[],,0,False
tuning,neorv32_uart,neorv32_uart,bus_req_i.fence,input port,True,in,not assigned,False,[],,[],,0,False
tuning,neorv32_uart,neorv32_uart,bus_req_i.lock,input port,True,in,not assigned,False,[],,[],,0,False
tuning,neorv32_uart,neorv32_uart,bus_req_i.priv,input port,True,in,not assigned,False,[],,[],,0,False
tuning,neorv32_uart,neorv32_uart,bus_req_i.rw,input port,True,in,not assigned,False,[],,[],,15,True
tuning,neorv32_uart,neorv32_uart,bus_req_i.src,input port,True,in,not assigned,False,[],,[],,0,False
tuning,neorv32_uart,neorv32_uart,bus_req_i.stb,input port,True,in,not assigned,False,[],,[],,15,True
tuning,neorv32_uart,neorv32_uart,bus_rsp_o,output port,True,out,none,True,[],,[],,0,False
tuning,neorv32_uart,neorv32_uart,bus_rsp_o.ack,output port,True,out,edge,False,[],,[],,0,False
tuning,neorv32_uart,neorv32_uart,bus_rsp_o.data,output port,True,out,edge,False,[],,[],,0,False
tuning,neorv32_uart,neorv32_uart,bus_rsp_o.err,output port,True,out,edge,False,[],,[],,0,False
tuning,neorv32_uart,neorv32_uart,clk_i,input port,True,in,not assigned,False,[],,[],,0,False
tuning,neorv32_uart,neorv32_uart,clkgen_en_o,output port,True,out,none,False,[],,[],,0,False
tuning,neorv32_uart,neorv32_uart,clkgen_i,input port,True,in,not assigned,False,[],,[],,0,False
tuning,neorv32_uart,neorv32_uart,ctrl,input-written register,False,,not assigned,True,[],,[],,0,False
tuning,neorv32_uart,neorv32_uart,ctrl.baud,input-written register,False,,edge,False,['bus_req_i.data'],True,['bus_rsp_o.data'],True,0,False
tuning,neorv32_uart,neorv32_uart,ctrl.clr_rx,input-written register,False,,edge,False,['bus_req_i.data'],True,[],True,1,False
tuning,neorv32_uart,neorv32_uart,ctrl.clr_tx,input-written register,False,,edge,False,['bus_req_i.data'],True,[],True,1,False
tuning,neorv32_uart,neorv32_uart,ctrl.enable,input-written register,False,,edge,False,['bus_req_i.data'],True,"['bus_rsp_o.data', 'clkgen_en_o', 'irq_rx_o', 'irq_tx_o']",True,4,False
tuning,neorv32_uart,neorv32_uart,ctrl.hwfc_en,input-written register,False,,edge,False,['bus_req_i.data'],True,['bus_rsp_o.data'],True,2,False
tuning,neorv32_uart,neorv32_uart,ctrl.irq_rx_full,input-written register,False,,edge,False,['bus_req_i.data'],True,"['bus_rsp_o.data', 'irq_rx_o']",True,0,False
tuning,neorv32_uart,neorv32_uart,ctrl.irq_rx_half,input-written register,False,,edge,False,['bus_req_i.data'],True,"['bus_rsp_o.data', 'irq_rx_o']",True,0,False
tuning,neorv32_uart,neorv32_uart,ctrl.irq_rx_nempty,input-written register,False,,edge,False,['bus_req_i.data'],True,"['bus_rsp_o.data', 'irq_rx_o']",True,0,False
tuning,neorv32_uart,neorv32_uart,ctrl.irq_tx_empty,input-written register,False,,edge,False,['bus_req_i.data'],True,"['bus_rsp_o.data', 'irq_tx_o']",True,0,False
tuning,neorv32_uart,neorv32_uart,ctrl.irq_tx_nhalf,input-written register,False,,edge,False,['bus_req_i.data'],True,"['bus_rsp_o.data', 'irq_tx_o']",True,0,False
tuning,neorv32_uart,neorv32_uart,ctrl.prsc,input-written register,False,,edge,False,['bus_req_i.data'],True,['bus_rsp_o.data'],True,1,False
tuning,neorv32_uart,neorv32_uart,ctrl.sim_mode,input-written register,False,,edge,False,['bus_req_i.data'],True,['bus_rsp_o.data'],True,2,False
tuning,neorv32_uart,neorv32_uart,irq_rx_o,output port,True,out,edge,False,[],,[],,0,False
tuning,neorv32_uart,neorv32_uart,irq_tx_o,output port,True,out,edge,False,[],,[],,0,False
tuning,neorv32_uart,neorv32_uart,rstn_i,input port,True,in,not assigned,False,[],,[],,0,False
tuning,neorv32_uart,neorv32_uart,rx_engine,input-written register,False,,not assigned,True,[],,[],,0,False
tuning,neorv32_uart,neorv32_uart,rx_engine.baudcnt,internal state register,False,,edge,False,[],,[],True,2,False
tuning,neorv32_uart,neorv32_uart,rx_engine.bitcnt,internal state register,False,,edge,False,[],,[],True,2,False
tuning,neorv32_uart,neorv32_uart,rx_engine.done,internal state register,False,,edge,False,[],,[],True,0,False
tuning,neorv32_uart,neorv32_uart,rx_engine.over,exported state register,False,,edge,False,[],,['bus_rsp_o.data'],True,0,False
tuning,neorv32_uart,neorv32_uart,rx_engine.sreg,internal state register,False,,edge,False,[],,[],True,0,False
tuning,neorv32_uart,neorv32_uart,rx_engine.state,internal state register,False,,edge,False,[],,[],True,4,False
tuning,neorv32_uart,neorv32_uart,rx_engine.sync,input-written register,False,,edge,False,['uart_rxd_i'],False,[],True,1,False
tuning,neorv32_uart,neorv32_uart,rx_fifo,sub-unit interface,False,,not assigned,True,[],,[],,0,False
tuning,neorv32_uart,neorv32_uart,rx_fifo.avail,sub-unit interface,False,,not assigned,False,[],,[],,0,False
tuning,neorv32_uart,neorv32_uart,rx_fifo.clear,sub-unit interface,False,,none,False,[],,[],,0,False
tuning,neorv32_uart,neorv32_uart,rx_fifo.free,sub-unit interface,False,,not assigned,False,[],,[],,1,False
tuning,neorv32_uart,neorv32_uart,rx_fifo.half,sub-unit interface,False,,not assigned,False,[],,[],,1,False
tuning,neorv32_uart,neorv32_uart,rx_fifo.rdata,sub-unit interface,False,,not assigned,False,[],,[],,0,False
tuning,neorv32_uart,neorv32_uart,rx_fifo.re,sub-unit interface,False,,none,False,[],,[],,0,False
tuning,neorv32_uart,neorv32_uart,rx_fifo.wdata,sub-unit interface,False,,none,False,[],,[],,0,False
tuning,neorv32_uart,neorv32_uart,rx_fifo.we,sub-unit interface,False,,none,False,[],,[],,1,False
tuning,neorv32_uart,neorv32_uart,tx_engine,input-written register,False,,not assigned,True,[],,[],,0,False
tuning,neorv32_uart,neorv32_uart,tx_engine.baudcnt,internal state register,False,,edge,False,[],,[],True,2,False
tuning,neorv32_uart,neorv32_uart,tx_engine.bitcnt,internal state register,False,,edge,False,[],,[],True,2,False
tuning,neorv32_uart,neorv32_uart,tx_engine.busy,combinational data,False,,none,False,[],,[],,0,False
tuning,neorv32_uart,neorv32_uart,tx_engine.cts,input-written register,False,,edge,False,['uart_ctsn_i'],False,[],True,1,False
tuning,neorv32_uart,neorv32_uart,tx_engine.done,internal state register,False,,edge,False,[],,[],True,0,False
tuning,neorv32_uart,neorv32_uart,tx_engine.sreg,internal state register,False,,edge,False,[],,[],True,0,False
tuning,neorv32_uart,neorv32_uart,tx_engine.state,internal state register,False,,edge,False,[],,[],True,7,False
tuning,neorv32_uart,neorv32_uart,tx_engine.txd,exported state register,False,,edge,False,[],,['uart_txd_o'],True,0,False
tuning,neorv32_uart,neorv32_uart,tx_fifo,sub-unit interface,False,,not assigned,True,[],,[],,0,False
tuning,neorv32_uart,neorv32_uart,tx_fifo.avail,sub-unit interface,False,,not assigned,False,[],,[],,1,False
tuning,neorv32_uart,neorv32_uart,tx_fifo.clear,sub-unit interface,False,,none,False,[],,[],,0,False
tuning,neorv32_uart,neorv32_uart,tx_fifo.free,sub-unit interface,False,,not assigned,False,[],,[],,0,False
tuning,neorv32_uart,neorv32_uart,tx_fifo.half,sub-unit interface,False,,not assigned,False,[],,[],,0,False
tuning,neorv32_uart,neorv32_uart,tx_fifo.rdata,sub-unit interface,False,,not assigned,False,[],,[],,0,False
tuning,neorv32_uart,neorv32_uart,tx_fifo.re,sub-unit interface,False,,none,False,[],,[],,0,False
tuning,neorv32_uart,neorv32_uart,tx_fifo.wdata,sub-unit interface,False,,none,False,[],,[],,0,False
tuning,neorv32_uart,neorv32_uart,tx_fifo.we,sub-unit interface,False,,none,False,[],,[],,0,False
tuning,neorv32_uart,neorv32_uart,uart_clk,combinational decision,False,,none,False,[],,[],,8,False
tuning,neorv32_uart,neorv32_uart,uart_ctsn_i,input port,True,in,not assigned,False,[],,[],,0,False
tuning,neorv32_uart,neorv32_uart,uart_rtsn_o,output port,True,out,edge,False,[],,[],,0,False
tuning,neorv32_uart,neorv32_uart,uart_rxd_i,input port,True,in,not assigned,False,[],,[],,0,False
tuning,neorv32_uart,neorv32_uart,uart_txd_o,output port,True,out,none,False,[],,[],,0,False
tuning,neorv32_wdt,neorv32_wdt,bus_req_i,input port,True,in,not assigned,True,[],,[],,0,False
tuning,neorv32_wdt,neorv32_wdt,bus_req_i.addr,input port,True,in,not assigned,False,[],,[],,6,True
tuning,neorv32_wdt,neorv32_wdt,bus_req_i.amo,input port,True,in,not assigned,False,[],,[],,0,False
tuning,neorv32_wdt,neorv32_wdt,bus_req_i.amoop,input port,True,in,not assigned,False,[],,[],,0,False
tuning,neorv32_wdt,neorv32_wdt,bus_req_i.ben,input port,True,in,not assigned,False,[],,[],,0,False
tuning,neorv32_wdt,neorv32_wdt,bus_req_i.data,input port,True,in,not assigned,False,[],,[],,2,False
tuning,neorv32_wdt,neorv32_wdt,bus_req_i.debug,input port,True,in,not assigned,False,[],,[],,0,False
tuning,neorv32_wdt,neorv32_wdt,bus_req_i.fence,input port,True,in,not assigned,False,[],,[],,0,False
tuning,neorv32_wdt,neorv32_wdt,bus_req_i.lock,input port,True,in,not assigned,False,[],,[],,0,False
tuning,neorv32_wdt,neorv32_wdt,bus_req_i.priv,input port,True,in,not assigned,False,[],,[],,0,False
tuning,neorv32_wdt,neorv32_wdt,bus_req_i.rw,input port,True,in,not assigned,False,[],,[],,7,True
tuning,neorv32_wdt,neorv32_wdt,bus_req_i.src,input port,True,in,not assigned,False,[],,[],,0,False
tuning,neorv32_wdt,neorv32_wdt,bus_req_i.stb,input port,True,in,not assigned,False,[],,[],,7,True
tuning,neorv32_wdt,neorv32_wdt,bus_rsp_o,output port,True,out,none,True,[],,[],,0,False
tuning,neorv32_wdt,neorv32_wdt,bus_rsp_o.ack,output port,True,out,edge,False,[],,[],,0,False
tuning,neorv32_wdt,neorv32_wdt,bus_rsp_o.data,output port,True,out,edge,False,[],,[],,0,False
tuning,neorv32_wdt,neorv32_wdt,bus_rsp_o.err,output port,True,out,edge,False,[],,[],,0,False
tuning,neorv32_wdt,neorv32_wdt,clk_i,input port,True,in,not assigned,False,[],,[],,0,False
tuning,neorv32_wdt,neorv32_wdt,clkgen_en_o,output port,True,out,none,False,[],,[],,0,False
tuning,neorv32_wdt,neorv32_wdt,clkgen_i,input port,True,in,not assigned,False,[],,[],,0,False
tuning,neorv32_wdt,neorv32_wdt,cnt,internal state register,False,,edge,False,[],,[],True,0,False
tuning,neorv32_wdt,neorv32_wdt,cnt_inc,internal state register,False,,edge,False,[],,[],True,1,False
tuning,neorv32_wdt,neorv32_wdt,cnt_started,internal state register,False,,edge,False,[],,[],True,1,False
tuning,neorv32_wdt,neorv32_wdt,cnt_timeout,combinational data,False,,none,False,[],,[],,0,False
tuning,neorv32_wdt,neorv32_wdt,ctrl,input-written register,False,,not assigned,True,[],,[],,0,False
tuning,neorv32_wdt,neorv32_wdt,ctrl.enable,input-written register,False,,edge,False,['bus_req_i.data'],True,"['bus_rsp_o.data', 'clkgen_en_o']",True,1,False
tuning,neorv32_wdt,neorv32_wdt,ctrl.lock,input-written register,False,,edge,False,['bus_req_i.data'],True,['bus_rsp_o.data'],True,4,True
tuning,neorv32_wdt,neorv32_wdt,ctrl.strict,input-written register,False,,edge,False,['bus_req_i.data'],True,['bus_rsp_o.data'],True,0,False
tuning,neorv32_wdt,neorv32_wdt,ctrl.timeout,input-written register,False,,edge,False,['bus_req_i.data'],True,['bus_rsp_o.data'],True,0,False
tuning,neorv32_wdt,neorv32_wdt,hw_rst_access,exported state register,False,,edge,False,[],,['rstn_o'],True,1,False
tuning,neorv32_wdt,neorv32_wdt,hw_rst_timeout,exported state register,False,,edge,False,[],,['rstn_o'],True,1,False
tuning,neorv32_wdt,neorv32_wdt,prsc_tick,combinational data,False,,none,False,[],,[],,0,False
tuning,neorv32_wdt,neorv32_wdt,reset_cause,exported state register,False,,edge,False,[],,['bus_rsp_o.data'],True,0,False
tuning,neorv32_wdt,neorv32_wdt,reset_force,internal state register,False,,edge,False,[],,[],True,0,False
tuning,neorv32_wdt,neorv32_wdt,reset_wdt,internal state register,False,,edge,False,[],,[],True,1,False
tuning,neorv32_wdt,neorv32_wdt,rstn_dbg_i,input port,True,in,not assigned,False,[],,[],,1,False
tuning,neorv32_wdt,neorv32_wdt,rstn_ext_i,input port,True,in,not assigned,False,[],,[],,0,False
tuning,neorv32_wdt,neorv32_wdt,rstn_o,output port,True,out,none,False,[],,[],,0,False
tuning,neorv32_wdt,neorv32_wdt,rstn_sys_i,input port,True,in,not assigned,False,[],,[],,0,False
heldout,neorv32_cpu_alu,neorv32_cpu_alu,add_o,output port,True,out,none,False,[],,[],,0,False
heldout,neorv32_cpu_alu,neorv32_cpu_alu,addsub_res,combinational data,False,,none,False,[],,[],,0,False
heldout,neorv32_cpu_alu,neorv32_cpu_alu,cfu_active,sub-unit interface,False,,none,False,[],,[],,0,False
heldout,neorv32_cpu_alu,neorv32_cpu_alu,cfu_busy,exported state register,False,,mixed,False,[],,['done_o'],True,1,False
heldout,neorv32_cpu_alu,neorv32_cpu_alu,cfu_csr_en,combinational decision,False,,none,False,[],,[],,1,False
heldout,neorv32_cpu_alu,neorv32_cpu_alu,cfu_csr_rd,sub-unit interface,False,,not assigned,False,[],,[],,0,False
heldout,neorv32_cpu_alu,neorv32_cpu_alu,cfu_csr_we,sub-unit interface,False,,none,False,[],,[],,0,False
heldout,neorv32_cpu_alu,neorv32_cpu_alu,cfu_done,sub-unit interface,False,,not assigned,False,[],,[],,2,False
heldout,neorv32_cpu_alu,neorv32_cpu_alu,cfu_res,sub-unit interface,False,,not assigned,False,[],,[],,0,False
heldout,neorv32_cpu_alu,neorv32_cpu_alu,clk_i,input port,True,in,not assigned,False,[],,[],,0,False
heldout,neorv32_cpu_alu,neorv32_cpu_alu,cmp,sub-unit interface,False,,none,False,[],,[],,0,False
heldout,neorv32_cpu_alu,neorv32_cpu_alu,cmp_o,output port,True,out,none,False,[],,[],,0,False
heldout,neorv32_cpu_alu,neorv32_cpu_alu,cmp_rs1,combinational decision,False,,none,False,[],,[],,0,False
heldout,neorv32_cpu_alu,neorv32_cpu_alu,cmp_rs2,combinational decision,False,,none,False,[],,[],,0,False
heldout,neorv32_cpu_alu,neorv32_cpu_alu,cp_res,combinational data,False,,none,False,[],,[],,0,False
heldout,neorv32_cpu_alu,neorv32_cpu_alu,cp_result,exported state register,False,,mixed,False,[],,['res_o'],True,0,False
heldout,neorv32_cpu_alu,neorv32_cpu_alu,cp_shamt,sub-unit interface,False,,none,False,[],,[],,0,False
heldout,neorv32_cpu_alu,neorv32_cpu_alu,cp_valid,sub-unit interface,False,,none,False,[],,[],,0,False
heldout,neorv32_cpu_alu,neorv32_cpu_alu,csr_o,output port,True,out,none,False,[],,[],,0,False
heldout,neorv32_cpu_alu,neorv32_cpu_alu,csr_rdata_cfu,combinational data,False,,none,False,[],,[],,0,False
heldout,neorv32_cpu_alu,neorv32_cpu_alu,csr_rdata_fpu,combinational data,False,,none,False,[],,[],,0,False
heldout,neorv32_cpu_alu,neorv32_cpu_alu,ctrl_i,input port,True,in,not assigned,True,[],,[],,0,False
heldout,neorv32_cpu_alu,neorv32_cpu_alu,ctrl_i.alu_cp_alu,input port,True,in,not assigned,False,[],,[],,0,False
heldout,neorv32_cpu_alu,neorv32_cpu_alu,ctrl_i.alu_cp_cfu,input port,True,in,not assigned,False,[],,[],,2,False
heldout,neorv32_cpu_alu,neorv32_cpu_alu,ctrl_i.alu_cp_fpu,input port,True,in,not assigned,False,[],,[],,0,False
heldout,neorv32_cpu_alu,neorv32_cpu_alu,ctrl_i.alu_imm,input port,True,in,not assigned,False,[],,[],,0,False
heldout,neorv32_cpu_alu,neorv32_cpu_alu,ctrl_i.alu_op,input port,True,in,not assigned,False,[],,[],,1,False
heldout,neorv32_cpu_alu,neorv32_cpu_alu,ctrl_i.alu_opa_mux,input port,True,in,not assigned,False,[],,[],,1,False
heldout,neorv32_cpu_alu,neorv32_cpu_alu,ctrl_i.alu_opb_mux,input port,True,in,not assigned,False,[],,[],,1,False
heldout,neorv32_cpu_alu,neorv32_cpu_alu,ctrl_i.alu_sub,input port,True,in,not assigned,False,[],,[],,1,False
heldout,neorv32_cpu_alu,neorv32_cpu_alu,ctrl_i.alu_unsigned,input port,True,in,not assigned,False,[],,[],,0,False
heldout,neorv32_cpu_alu,neorv32_cpu_alu,ctrl_i.cnt_event,input port,True,in,not assigned,False,[],,[],,0,False
heldout,neorv32_cpu_alu,neorv32_cpu_alu,ctrl_i.cnt_halt,input port,True,in,not assigned,False,[],,[],,0,False
heldout,neorv32_cpu_alu,neorv32_cpu_alu,ctrl_i.cpu_debug,input port,True,in,not assigned,False,[],,[],,0,False
heldout,neorv32_cpu_alu,neorv32_cpu_alu,ctrl_i.cpu_priv,input port,True,in,not assigned,False,[],,[],,0,False
heldout,neorv32_cpu_alu,neorv32_cpu_alu,ctrl_i.cpu_sleep,input port,True,in,not assigned,False,[],,[],,0,False
heldout,neorv32_cpu_alu,neorv32_cpu_alu,ctrl_i.cpu_trap,input port,True,in,not assigned,False,[],,[],,1,False
heldout,neorv32_cpu_alu,neorv32_cpu_alu,ctrl_i.csr_addr,input port,True,in,not assigned,False,[],,[],,2,False
heldout,neorv32_cpu_alu,neorv32_cpu_alu,ctrl_i.csr_re,input port,True,in,not assigned,False,[],,[],,0,False
heldout,neorv32_cpu_alu,neorv32_cpu_alu,ctrl_i.csr_wdata,input port,True,in,not assigned,False,[],,[],,0,False
heldout,neorv32_cpu_alu,neorv32_cpu_alu,ctrl_i.csr_we,input port,True,in,not assigned,False,[],,[],,0,False
heldout,neorv32_cpu_alu,neorv32_cpu_alu,ctrl_i.if_ack,input port,True,in,not assigned,False,[],,[],,0,False
heldout,neorv32_cpu_alu,neorv32_cpu_alu,ctrl_i.if_fence,input port,True,in,not assigned,False,[],,[],,0,False
heldout,neorv32_cpu_alu,neorv32_cpu_alu,ctrl_i.if_reset,input port,True,in,not assigned,False,[],,[],,0,False
heldout,neorv32_cpu_alu,neorv32_cpu_alu,ctrl_i.ir_funct12,input port,True,in,not assigned,False,[],,[],,0,False
heldout,neorv32_cpu_alu,neorv32_cpu_alu,ctrl_i.ir_funct3,input port,True,in,not assigned,False,[],,[],,0,False
heldout,neorv32_cpu_alu,neorv32_cpu_alu,ctrl_i.ir_opcode,input port,True,in,not assigned,False,[],,[],,0,False
heldout,neorv32_cpu_alu,neorv32_cpu_alu,ctrl_i.lsu_amo,input port,True,in,not assigned,False,[],,[],,0,False
heldout,neorv32_cpu_alu,neorv32_cpu_alu,ctrl_i.lsu_fence,input port,True,in,not assigned,False,[],,[],,0,False
heldout,neorv32_cpu_alu,neorv32_cpu_alu,ctrl_i.lsu_mo_we,input port,True,in,not assigned,False,[],,[],,0,False
heldout,neorv32_cpu_alu,neorv32_cpu_alu,ctrl_i.lsu_priv,input port,True,in,not assigned,False,[],,[],,0,False
heldout,neorv32_cpu_alu,neorv32_cpu_alu,ctrl_i.lsu_req,input port,True,in,not assigned,False,[],,[],,0,False
heldout,neorv32_cpu_alu,neorv32_cpu_alu,ctrl_i.lsu_rw,input port,True,in,not assigned,False,[],,[],,0,False
heldout,neorv32_cpu_alu,neorv32_cpu_alu,ctrl_i.pc_cur,input port,True,in,not assigned,False,[],,[],,0,False
heldout,neorv32_cpu_alu,neorv32_cpu_alu,ctrl_i.pc_nxt,input port,True,in,not assigned,False,[],,[],,0,False
heldout,neorv32_cpu_alu,neorv32_cpu_alu,ctrl_i.pc_ret,input port,True,in,not assigned,False,[],,[],,0,False
heldout,neorv32_cpu_alu,neorv32_cpu_alu,ctrl_i.rf_rd,input port,True,in,not assigned,False,[],,[],,0,False
heldout,neorv32_cpu_alu,neorv32_cpu_alu,ctrl_i.rf_rs1,input port,True,in,not assigned,False,[],,[],,0,False
heldout,neorv32_cpu_alu,neorv32_cpu_alu,ctrl_i.rf_rs2,input port,True,in,not assigned,False,[],,[],,0,False
heldout,neorv32_cpu_alu,neorv32_cpu_alu,ctrl_i.rf_wb_en,input port,True,in,not assigned,False,[],,[],,0,False
heldout,neorv32_cpu_alu,neorv32_cpu_alu,ctrl_i.rf_zero_we,input port,True,in,not assigned,False,[],,[],,0,False
heldout,neorv32_cpu_alu,neorv32_cpu_alu,done_o,output port,True,out,none,False,[],,[],,0,False
heldout,neorv32_cpu_alu,neorv32_cpu_alu,fpu_csr_en,combinational decision,False,,none,False,[],,[],,1,False
heldout,neorv32_cpu_alu,neorv32_cpu_alu,fpu_csr_rd,sub-unit interface,False,,not assigned,False,[],,[],,0,False
heldout,neorv32_cpu_alu,neorv32_cpu_alu,fpu_csr_we,sub-unit interface,False,,none,False,[],,[],,0,False
heldout,neorv32_cpu_alu,neorv32_cpu_alu,opa,combinational data,False,,none,False,[],,[],,0,False
heldout,neorv32_cpu_alu,neorv32_cpu_alu,opa_x,combinational data,False,,none,False,[],,[],,0,False
heldout,neorv32_cpu_alu,neorv32_cpu_alu,opb,combinational data,False,,none,False,[],,[],,0,False
heldout,neorv32_cpu_alu,neorv32_cpu_alu,opb_x,combinational data,False,,none,False,[],,[],,0,False
heldout,neorv32_cpu_alu,neorv32_cpu_alu,res_o,output port,True,out,none,False,[],,[],,0,False
heldout,neorv32_cpu_alu,neorv32_cpu_alu,rs1_i,input port,True,in,not assigned,False,[],,[],,0,False
heldout,neorv32_cpu_alu,neorv32_cpu_alu,rs2_i,input port,True,in,not assigned,False,[],,[],,0,False
heldout,neorv32_cpu_alu,neorv32_cpu_alu,rs3_i,input port,True,in,not assigned,False,[],,[],,0,False
heldout,neorv32_cpu_alu,neorv32_cpu_alu,rstn_i,input port,True,in,not assigned,False,[],,[],,0,False
heldout,neorv32_cpu_control,neorv32_cpu_control,alu_add_i,input port,True,in,not assigned,False,[],,[],,0,False
heldout,neorv32_cpu_control,neorv32_cpu_control,alu_cmp_i,input port,True,in,not assigned,False,[],,[],,0,False
heldout,neorv32_cpu_control,neorv32_cpu_control,alu_cp_done_i,input port,True,in,not assigned,False,[],,[],,2,False
heldout,neorv32_cpu_control,neorv32_cpu_control,branch_taken,combinational decision,False,,none,False,[],,[],,3,False
heldout,neorv32_cpu_control,neorv32_cpu_control,clk_i,input port,True,in,not assigned,False,[],,[],,0,False
heldout,neorv32_cpu_control,neorv32_cpu_control,cnt_event,combinational data,False,,none,False,[],,[],,0,False
heldout,neorv32_cpu_control,neorv32_cpu_control,csr,input-written register,False,,not assigned,True,[],,[],,0,False
heldout,neorv32_cpu_control,neorv32_cpu_control,csr.addr,exported state register,False,,edge,False,[],,['ctrl_o.csr_addr'],True,26,False
heldout,neorv32_cpu_control,neorv32_cpu_control,csr.dcsr_cause,internal state register,False,,edge,False,[],,[],True,0,False
heldout,neorv32_cpu_control,neorv32_cpu_control,csr.dcsr_ebreakm,internal state register,False,,edge,False,[],,[],True,0,False
heldout,neorv32_cpu_control,neorv32_cpu_control,csr.dcsr_ebreaku,internal state register,False,,edge,False,[],,[],True,0,False
heldout,neorv32_cpu_control,neorv32_cpu_control,csr.dcsr_prv,internal state register,False,,edge,False,[],,[],True,1,False
heldout,neorv32_cpu_control,neorv32_cpu_control,csr.dcsr_rd,combinational data,False,,none,False,[],,[],,0,False
heldout,neorv32_cpu_control,neorv32_cpu_control,csr.dcsr_step,internal state register,False,,edge,False,[],,[],True,1,False
heldout,neorv32_cpu_control,neorv32_cpu_control,csr.dpc,internal state register,False,,edge,False,[],,[],True,0,False
heldout,neorv32_cpu_control,neorv32_cpu_control,csr.dscratch0,internal state register,False,,edge,False,[],,[],True,0,False
heldout,neorv32_cpu_control,neorv32_cpu_control,csr.mcause,internal state register,False,,edge,False,[],,[],True,0,False
heldout,neorv32_cpu_control,neorv32_cpu_control,csr.mcounteren_cy,internal state register,False,,edge,False,[],,[],True,1,False
heldout,neorv32_cpu_control,neorv32_cpu_control,csr.mcounteren_ir,internal state register,False,,edge,False,[],,[],True,1,False
heldout,neorv32_cpu_control,neorv32_cpu_control,csr.mcountinhibit,exported state register,False,,edge,False,[],,['ctrl_o.cnt_halt'],True,0,False
heldout,neorv32_cpu_control,neorv32_cpu_control,csr.mepc,internal state register,False,,edge,False,[],,[],True,0,False
heldout,neorv32_cpu_control,neorv32_cpu_control,csr.mie_firq,internal state register,False,,edge,False,[],,[],True,0,False
heldout,neorv32_cpu_control,neorv32_cpu_control,csr.mie_mei,internal state register,False,,edge,False,[],,[],True,0,False
heldout,neorv32_cpu_control,neorv32_cpu_control,csr.mie_msi,internal state register,False,,edge,False,[],,[],True,0,False
heldout,neorv32_cpu_control,neorv32_cpu_control,csr.mie_mti,internal state register,False,,edge,False,[],,[],True,0,False
heldout,neorv32_cpu_control,neorv32_cpu_control,csr.mscratch,internal state register,False,,edge,False,[],,[],True,0,False
heldout,neorv32_cpu_control,neorv32_cpu_control,csr.mstatus_mie,internal state register,False,,edge,False,[],,[],True,1,False
heldout,neorv32_cpu_control,neorv32_cpu_control,csr.mstatus_mpie,internal state register,False,,edge,False,[],,[],True,0,False
heldout,neorv32_cpu_control,neorv32_cpu_control,csr.mstatus_mpp,exported state register,False,,edge,False,[],,['ctrl_o.lsu_priv'],True,1,False
heldout,neorv32_cpu_control,neorv32_cpu_control,csr.mstatus_mprv,internal state register,False,,edge,False,[],,[],True,1,False
heldout,neorv32_cpu_control,neorv32_cpu_control,csr.mstatus_tw,internal state register,False,,edge,False,[],,[],True,0,False
heldout,neorv32_cpu_control,neorv32_cpu_control,csr.mtinst,internal state register,False,,edge,False,[],,[],True,0,False
heldout,neorv32_cpu_control,neorv32_cpu_control,csr.mtval,input-written register,False,,edge,False,['lsu_mar_i'],False,[],True,0,False
heldout,neorv32_cpu_control,neorv32_cpu_control,csr.mtvec,internal state register,False,,edge,False,[],,[],True,1,False
heldout,neorv32_cpu_control,neorv32_cpu_control,csr.operand,combinational data,False,,none,False,[],,[],,0,False
heldout,neorv32_cpu_control,neorv32_cpu_control,csr.prv_level,exported state register,False,,edge,False,[],,"['ctrl_o.cpu_priv', 'ctrl_o.lsu_priv']",True,1,False
heldout,neorv32_cpu_control,neorv32_cpu_control,csr.prv_level_eff,combinational decision,False,,none,False,[],,[],,1,False
heldout,neorv32_cpu_control,neorv32_cpu_control,csr.rdata,input-written register,False,,edge,False,['xcsr_rdata_i'],False,"['csr_rdata_o', 'ctrl_o.csr_wdata']",True,0,False
heldout,neorv32_cpu_control,neorv32_cpu_control,csr.re,exported state register,False,,edge,False,[],,['ctrl_o.csr_re'],True,1,False
heldout,neorv32_cpu_control,neorv32_cpu_control,csr.re_nxt,combinational data,False,,none,False,[],,[],,0,False
heldout,neorv32_cpu_control,neorv32_cpu_control,csr.tdata1_execute,internal state register,False,,edge,False,[],,[],True,1,False
heldout,neorv32_cpu_control,neorv32_cpu_control,csr.tdata1_rd,combinational data,False,,none,False,[],,[],,0,False
heldout,neorv32_cpu_control,neorv32_cpu_control,csr.tdata2,internal state register,False,,edge,False,[],,[],True,0,False
heldout,neorv32_cpu_control,neorv32_cpu_control,csr.wdata,combinational decision,False,,none,False,[],,[],,1,False
heldout,neorv32_cpu_control,neorv32_cpu_control,csr.we,exported state register,False,,edge,False,[],,['ctrl_o.csr_we'],True,29,False
heldout,neorv32_cpu_control,neorv32_cpu_control,csr.we_nxt,combinational data,False,,none,False,[],,[],,0,False
heldout,neorv32_cpu_control,neorv32_cpu_control,csr_rdata_o,output port,True,out,none,False,[],,[],,0,False
heldout,neorv32_cpu_control,neorv32_cpu_control,csr_valid,combinational decision,False,,none,False,[],,[],,1,False
heldout,neorv32_cpu_control,neorv32_cpu_control,ctrl,exported state register,False,,edge,True,[],,[],,0,False
heldout,neorv32_cpu_control,neorv32_cpu_control,ctrl.alu_cp_alu,exported state register,False,,edge,False,[],,['ctrl_o.alu_cp_alu'],True,0,False
heldout,neorv32_cpu_control,neorv32_cpu_control,ctrl.alu_cp_cfu,exported state register,False,,edge,False,[],,['ctrl_o.alu_cp_cfu'],True,0,False
heldout,neorv32_cpu_control,neorv32_cpu_control,ctrl.alu_cp_fpu,exported state register,False,,edge,False,[],,['ctrl_o.alu_cp_fpu'],True,0,False
heldout,neorv32_cpu_control,neorv32_cpu_control,ctrl.alu_imm,internal state register,False,,edge,False,[],,[],True,0,False
heldout,neorv32_cpu_control,neorv32_cpu_control,ctrl.alu_op,exported state register,False,,edge,False,[],,['ctrl_o.alu_op'],True,0,False
heldout,neorv32_cpu_control,neorv32_cpu_control,ctrl.alu_opa_mux,exported state register,False,,edge,False,[],,['ctrl_o.alu_opa_mux'],True,0,False
heldout,neorv32_cpu_control,neorv32_cpu_control,ctrl.alu_opb_mux,exported state register,False,,edge,False,[],,['ctrl_o.alu_opb_mux'],True,0,False
heldout,neorv32_cpu_control,neorv32_cpu_control,ctrl.alu_sub,exported state register,False,,edge,False,[],,['ctrl_o.alu_sub'],True,0,False
heldout,neorv32_cpu_control,neorv32_cpu_control,ctrl.alu_unsigned,exported state register,False,,edge,False,[],,['ctrl_o.alu_unsigned'],True,0,False
heldout,neorv32_cpu_control,neorv32_cpu_control,ctrl.cnt_event,internal state register,False,,edge,False,[],,[],True,0,False
heldout,neorv32_cpu_control,neorv32_cpu_control,ctrl.cnt_halt,internal state register,False,,edge,False,[],,[],True,0,False
heldout,neorv32_cpu_control,neorv32_cpu_control,ctrl.cpu_debug,internal state register,False,,edge,False,[],,[],True,0,False
heldout,neorv32_cpu_control,neorv32_cpu_control,ctrl.cpu_priv,internal state register,False,,edge,False,[],,[],True,0,False
heldout,neorv32_cpu_control,neorv32_cpu_control,ctrl.cpu_sleep,internal state register,False,,edge,False,[],,[],True,0,False
heldout,neorv32_cpu_control,neorv32_cpu_control,ctrl.cpu_trap,internal state register,False,,edge,False,[],,[],True,0,False
heldout,neorv32_cpu_control,neorv32_cpu_control,ctrl.csr_addr,internal state register,False,,edge,False,[],,[],True,0,False
heldout,neorv32_cpu_control,neorv32_cpu_control,ctrl.csr_re,internal state register,False,,edge,False,[],,[],True,0,False
heldout,neorv32_cpu_control,neorv32_cpu_control,ctrl.csr_wdata,internal state register,False,,edge,False,[],,[],True,0,False
heldout,neorv32_cpu_control,neorv32_cpu_control,ctrl.csr_we,internal state register,False,,edge,False,[],,[],True,0,False
heldout,neorv32_cpu_control,neorv32_cpu_control,ctrl.if_ack,internal state register,False,,edge,False,[],,[],True,0,False
heldout,neorv32_cpu_control,neorv32_cpu_control,ctrl.if_fence,exported state register,False,,edge,False,[],,['ctrl_o.if_fence'],True,0,False
heldout,neorv32_cpu_control,neorv32_cpu_control,ctrl.if_reset,internal state register,False,,edge,False,[],,[],True,0,False
heldout,neorv32_cpu_control,neorv32_cpu_control,ctrl.ir_funct12,internal state register,False,,edge,False,[],,[],True,0,False
heldout,neorv32_cpu_control,neorv32_cpu_control,ctrl.ir_funct3,internal state register,False,,edge,False,[],,[],True,0,False
heldout,neorv32_cpu_control,neorv32_cpu_control,ctrl.ir_opcode,internal state register,False,,edge,False,[],,[],True,0,False
heldout,neorv32_cpu_control,neorv32_cpu_control,ctrl.lsu_amo,exported state register,False,,edge,False,[],,['ctrl_o.lsu_amo'],True,0,False
heldout,neorv32_cpu_control,neorv32_cpu_control,ctrl.lsu_fence,exported state register,False,,edge,False,[],,['ctrl_o.lsu_fence'],True,0,False
heldout,neorv32_cpu_control,neorv32_cpu_control,ctrl.lsu_mo_we,internal state register,False,,edge,False,[],,[],True,0,False
heldout,neorv32_cpu_control,neorv32_cpu_control,ctrl.lsu_priv,internal state register,False,,edge,False,[],,[],True,0,False
heldout,neorv32_cpu_control,neorv32_cpu_control,ctrl.lsu_req,exported state register,False,,edge,False,[],,['ctrl_o.lsu_req'],True,1,False
heldout,neorv32_cpu_control,neorv32_cpu_control,ctrl.lsu_rw,exported state register,False,,edge,False,[],,['ctrl_o.lsu_rw'],True,0,False
heldout,neorv32_cpu_control,neorv32_cpu_control,ctrl.pc_cur,internal state register,False,,edge,False,[],,[],True,0,False
heldout,neorv32_cpu_control,neorv32_cpu_control,ctrl.pc_nxt,internal state register,False,,edge,False,[],,[],True,0,False
heldout,neorv32_cpu_control,neorv32_cpu_control,ctrl.pc_ret,internal state register,False,,edge,False,[],,[],True,0,False
heldout,neorv32_cpu_control,neorv32_cpu_control,ctrl.rf_rd,internal state register,False,,edge,False,[],,[],True,0,False
heldout,neorv32_cpu_control,neorv32_cpu_control,ctrl.rf_rs1,internal state register,False,,edge,False,[],,[],True,0,False
heldout,neorv32_cpu_control,neorv32_cpu_control,ctrl.rf_rs2,internal state register,False,,edge,False,[],,[],True,0,False
heldout,neorv32_cpu_control,neorv32_cpu_control,ctrl.rf_wb_en,exported state register,False,,edge,False,[],,['ctrl_o.rf_wb_en'],True,0,False
heldout,neorv32_cpu_control,neorv32_cpu_control,ctrl.rf_zero_we,exported state register,False,,edge,False,[],,['ctrl_o.rf_zero_we'],True,0,False
heldout,neorv32_cpu_control,neorv32_cpu_control,ctrl_nxt,combinational data,False,,none,True,[],,[],,0,False
heldout,neorv32_cpu_control,neorv32_cpu_control,ctrl_nxt.alu_cp_alu,combinational data,False,,none,False,[],,[],,0,False
heldout,neorv32_cpu_control,neorv32_cpu_control,ctrl_nxt.alu_cp_cfu,combinational data,False,,none,False,[],,[],,0,False
heldout,neorv32_cpu_control,neorv32_cpu_control,ctrl_nxt.alu_cp_fpu,combinational data,False,,none,False,[],,[],,0,False
heldout,neorv32_cpu_control,neorv32_cpu_control,ctrl_nxt.alu_imm,not assigned here,False,,not assigned,False,[],,[],,0,False
heldout,neorv32_cpu_control,neorv32_cpu_control,ctrl_nxt.alu_op,combinational data,False,,none,False,[],,[],,0,False
heldout,neorv32_cpu_control,neorv32_cpu_control,ctrl_nxt.alu_opa_mux,combinational data,False,,none,False,[],,[],,0,False
heldout,neorv32_cpu_control,neorv32_cpu_control,ctrl_nxt.alu_opb_mux,combinational data,False,,none,False,[],,[],,0,False
heldout,neorv32_cpu_control,neorv32_cpu_control,ctrl_nxt.alu_sub,combinational data,False,,none,False,[],,[],,0,False
heldout,neorv32_cpu_control,neorv32_cpu_control,ctrl_nxt.alu_unsigned,combinational data,False,,none,False,[],,[],,0,False
heldout,neorv32_cpu_control,neorv32_cpu_control,ctrl_nxt.cnt_event,not assigned here,False,,not assigned,False,[],,[],,0,False
heldout,neorv32_cpu_control,neorv32_cpu_control,ctrl_nxt.cnt_halt,not assigned here,False,,not assigned,False,[],,[],,0,False
heldout,neorv32_cpu_control,neorv32_cpu_control,ctrl_nxt.cpu_debug,not assigned here,False,,not assigned,False,[],,[],,0,False
heldout,neorv32_cpu_control,neorv32_cpu_control,ctrl_nxt.cpu_priv,not assigned here,False,,not assigned,False,[],,[],,0,False
heldout,neorv32_cpu_control,neorv32_cpu_control,ctrl_nxt.cpu_sleep,not assigned here,False,,not assigned,False,[],,[],,0,False
heldout,neorv32_cpu_control,neorv32_cpu_control,ctrl_nxt.cpu_trap,not assigned here,False,,not assigned,False,[],,[],,0,False
heldout,neorv32_cpu_control,neorv32_cpu_control,ctrl_nxt.csr_addr,not assigned here,False,,not assigned,False,[],,[],,0,False
heldout,neorv32_cpu_control,neorv32_cpu_control,ctrl_nxt.csr_re,not assigned here,False,,not assigned,False,[],,[],,0,False
heldout,neorv32_cpu_control,neorv32_cpu_control,ctrl_nxt.csr_wdata,not assigned here,False,,not assigned,False,[],,[],,0,False
heldout,neorv32_cpu_control,neorv32_cpu_control,ctrl_nxt.csr_we,not assigned here,False,,not assigned,False,[],,[],,0,False
heldout,neorv32_cpu_control,neorv32_cpu_control,ctrl_nxt.if_ack,not assigned here,False,,not assigned,False,[],,[],,0,False
heldout,neorv32_cpu_control,neorv32_cpu_control,ctrl_nxt.if_fence,combinational data,False,,none,False,[],,[],,0,False
heldout,neorv32_cpu_control,neorv32_cpu_control,ctrl_nxt.if_reset,not assigned here,False,,not assigned,False,[],,[],,0,False
heldout,neorv32_cpu_control,neorv32_cpu_control,ctrl_nxt.ir_funct12,not assigned here,False,,not assigned,False,[],,[],,0,False
heldout,neorv32_cpu_control,neorv32_cpu_control,ctrl_nxt.ir_funct3,not assigned here,False,,not assigned,False,[],,[],,0,False
heldout,neorv32_cpu_control,neorv32_cpu_control,ctrl_nxt.ir_opcode,not assigned here,False,,not assigned,False,[],,[],,0,False
heldout,neorv32_cpu_control,neorv32_cpu_control,ctrl_nxt.lsu_amo,combinational data,False,,none,False,[],,[],,0,False
heldout,neorv32_cpu_control,neorv32_cpu_control,ctrl_nxt.lsu_fence,combinational data,False,,none,False,[],,[],,0,False
heldout,neorv32_cpu_control,neorv32_cpu_control,ctrl_nxt.lsu_mo_we,not assigned here,False,,not assigned,False,[],,[],,0,False
heldout,neorv32_cpu_control,neorv32_cpu_control,ctrl_nxt.lsu_priv,not assigned here,False,,not assigned,False,[],,[],,0,False
heldout,neorv32_cpu_control,neorv32_cpu_control,ctrl_nxt.lsu_req,combinational data,False,,none,False,[],,[],,0,False
heldout,neorv32_cpu_control,neorv32_cpu_control,ctrl_nxt.lsu_rw,combinational data,False,,none,False,[],,[],,0,False
heldout,neorv32_cpu_control,neorv32_cpu_control,ctrl_nxt.pc_cur,not assigned here,False,,not assigned,False,[],,[],,0,False
heldout,neorv32_cpu_control,neorv32_cpu_control,ctrl_nxt.pc_nxt,not assigned here,False,,not assigned,False,[],,[],,0,False
heldout,neorv32_cpu_control,neorv32_cpu_control,ctrl_nxt.pc_ret,not assigned here,False,,not assigned,False,[],,[],,0,False
heldout,neorv32_cpu_control,neorv32_cpu_control,ctrl_nxt.rf_rd,not assigned here,False,,not assigned,False,[],,[],,0,False
heldout,neorv32_cpu_control,neorv32_cpu_control,ctrl_nxt.rf_rs1,not assigned here,False,,not assigned,False,[],,[],,0,False
heldout,neorv32_cpu_control,neorv32_cpu_control,ctrl_nxt.rf_rs2,not assigned here,False,,not assigned,False,[],,[],,0,False
heldout,neorv32_cpu_control,neorv32_cpu_control,ctrl_nxt.rf_wb_en,combinational data,False,,none,False,[],,[],,0,False
heldout,neorv32_cpu_control,neorv32_cpu_control,ctrl_nxt.rf_zero_we,combinational data,False,,none,False,[],,[],,0,False
heldout,neorv32_cpu_control,neorv32_cpu_control,ctrl_o,output port,True,out,not assigned,True,[],,[],,0,False
heldout,neorv32_cpu_control,neorv32_cpu_control,ctrl_o.alu_cp_alu,output port,True,out,none,False,[],,[],,0,False
heldout,neorv32_cpu_control,neorv32_cpu_control,ctrl_o.alu_cp_cfu,output port,True,out,none,False,[],,[],,0,False
heldout,neorv32_cpu_control,neorv32_cpu_control,ctrl_o.alu_cp_fpu,output port,True,out,none,False,[],,[],,0,False
heldout,neorv32_cpu_control,neorv32_cpu_control,ctrl_o.alu_imm,output port,True,out,none,False,[],,[],,0,False
heldout,neorv32_cpu_control,neorv32_cpu_control,ctrl_o.alu_op,output port,True,out,none,False,[],,[],,0,False
heldout,neorv32_cpu_control,neorv32_cpu_control,ctrl_o.alu_opa_mux,output port,True,out,none,False,[],,[],,0,False
heldout,neorv32_cpu_control,neorv32_cpu_control,ctrl_o.alu_opb_mux,output port,True,out,none,False,[],,[],,0,False
heldout,neorv32_cpu_control,neorv32_cpu_control,ctrl_o.alu_sub,output port,True,out,none,False,[],,[],,0,False
heldout,neorv32_cpu_control,neorv32_cpu_control,ctrl_o.alu_unsigned,output port,True,out,none,False,[],,[],,0,False
heldout,neorv32_cpu_control,neorv32_cpu_control,ctrl_o.cnt_event,output port,True,out,none,False,[],,[],,0,False
heldout,neorv32_cpu_control,neorv32_cpu_control,ctrl_o.cnt_halt,output port,True,out,none,False,[],,[],,0,False
heldout,neorv32_cpu_control,neorv32_cpu_control,ctrl_o.cpu_debug,output port,True,out,none,False,[],,[],,0,False
heldout,neorv32_cpu_control,neorv32_cpu_control,ctrl_o.cpu_priv,output port,True,out,none,False,[],,[],,0,False
heldout,neorv32_cpu_control,neorv32_cpu_control,ctrl_o.cpu_sleep,output port,True,out,none,False,[],,[],,0,False
heldout,neorv32_cpu_control,neorv32_cpu_control,ctrl_o.cpu_trap,output port,True,out,none,False,[],,[],,0,False
heldout,neorv32_cpu_control,neorv32_cpu_control,ctrl_o.csr_addr,output port,True,out,none,False,[],,[],,0,False
heldout,neorv32_cpu_control,neorv32_cpu_control,ctrl_o.csr_re,output port,True,out,none,False,[],,[],,0,False
heldout,neorv32_cpu_control,neorv32_cpu_control,ctrl_o.csr_wdata,output port,True,out,none,False,[],,[],,0,False
heldout,neorv32_cpu_control,neorv32_cpu_control,ctrl_o.csr_we,output port,True,out,none,False,[],,[],,0,False
heldout,neorv32_cpu_control,neorv32_cpu_control,ctrl_o.if_ack,output port,True,out,none,False,[],,[],,0,False
heldout,neorv32_cpu_control,neorv32_cpu_control,ctrl_o.if_fence,output port,True,out,none,False,[],,[],,0,False
heldout,neorv32_cpu_control,neorv32_cpu_control,ctrl_o.if_reset,output port,True,out,none,False,[],,[],,0,False
heldout,neorv32_cpu_control,neorv32_cpu_control,ctrl_o.ir_funct12,output port,True,out,none,False,[],,[],,0,False
heldout,neorv32_cpu_control,neorv32_cpu_control,ctrl_o.ir_funct3,output port,True,out,none,False,[],,[],,0,False
heldout,neorv32_cpu_control,neorv32_cpu_control,ctrl_o.ir_opcode,output port,True,out,none,False,[],,[],,0,False
heldout,neorv32_cpu_control,neorv32_cpu_control,ctrl_o.lsu_amo,output port,True,out,none,False,[],,[],,0,False
heldout,neorv32_cpu_control,neorv32_cpu_control,ctrl_o.lsu_fence,output port,True,out,none,False,[],,[],,0,False
heldout,neorv32_cpu_control,neorv32_cpu_control,ctrl_o.lsu_mo_we,output port,True,out,none,False,[],,[],,0,False
heldout,neorv32_cpu_control,neorv32_cpu_control,ctrl_o.lsu_priv,output port,True,out,none,False,[],,[],,0,False
heldout,neorv32_cpu_control,neorv32_cpu_control,ctrl_o.lsu_req,output port,True,out,none,False,[],,[],,0,False
heldout,neorv32_cpu_control,neorv32_cpu_control,ctrl_o.lsu_rw,output port,True,out,none,False,[],,[],,0,False
heldout,neorv32_cpu_control,neorv32_cpu_control,ctrl_o.pc_cur,output port,True,out,none,False,[],,[],,0,False
heldout,neorv32_cpu_control,neorv32_cpu_control,ctrl_o.pc_nxt,output port,True,out,none,False,[],,[],,0,False
heldout,neorv32_cpu_control,neorv32_cpu_control,ctrl_o.pc_ret,output port,True,out,none,False,[],,[],,0,False
heldout,neorv32_cpu_control,neorv32_cpu_control,ctrl_o.rf_rd,output port,True,out,none,False,[],,[],,0,False
heldout,neorv32_cpu_control,neorv32_cpu_control,ctrl_o.rf_rs1,output port,True,out,none,False,[],,[],,0,False
heldout,neorv32_cpu_control,neorv32_cpu_control,ctrl_o.rf_rs2,output port,True,out,none,False,[],,[],,0,False
heldout,neorv32_cpu_control,neorv32_cpu_control,ctrl_o.rf_wb_en,output port,True,out,none,False,[],,[],,0,False
heldout,neorv32_cpu_control,neorv32_cpu_control,ctrl_o.rf_zero_we,output port,True,out,none,False,[],,[],,0,False
heldout,neorv32_cpu_control,neorv32_cpu_control,debug_ctrl,exported state register,False,,not assigned,True,[],,[],,0,False
heldout,neorv32_cpu_control,neorv32_cpu_control,debug_ctrl.run,exported state register,False,,mixed,False,[],,['ctrl_o.cpu_debug'],True,18,False
heldout,neorv32_cpu_control,neorv32_cpu_control,debug_ctrl.trig_break,combinational data,False,,none,False,[],,[],,0,False
heldout,neorv32_cpu_control,neorv32_cpu_control,debug_ctrl.trig_halt,combinational data,False,,none,False,[],,[],,0,False
heldout,neorv32_cpu_control,neorv32_cpu_control,debug_ctrl.trig_hw,combinational data,False,,none,False,[],,[],,0,False
heldout,neorv32_cpu_control,neorv32_cpu_control,debug_ctrl.trig_step,combinational data,False,,none,False,[],,[],,0,False
heldout,neorv32_cpu_control,neorv32_cpu_control,exe_engine,exported state register,False,,edge,True,[],,[],,0,False
heldout,neorv32_cpu_control,neorv32_cpu_control,exe_engine.ci,internal state register,False,,edge,False,[],,[],True,2,False
heldout,neorv32_cpu_control,neorv32_cpu_control,exe_engine.ir,exported state register,False,,edge,False,[],,"['ctrl_o.csr_wdata', 'ctrl_o.ir_funct12', 'ctrl_o.ir_funct3', 'ctrl_o.ir_opcode', 'ctrl_o.rf_rd', 'ctrl_o.rf_rs1', 'ctrl_o.rf_rs2']",True,14,False
heldout,neorv32_cpu_control,neorv32_cpu_control,exe_engine.pc,exported state register,False,,edge,False,[],,['ctrl_o.pc_cur'],False,0,False
heldout,neorv32_cpu_control,neorv32_cpu_control,exe_engine.pc2,exported state register,False,,edge,False,[],,['ctrl_o.pc_nxt'],False,0,False
heldout,neorv32_cpu_control,neorv32_cpu_control,exe_engine.ra,exported state register,False,,edge,False,[],,['ctrl_o.pc_ret'],True,0,False
heldout,neorv32_cpu_control,neorv32_cpu_control,exe_engine.state,internal state register,False,,edge,False,[],,[],True,37,False
heldout,neorv32_cpu_control,neorv32_cpu_control,exe_engine_nxt,combinational data,False,,not assigned,True,[],,[],,0,False
heldout,neorv32_cpu_control,neorv32_cpu_control,exe_engine_nxt.ci,combinational data,False,,none,False,[],,[],,0,False
heldout,neorv32_cpu_control,neorv32_cpu_control,exe_engine_nxt.ir,combinational data,False,,none,False,[],,[],,0,False
heldout,neorv32_cpu_control,neorv32_cpu_control,exe_engine_nxt.pc,combinational data,False,,none,False,[],,[],,0,False
heldout,neorv32_cpu_control,neorv32_cpu_control,exe_engine_nxt.pc2,combinational data,False,,none,False,[],,[],,0,False
heldout,neorv32_cpu_control,neorv32_cpu_control,exe_engine_nxt.ra,combinational data,False,,none,False,[],,[],,0,False
heldout,neorv32_cpu_control,neorv32_cpu_control,exe_engine_nxt.state,combinational data,False,,none,False,[],,[],,0,False
heldout,neorv32_cpu_control,neorv32_cpu_control,frontend_i,input port,True,in,not assigned,True,[],,[],,0,False
heldout,neorv32_cpu_control,neorv32_cpu_control,frontend_i.compr,input port,True,in,not assigned,False,[],,[],,1,False
heldout,neorv32_cpu_control,neorv32_cpu_control,frontend_i.fault,input port,True,in,not assigned,False,[],,[],,0,False
heldout,neorv32_cpu_control,neorv32_cpu_control,frontend_i.halted,input port,True,in,not assigned,False,[],,[],,1,False
heldout,neorv32_cpu_control,neorv32_cpu_control,frontend_i.instr,input port,True,in,not assigned,False,[],,[],,0,False
heldout,neorv32_cpu_control,neorv32_cpu_control,frontend_i.valid,input port,True,in,not assigned,False,[],,[],,7,False
heldout,neorv32_cpu_control,neorv32_cpu_control,hwtrig_fired,internal state register,False,,mixed,False,[],,[],True,1,False
heldout,neorv32_cpu_control,neorv32_cpu_control,hwtrig_match,combinational decision,False,,none,False,[],,[],,7,False
heldout,neorv32_cpu_control,neorv32_cpu_control,hwtrig_start,combinational data,False,,none,False,[],,[],,0,False
heldout,neorv32_cpu_control,neorv32_cpu_control,if_ack,combinational data,False,,none,False,[],,[],,0,False
heldout,neorv32_cpu_control,neorv32_cpu_control,if_reset,combinational data,False,,none,False,[],,[],,0,False
heldout,neorv32_cpu_control,neorv32_cpu_control,illegal_cmd,combinational decision,False,,none,False,[],,[],,1,False
heldout,neorv32_cpu_control,neorv32_cpu_control,immediate,exported state register,False,,edge,False,[],,['ctrl_o.alu_imm'],True,0,False
heldout,neorv32_cpu_control,neorv32_cpu_control,irq_dbg_i,input port,True,in,not assigned,False,[],,[],,0,False
heldout,neorv32_cpu_control,neorv32_cpu_control,irq_fast_i,input port,True,in,not assigned,False,[],,[],,0,False
heldout,neorv32_cpu_control,neorv32_cpu_control,irq_machine_i,input port,True,in,not assigned,False,[],,[],,0,False
heldout,neorv32_cpu_control,neorv32_cpu_control,lsu_err_i,input port,True,in,not assigned,False,[],,[],,0,False
heldout,neorv32_cpu_control,neorv32_cpu_control,lsu_mar_i,input port,True,in,not assigned,False,[],,[],,0,False
heldout,neorv32_cpu_control,neorv32_cpu_control,lsu_wait_i,input port,True,in,not assigned,False,[],,[],,2,False
heldout,neorv32_cpu_control,neorv32_cpu_control,monitor_cnt,internal state register,False,,edge,False,[],,[],True,0,False
heldout,neorv32_cpu_control,neorv32_cpu_control,monitor_exc,combinational decision,False,,none,False,[],,[],,1,False
heldout,neorv32_cpu_control,neorv32_cpu_control,opcode,combinational decision,False,,none,False,[],,[],,18,False
heldout,neorv32_cpu_control,neorv32_cpu_control,pmp_fault_i,input port,True,in,not assigned,False,[],,[],,0,False
heldout,neorv32_cpu_control,neorv32_cpu_control,rf_rs1_i,input port,True,in,not assigned,False,[],,[],,0,False
heldout,neorv32_cpu_control,neorv32_cpu_control,rstn_i,input port,True,in,not assigned,False,[],,[],,2,False
heldout,neorv32_cpu_control,neorv32_cpu_control,sleep_mode,exported state register,False,,edge,False,[],,['ctrl_o.cpu_sleep'],True,1,False
heldout,neorv32_cpu_control,neorv32_cpu_control,trap_ctrl,input-written register,False,,not assigned,True,[],,[],,0,False
heldout,neorv32_cpu_control,neorv32_cpu_control,trap_ctrl.cause,internal state register,False,,edge,False,[],,[],True,14,False
heldout,neorv32_cpu_control,neorv32_cpu_control,trap_ctrl.ebreak,combinational data,False,,none,False,[],,[],,0,False
heldout,neorv32_cpu_control,neorv32_cpu_control,trap_ctrl.ecall,combinational data,False,,none,False,[],,[],,0,False
heldout,neorv32_cpu_control,neorv32_cpu_control,trap_ctrl.env_enter,combinational decision,False,,none,False,[],,[],,16,False
heldout,neorv32_cpu_control,neorv32_cpu_control,trap_ctrl.env_entered,internal state register,False,,edge,False,[],,[],True,1,False
heldout,neorv32_cpu_control,neorv32_cpu_control,trap_ctrl.env_exit,combinational decision,False,,none,False,[],,[],,6,False
heldout,neorv32_cpu_control,neorv32_cpu_control,trap_ctrl.env_pending,internal state register,False,,edge,False,[],,[],True,8,False
heldout,neorv32_cpu_control,neorv32_cpu_control,trap_ctrl.epc,combinational data,False,,none,False,[],,[],,0,False
heldout,neorv32_cpu_control,neorv32_cpu_control,trap_ctrl.exc_buf,input-written register,False,,edge,False,['lsu_err_i'],False,[],True,9,False
heldout,neorv32_cpu_control,neorv32_cpu_control,trap_ctrl.exc_fire,combinational decision,False,,none,False,[],,[],,8,False
heldout,neorv32_cpu_control,neorv32_cpu_control,trap_ctrl.instr_be,combinational data,False,,none,False,[],,[],,0,False
heldout,neorv32_cpu_control,neorv32_cpu_control,trap_ctrl.instr_il,combinational data,False,,none,False,[],,[],,0,False
heldout,neorv32_cpu_control,neorv32_cpu_control,trap_ctrl.instr_ma,combinational data,False,,none,False,[],,[],,0,False
heldout,neorv32_cpu_control,neorv32_cpu_control,trap_ctrl.irq_buf,internal state register,False,,edge,False,[],,[],True,2,False
heldout,neorv32_cpu_control,neorv32_cpu_control,trap_ctrl.irq_fire,combinational decision,False,,none,False,[],,[],,1,False
heldout,neorv32_cpu_control,neorv32_cpu_control,trap_ctrl.irq_pnd,input-written register,False,,edge,False,"['irq_fast_i', 'irq_machine_i']",False,[],True,0,False
heldout,neorv32_cpu_control,neorv32_cpu_control,trap_ctrl.wakeup,combinational decision,False,,none,False,[],,[],,2,False
heldout,neorv32_cpu_control,neorv32_cpu_control,xcsr_rdata_i,input port,True,in,not assigned,False,[],,[],,0,False
heldout,neorv32_cpu_counters,neorv32_cpu_counters,cfg_acc,combinational data,False,,none,False,[],,[],,0,False
heldout,neorv32_cpu_counters,neorv32_cpu_counters,cfg_re,combinational decision,False,,none,False,[],,[],,1,False
heldout,neorv32_cpu_counters,neorv32_cpu_counters,cfg_we,combinational decision,False,,none,False,[],,[],,1,False
heldout,neorv32_cpu_counters,neorv32_cpu_counters,clk_i,input port,True,in,not assigned,False,[],,[],,0,False
heldout,neorv32_cpu_counters,neorv32_cpu_counters,cnt_acc,combinational data,False,,none,False,[],,[],,0,False
heldout,neorv32_cpu_counters,neorv32_cpu_counters,cnt_en,input-written register,False,,edge,False,"['ctrl_i.cnt_event', 'ctrl_i.cnt_halt', 'ctrl_i.cpu_debug']",False,[],True,0,False
heldout,neorv32_cpu_counters,neorv32_cpu_counters,cnt_re,sub-unit interface,False,,none,False,[],,[],,0,False
heldout,neorv32_cpu_counters,neorv32_cpu_counters,cnt_we,sub-unit interface,False,,none,False,[],,[],,0,False
heldout,neorv32_cpu_counters,neorv32_cpu_counters,ctrl_i,input port,True,in,not assigned,True,[],,[],,0,False
heldout,neorv32_cpu_counters,neorv32_cpu_counters,ctrl_i.alu_cp_alu,input port,True,in,not assigned,False,[],,[],,0,False
heldout,neorv32_cpu_counters,neorv32_cpu_counters,ctrl_i.alu_cp_cfu,input port,True,in,not assigned,False,[],,[],,0,False
heldout,neorv32_cpu_counters,neorv32_cpu_counters,ctrl_i.alu_cp_fpu,input port,True,in,not assigned,False,[],,[],,0,False
heldout,neorv32_cpu_counters,neorv32_cpu_counters,ctrl_i.alu_imm,input port,True,in,not assigned,False,[],,[],,0,False
heldout,neorv32_cpu_counters,neorv32_cpu_counters,ctrl_i.alu_op,input port,True,in,not assigned,False,[],,[],,0,False
heldout,neorv32_cpu_counters,neorv32_cpu_counters,ctrl_i.alu_opa_mux,input port,True,in,not assigned,False,[],,[],,0,False
heldout,neorv32_cpu_counters,neorv32_cpu_counters,ctrl_i.alu_opb_mux,input port,True,in,not assigned,False,[],,[],,0,False
heldout,neorv32_cpu_counters,neorv32_cpu_counters,ctrl_i.alu_sub,input port,True,in,not assigned,False,[],,[],,0,False
heldout,neorv32_cpu_counters,neorv32_cpu_counters,ctrl_i.alu_unsigned,input port,True,in,not assigned,False,[],,[],,0,False
heldout,neorv32_cpu_counters,neorv32_cpu_counters,ctrl_i.cnt_event,input port,True,in,not assigned,False,[],,[],,0,False
heldout,neorv32_cpu_counters,neorv32_cpu_counters,ctrl_i.cnt_halt,input port,True,in,not assigned,False,[],,[],,0,False
heldout,neorv32_cpu_counters,neorv32_cpu_counters,ctrl_i.cpu_debug,input port,True,in,not assigned,False,[],,[],,0,False
heldout,neorv32_cpu_counters,neorv32_cpu_counters,ctrl_i.cpu_priv,input port,True,in,not assigned,False,[],,[],,0,False
heldout,neorv32_cpu_counters,neorv32_cpu_counters,ctrl_i.cpu_sleep,input port,True,in,not assigned,False,[],,[],,0,False
heldout,neorv32_cpu_counters,neorv32_cpu_counters,ctrl_i.cpu_trap,input port,True,in,not assigned,False,[],,[],,0,False
heldout,neorv32_cpu_counters,neorv32_cpu_counters,ctrl_i.csr_addr,input port,True,in,not assigned,False,[],,[],,3,False
heldout,neorv32_cpu_counters,neorv32_cpu_counters,ctrl_i.csr_re,input port,True,in,not assigned,False,[],,[],,0,False
heldout,neorv32_cpu_counters,neorv32_cpu_counters,ctrl_i.csr_wdata,input port,True,in,not assigned,False,[],,[],,0,False
heldout,neorv32_cpu_counters,neorv32_cpu_counters,ctrl_i.csr_we,input port,True,in,not assigned,False,[],,[],,0,False
heldout,neorv32_cpu_counters,neorv32_cpu_counters,ctrl_i.if_ack,input port,True,in,not assigned,False,[],,[],,0,False
heldout,neorv32_cpu_counters,neorv32_cpu_counters,ctrl_i.if_fence,input port,True,in,not assigned,False,[],,[],,0,False
heldout,neorv32_cpu_counters,neorv32_cpu_counters,ctrl_i.if_reset,input port,True,in,not assigned,False,[],,[],,0,False
heldout,neorv32_cpu_counters,neorv32_cpu_counters,ctrl_i.ir_funct12,input port,True,in,not assigned,False,[],,[],,0,False
heldout,neorv32_cpu_counters,neorv32_cpu_counters,ctrl_i.ir_funct3,input port,True,in,not assigned,False,[],,[],,0,False
heldout,neorv32_cpu_counters,neorv32_cpu_counters,ctrl_i.ir_opcode,input port,True,in,not assigned,False,[],,[],,0,False
heldout,neorv32_cpu_counters,neorv32_cpu_counters,ctrl_i.lsu_amo,input port,True,in,not assigned,False,[],,[],,0,False
heldout,neorv32_cpu_counters,neorv32_cpu_counters,ctrl_i.lsu_fence,input port,True,in,not assigned,False,[],,[],,0,False
heldout,neorv32_cpu_counters,neorv32_cpu_counters,ctrl_i.lsu_mo_we,input port,True,in,not assigned,False,[],,[],,0,False
heldout,neorv32_cpu_counters,neorv32_cpu_counters,ctrl_i.lsu_priv,input port,True,in,not assigned,False,[],,[],,0,False
heldout,neorv32_cpu_counters,neorv32_cpu_counters,ctrl_i.lsu_req,input port,True,in,not assigned,False,[],,[],,0,False
heldout,neorv32_cpu_counters,neorv32_cpu_counters,ctrl_i.lsu_rw,input port,True,in,not assigned,False,[],,[],,0,False
heldout,neorv32_cpu_counters,neorv32_cpu_counters,ctrl_i.pc_cur,input port,True,in,not assigned,False,[],,[],,0,False
heldout,neorv32_cpu_counters,neorv32_cpu_counters,ctrl_i.pc_nxt,input port,True,in,not assigned,False,[],,[],,0,False
heldout,neorv32_cpu_counters,neorv32_cpu_counters,ctrl_i.pc_ret,input port,True,in,not assigned,False,[],,[],,0,False
heldout,neorv32_cpu_counters,neorv32_cpu_counters,ctrl_i.rf_rd,input port,True,in,not assigned,False,[],,[],,0,False
heldout,neorv32_cpu_counters,neorv32_cpu_counters,ctrl_i.rf_rs1,input port,True,in,not assigned,False,[],,[],,0,False
heldout,neorv32_cpu_counters,neorv32_cpu_counters,ctrl_i.rf_rs2,input port,True,in,not assigned,False,[],,[],,0,False
heldout,neorv32_cpu_counters,neorv32_cpu_counters,ctrl_i.rf_wb_en,input port,True,in,not assigned,False,[],,[],,0,False
heldout,neorv32_cpu_counters,neorv32_cpu_counters,ctrl_i.rf_zero_we,input port,True,in,not assigned,False,[],,[],,0,False
heldout,neorv32_cpu_counters,neorv32_cpu_counters,cycle_rd,sub-unit interface,False,,none,False,[],,[],,0,False
heldout,neorv32_cpu_counters,neorv32_cpu_counters,hpm_rd,combinational data,False,,none,False,[],,[],,0,False
heldout,neorv32_cpu_counters,neorv32_cpu_counters,hpmcnt,sub-unit interface,False,,none,False,[],,[],,0,False
heldout,neorv32_cpu_counters,neorv32_cpu_counters,hpmevent,input-written register,False,,mixed,False,['ctrl_i.csr_wdata'],True,['rdata_o'],True,0,False
heldout,neorv32_cpu_counters,neorv32_cpu_counters,instret_rd,sub-unit interface,False,,none,False,[],,[],,0,False
heldout,neorv32_cpu_counters,neorv32_cpu_counters,rdata_o,output port,True,out,none,False,[],,[],,0,False
heldout,neorv32_cpu_counters,neorv32_cpu_counters,rstn_i,input port,True,in,not assigned,False,[],,[],,0,False
heldout,neorv32_cpu_counters,neorv32_cpu_counters,sel,combinational data,False,,none,False,[],,[],,0,False
heldout,neorv32_cpu_counters,neorv32_cpu_counters,time_rd,combinational data,False,,none,False,[],,[],,0,False
heldout,neorv32_cpu_counters,neorv32_cpu_counters_cnt,clk_i,input port,True,in,not assigned,False,[],,[],,0,False
heldout,neorv32_cpu_counters,neorv32_cpu_counters_cnt,cy_q,internal state register,False,,mixed,False,[],,[],True,0,False
heldout,neorv32_cpu_counters,neorv32_cpu_counters_cnt,hi_q,input-written register,False,,mixed,False,['wdata_i'],True,['rdata_o'],True,0,False
heldout,neorv32_cpu_counters,neorv32_cpu_counters_cnt,inc,combinational data,False,,none,False,[],,[],,0,False
heldout,neorv32_cpu_counters,neorv32_cpu_counters_cnt,inc_i,input port,True,in,not assigned,False,[],,[],,0,False
heldout,neorv32_cpu_counters,neorv32_cpu_counters_cnt,lo_q,input-written register,False,,edge,False,['wdata_i'],True,['rdata_o'],True,0,False
heldout,neorv32_cpu_counters,neorv32_cpu_counters_cnt,nxt,combinational data,False,,none,False,[],,[],,0,False
heldout,neorv32_cpu_counters,neorv32_cpu_counters_cnt,rdata_o,output port,True,out,none,False,[],,[],,0,False
heldout,neorv32_cpu_counters,neorv32_cpu_counters_cnt,re_i,input port,True,in,not assigned,False,[],,[],,1,False
heldout,neorv32_cpu_counters,neorv32_cpu_counters_cnt,rstn_i,input port,True,in,not assigned,False,[],,[],,0,False
heldout,neorv32_cpu_counters,neorv32_cpu_counters_cnt,sel_i,input port,True,in,not assigned,False,[],,[],,3,True
heldout,neorv32_cpu_counters,neorv32_cpu_counters_cnt,wdata_i,input port,True,in,not assigned,False,[],,[],,0,False
heldout,neorv32_cpu_counters,neorv32_cpu_counters_cnt,we_i,input port,True,in,not assigned,False,[],,[],,2,True
heldout,neorv32_cpu_cp_bitmanip,neorv32_cpu_cp_bitmanip,adder_res,combinational data,False,,none,False,[],,[],,0,False
heldout,neorv32_cpu_cp_bitmanip,neorv32_cpu_cp_bitmanip,bs_level,combinational data,False,,none,False,[],,[],,0,False
heldout,neorv32_cpu_cp_bitmanip,neorv32_cpu_cp_bitmanip,bs_shift,combinational decision,False,,none,False,[],,[],,1,False
heldout,neorv32_cpu_cp_bitmanip,neorv32_cpu_cp_bitmanip,clk_i,input port,True,in,not assigned,False,[],,[],,0,False
heldout,neorv32_cpu_cp_bitmanip,neorv32_cpu_cp_bitmanip,clmul,exported state register,False,,not assigned,True,[],,[],,0,False
heldout,neorv32_cpu_cp_bitmanip,neorv32_cpu_cp_bitmanip,clmul.cnt,internal state register,False,,mixed,False,[],,[],True,1,False
heldout,neorv32_cpu_cp_bitmanip,neorv32_cpu_cp_bitmanip,clmul.res,exported state register,False,,mixed,False,[],,['res_o'],True,0,False
heldout,neorv32_cpu_cp_bitmanip,neorv32_cpu_cp_bitmanip,clmul.run,combinational decision,False,,none,False,[],,[],,4,False
heldout,neorv32_cpu_cp_bitmanip,neorv32_cpu_cp_bitmanip,clmul.start,internal state register,False,,edge,False,[],,[],True,2,False
heldout,neorv32_cpu_cp_bitmanip,neorv32_cpu_cp_bitmanip,cmd,combinational decision,False,,none,False,[],,[],,10,False
heldout,neorv32_cpu_cp_bitmanip,neorv32_cpu_cp_bitmanip,cmp_i,input port,True,in,not assigned,False,[],,[],,0,False
heldout,neorv32_cpu_cp_bitmanip,neorv32_cpu_cp_bitmanip,ctrl_i,input port,True,in,not assigned,True,[],,[],,0,False
heldout,neorv32_cpu_cp_bitmanip,neorv32_cpu_cp_bitmanip,ctrl_i.alu_cp_alu,input port,True,in,not assigned,False,[],,[],,5,True
heldout,neorv32_cpu_cp_bitmanip,neorv32_cpu_cp_bitmanip,ctrl_i.alu_cp_cfu,input port,True,in,not assigned,False,[],,[],,0,False
heldout,neorv32_cpu_cp_bitmanip,neorv32_cpu_cp_bitmanip,ctrl_i.alu_cp_fpu,input port,True,in,not assigned,False,[],,[],,0,False
heldout,neorv32_cpu_cp_bitmanip,neorv32_cpu_cp_bitmanip,ctrl_i.alu_imm,input port,True,in,not assigned,False,[],,[],,0,False
heldout,neorv32_cpu_cp_bitmanip,neorv32_cpu_cp_bitmanip,ctrl_i.alu_op,input port,True,in,not assigned,False,[],,[],,0,False
heldout,neorv32_cpu_cp_bitmanip,neorv32_cpu_cp_bitmanip,ctrl_i.alu_opa_mux,input port,True,in,not assigned,False,[],,[],,0,False
heldout,neorv32_cpu_cp_bitmanip,neorv32_cpu_cp_bitmanip,ctrl_i.alu_opb_mux,input port,True,in,not assigned,False,[],,[],,0,False
heldout,neorv32_cpu_cp_bitmanip,neorv32_cpu_cp_bitmanip,ctrl_i.alu_sub,input port,True,in,not assigned,False,[],,[],,0,False
heldout,neorv32_cpu_cp_bitmanip,neorv32_cpu_cp_bitmanip,ctrl_i.alu_unsigned,input port,True,in,not assigned,False,[],,[],,0,False
heldout,neorv32_cpu_cp_bitmanip,neorv32_cpu_cp_bitmanip,ctrl_i.cnt_event,input port,True,in,not assigned,False,[],,[],,0,False
heldout,neorv32_cpu_cp_bitmanip,neorv32_cpu_cp_bitmanip,ctrl_i.cnt_halt,input port,True,in,not assigned,False,[],,[],,0,False
heldout,neorv32_cpu_cp_bitmanip,neorv32_cpu_cp_bitmanip,ctrl_i.cpu_debug,input port,True,in,not assigned,False,[],,[],,0,False
heldout,neorv32_cpu_cp_bitmanip,neorv32_cpu_cp_bitmanip,ctrl_i.cpu_priv,input port,True,in,not assigned,False,[],,[],,0,False
heldout,neorv32_cpu_cp_bitmanip,neorv32_cpu_cp_bitmanip,ctrl_i.cpu_sleep,input port,True,in,not assigned,False,[],,[],,0,False
heldout,neorv32_cpu_cp_bitmanip,neorv32_cpu_cp_bitmanip,ctrl_i.cpu_trap,input port,True,in,not assigned,False,[],,[],,2,False
heldout,neorv32_cpu_cp_bitmanip,neorv32_cpu_cp_bitmanip,ctrl_i.csr_addr,input port,True,in,not assigned,False,[],,[],,0,False
heldout,neorv32_cpu_cp_bitmanip,neorv32_cpu_cp_bitmanip,ctrl_i.csr_re,input port,True,in,not assigned,False,[],,[],,0,False
heldout,neorv32_cpu_cp_bitmanip,neorv32_cpu_cp_bitmanip,ctrl_i.csr_wdata,input port,True,in,not assigned,False,[],,[],,0,False
heldout,neorv32_cpu_cp_bitmanip,neorv32_cpu_cp_bitmanip,ctrl_i.csr_we,input port,True,in,not assigned,False,[],,[],,0,False
heldout,neorv32_cpu_cp_bitmanip,neorv32_cpu_cp_bitmanip,ctrl_i.if_ack,input port,True,in,not assigned,False,[],,[],,0,False
heldout,neorv32_cpu_cp_bitmanip,neorv32_cpu_cp_bitmanip,ctrl_i.if_fence,input port,True,in,not assigned,False,[],,[],,0,False
heldout,neorv32_cpu_cp_bitmanip,neorv32_cpu_cp_bitmanip,ctrl_i.if_reset,input port,True,in,not assigned,False,[],,[],,0,False
heldout,neorv32_cpu_cp_bitmanip,neorv32_cpu_cp_bitmanip,ctrl_i.ir_funct12,input port,True,in,not assigned,False,[],,[],,5,False
heldout,neorv32_cpu_cp_bitmanip,neorv32_cpu_cp_bitmanip,ctrl_i.ir_funct3,input port,True,in,not assigned,False,[],,[],,6,False
heldout,neorv32_cpu_cp_bitmanip,neorv32_cpu_cp_bitmanip,ctrl_i.ir_opcode,input port,True,in,not assigned,False,[],,[],,1,False
heldout,neorv32_cpu_cp_bitmanip,neorv32_cpu_cp_bitmanip,ctrl_i.lsu_amo,input port,True,in,not assigned,False,[],,[],,0,False
heldout,neorv32_cpu_cp_bitmanip,neorv32_cpu_cp_bitmanip,ctrl_i.lsu_fence,input port,True,in,not assigned,False,[],,[],,0,False
heldout,neorv32_cpu_cp_bitmanip,neorv32_cpu_cp_bitmanip,ctrl_i.lsu_mo_we,input port,True,in,not assigned,False,[],,[],,0,False
heldout,neorv32_cpu_cp_bitmanip,neorv32_cpu_cp_bitmanip,ctrl_i.lsu_priv,input port,True,in,not assigned,False,[],,[],,0,False
heldout,neorv32_cpu_cp_bitmanip,neorv32_cpu_cp_bitmanip,ctrl_i.lsu_req,input port,True,in,not assigned,False,[],,[],,0,False
heldout,neorv32_cpu_cp_bitmanip,neorv32_cpu_cp_bitmanip,ctrl_i.lsu_rw,input port,True,in,not assigned,False,[],,[],,0,False
heldout,neorv32_cpu_cp_bitmanip,neorv32_cpu_cp_bitmanip,ctrl_i.pc_cur,input port,True,in,not assigned,False,[],,[],,0,False
heldout,neorv32_cpu_cp_bitmanip,neorv32_cpu_cp_bitmanip,ctrl_i.pc_nxt,input port,True,in,not assigned,False,[],,[],,0,False
heldout,neorv32_cpu_cp_bitmanip,neorv32_cpu_cp_bitmanip,ctrl_i.pc_ret,input port,True,in,not assigned,False,[],,[],,0,False
heldout,neorv32_cpu_cp_bitmanip,neorv32_cpu_cp_bitmanip,ctrl_i.rf_rd,input port,True,in,not assigned,False,[],,[],,0,False
heldout,neorv32_cpu_cp_bitmanip,neorv32_cpu_cp_bitmanip,ctrl_i.rf_rs1,input port,True,in,not assigned,False,[],,[],,0,False
heldout,neorv32_cpu_cp_bitmanip,neorv32_cpu_cp_bitmanip,ctrl_i.rf_rs2,input port,True,in,not assigned,False,[],,[],,0,False
heldout,neorv32_cpu_cp_bitmanip,neorv32_cpu_cp_bitmanip,ctrl_i.rf_wb_en,input port,True,in,not assigned,False,[],,[],,0,False
heldout,neorv32_cpu_cp_bitmanip,neorv32_cpu_cp_bitmanip,ctrl_i.rf_zero_we,input port,True,in,not assigned,False,[],,[],,0,False
heldout,neorv32_cpu_cp_bitmanip,neorv32_cpu_cp_bitmanip,ctrl_state,internal state register,False,,edge,False,[],,[],True,3,False
heldout,neorv32_cpu_cp_bitmanip,neorv32_cpu_cp_bitmanip,less_reg,input-written register,False,,edge,False,['cmp_i'],False,[],True,1,False
heldout,neorv32_cpu_cp_bitmanip,neorv32_cpu_cp_bitmanip,one_hot_res,combinational decision,False,,none,False,[],,[],,1,False
heldout,neorv32_cpu_cp_bitmanip,neorv32_cpu_cp_bitmanip,res_int,combinational data,False,,none,False,[],,[],,0,False
heldout,neorv32_cpu_cp_bitmanip,neorv32_cpu_cp_bitmanip,res_o,output port,True,out,edge,False,[],,[],,0,False
heldout,neorv32_cpu_cp_bitmanip,neorv32_cpu_cp_bitmanip,res_out,combinational data,False,,none,False,[],,[],,0,False
heldout,neorv32_cpu_cp_bitmanip,neorv32_cpu_cp_bitmanip,rs1_i,input port,True,in,not assigned,False,[],,[],,0,False
heldout,neorv32_cpu_cp_bitmanip,neorv32_cpu_cp_bitmanip,rs1_reg,input-written register,False,,edge,False,['rs1_i'],False,['res_o'],True,1,False
heldout,neorv32_cpu_cp_bitmanip,neorv32_cpu_cp_bitmanip,rs2_i,input port,True,in,not assigned,False,[],,[],,0,False
heldout,neorv32_cpu_cp_bitmanip,neorv32_cpu_cp_bitmanip,rs2_reg,input-written register,False,,edge,False,['rs2_i'],False,['res_o'],True,0,False
heldout,neorv32_cpu_cp_bitmanip,neorv32_cpu_cp_bitmanip,rstn_i,input port,True,in,not assigned,False,[],,[],,0,False
heldout,neorv32_cpu_cp_bitmanip,neorv32_cpu_cp_bitmanip,sha_reg,input-written register,False,,edge,False,['shamt_i'],False,[],True,1,False
heldout,neorv32_cpu_cp_bitmanip,neorv32_cpu_cp_bitmanip,shamt_i,input port,True,in,not assigned,False,[],,[],,0,False
heldout,neorv32_cpu_cp_bitmanip,neorv32_cpu_cp_bitmanip,shifter,input-written register,False,,not assigned,True,[],,[],,0,False
heldout,neorv32_cpu_cp_bitmanip,neorv32_cpu_cp_bitmanip,shifter.bcnt,exported state register,False,,mixed,False,[],,['res_o'],True,0,False
heldout,neorv32_cpu_cp_bitmanip,neorv32_cpu_cp_bitmanip,shifter.cnt,exported state register,False,,mixed,False,[],,['res_o'],True,0,False
heldout,neorv32_cpu_cp_bitmanip,neorv32_cpu_cp_bitmanip,shifter.cnt_max,input-written register,False,,mixed,False,['shamt_i'],False,[],True,0,False
heldout,neorv32_cpu_cp_bitmanip,neorv32_cpu_cp_bitmanip,shifter.nxt,combinational data,False,,none,False,[],,[],,0,False
heldout,neorv32_cpu_cp_bitmanip,neorv32_cpu_cp_bitmanip,shifter.run,combinational decision,False,,none,False,[],,[],,5,False
heldout,neorv32_cpu_cp_bitmanip,neorv32_cpu_cp_bitmanip,shifter.sreg,exported state register,False,,mixed,False,[],,['res_o'],True,1,False
heldout,neorv32_cpu_cp_bitmanip,neorv32_cpu_cp_bitmanip,shifter.start,internal state register,False,,edge,False,[],,[],True,4,False
heldout,neorv32_cpu_cp_bitmanip,neorv32_cpu_cp_bitmanip,unzip_res,combinational data,False,,none,False,[],,[],,0,False
heldout,neorv32_cpu_cp_bitmanip,neorv32_cpu_cp_bitmanip,valid,exported state register,False,,edge,False,[],,['valid_o'],True,1,False
heldout,neorv32_cpu_cp_bitmanip,neorv32_cpu_cp_bitmanip,valid_cmd,combinational decision,False,,none,False,[],,[],,4,False
heldout,neorv32_cpu_cp_bitmanip,neorv32_cpu_cp_bitmanip,valid_o,output port,True,out,none,False,[],,[],,0,False
heldout,neorv32_cpu_cp_bitmanip,neorv32_cpu_cp_bitmanip,zip_res,combinational data,False,,none,False,[],,[],,0,False
heldout,neorv32_cpu_cp_cond,neorv32_cpu_cp_cond,clk_i,input port,True,in,not assigned,False,[],,[],,0,False
heldout,neorv32_cpu_cp_cond,neorv32_cpu_cp_cond,condition,combinational decision,False,,none,False,[],,[],,1,False
heldout,neorv32_cpu_cp_cond,neorv32_cpu_cp_cond,ctrl_i,input port,True,in,not assigned,True,[],,[],,0,False
heldout,neorv32_cpu_cp_cond,neorv32_cpu_cp_cond,ctrl_i.alu_cp_alu,input port,True,in,not assigned,False,[],,[],,1,False
heldout,neorv32_cpu_cp_cond,neorv32_cpu_cp_cond,ctrl_i.alu_cp_cfu,input port,True,in,not assigned,False,[],,[],,0,False
heldout,neorv32_cpu_cp_cond,neorv32_cpu_cp_cond,ctrl_i.alu_cp_fpu,input port,True,in,not assigned,False,[],,[],,0,False
heldout,neorv32_cpu_cp_cond,neorv32_cpu_cp_cond,ctrl_i.alu_imm,input port,True,in,not assigned,False,[],,[],,0,False
heldout,neorv32_cpu_cp_cond,neorv32_cpu_cp_cond,ctrl_i.alu_op,input port,True,in,not assigned,False,[],,[],,0,False
heldout,neorv32_cpu_cp_cond,neorv32_cpu_cp_cond,ctrl_i.alu_opa_mux,input port,True,in,not assigned,False,[],,[],,0,False
heldout,neorv32_cpu_cp_cond,neorv32_cpu_cp_cond,ctrl_i.alu_opb_mux,input port,True,in,not assigned,False,[],,[],,0,False
heldout,neorv32_cpu_cp_cond,neorv32_cpu_cp_cond,ctrl_i.alu_sub,input port,True,in,not assigned,False,[],,[],,0,False
heldout,neorv32_cpu_cp_cond,neorv32_cpu_cp_cond,ctrl_i.alu_unsigned,input port,True,in,not assigned,False,[],,[],,0,False
heldout,neorv32_cpu_cp_cond,neorv32_cpu_cp_cond,ctrl_i.cnt_event,input port,True,in,not assigned,False,[],,[],,0,False
heldout,neorv32_cpu_cp_cond,neorv32_cpu_cp_cond,ctrl_i.cnt_halt,input port,True,in,not assigned,False,[],,[],,0,False
heldout,neorv32_cpu_cp_cond,neorv32_cpu_cp_cond,ctrl_i.cpu_debug,input port,True,in,not assigned,False,[],,[],,0,False
heldout,neorv32_cpu_cp_cond,neorv32_cpu_cp_cond,ctrl_i.cpu_priv,input port,True,in,not assigned,False,[],,[],,0,False
heldout,neorv32_cpu_cp_cond,neorv32_cpu_cp_cond,ctrl_i.cpu_sleep,input port,True,in,not assigned,False,[],,[],,0,False
heldout,neorv32_cpu_cp_cond,neorv32_cpu_cp_cond,ctrl_i.cpu_trap,input port,True,in,not assigned,False,[],,[],,0,False
heldout,neorv32_cpu_cp_cond,neorv32_cpu_cp_cond,ctrl_i.csr_addr,input port,True,in,not assigned,False,[],,[],,0,False
heldout,neorv32_cpu_cp_cond,neorv32_cpu_cp_cond,ctrl_i.csr_re,input port,True,in,not assigned,False,[],,[],,0,False
heldout,neorv32_cpu_cp_cond,neorv32_cpu_cp_cond,ctrl_i.csr_wdata,input port,True,in,not assigned,False,[],,[],,0,False
heldout,neorv32_cpu_cp_cond,neorv32_cpu_cp_cond,ctrl_i.csr_we,input port,True,in,not assigned,False,[],,[],,0,False
heldout,neorv32_cpu_cp_cond,neorv32_cpu_cp_cond,ctrl_i.if_ack,input port,True,in,not assigned,False,[],,[],,0,False
heldout,neorv32_cpu_cp_cond,neorv32_cpu_cp_cond,ctrl_i.if_fence,input port,True,in,not assigned,False,[],,[],,0,False
heldout,neorv32_cpu_cp_cond,neorv32_cpu_cp_cond,ctrl_i.if_reset,input port,True,in,not assigned,False,[],,[],,0,False
heldout,neorv32_cpu_cp_cond,neorv32_cpu_cp_cond,ctrl_i.ir_funct12,input port,True,in,not assigned,False,[],,[],,1,False
heldout,neorv32_cpu_cp_cond,neorv32_cpu_cp_cond,ctrl_i.ir_funct3,input port,True,in,not assigned,False,[],,[],,1,False
heldout,neorv32_cpu_cp_cond,neorv32_cpu_cp_cond,ctrl_i.ir_opcode,input port,True,in,not assigned,False,[],,[],,1,False
heldout,neorv32_cpu_cp_cond,neorv32_cpu_cp_cond,ctrl_i.lsu_amo,input port,True,in,not assigned,False,[],,[],,0,False
heldout,neorv32_cpu_cp_cond,neorv32_cpu_cp_cond,ctrl_i.lsu_fence,input port,True,in,not assigned,False,[],,[],,0,False
heldout,neorv32_cpu_cp_cond,neorv32_cpu_cp_cond,ctrl_i.lsu_mo_we,input port,True,in,not assigned,False,[],,[],,0,False
heldout,neorv32_cpu_cp_cond,neorv32_cpu_cp_cond,ctrl_i.lsu_priv,input port,True,in,not assigned,False,[],,[],,0,False
heldout,neorv32_cpu_cp_cond,neorv32_cpu_cp_cond,ctrl_i.lsu_req,input port,True,in,not assigned,False,[],,[],,0,False
heldout,neorv32_cpu_cp_cond,neorv32_cpu_cp_cond,ctrl_i.lsu_rw,input port,True,in,not assigned,False,[],,[],,0,False
heldout,neorv32_cpu_cp_cond,neorv32_cpu_cp_cond,ctrl_i.pc_cur,input port,True,in,not assigned,False,[],,[],,0,False
heldout,neorv32_cpu_cp_cond,neorv32_cpu_cp_cond,ctrl_i.pc_nxt,input port,True,in,not assigned,False,[],,[],,0,False
heldout,neorv32_cpu_cp_cond,neorv32_cpu_cp_cond,ctrl_i.pc_ret,input port,True,in,not assigned,False,[],,[],,0,False
heldout,neorv32_cpu_cp_cond,neorv32_cpu_cp_cond,ctrl_i.rf_rd,input port,True,in,not assigned,False,[],,[],,0,False
heldout,neorv32_cpu_cp_cond,neorv32_cpu_cp_cond,ctrl_i.rf_rs1,input port,True,in,not assigned,False,[],,[],,0,False
heldout,neorv32_cpu_cp_cond,neorv32_cpu_cp_cond,ctrl_i.rf_rs2,input port,True,in,not assigned,False,[],,[],,0,False
heldout,neorv32_cpu_cp_cond,neorv32_cpu_cp_cond,ctrl_i.rf_wb_en,input port,True,in,not assigned,False,[],,[],,0,False
heldout,neorv32_cpu_cp_cond,neorv32_cpu_cp_cond,ctrl_i.rf_zero_we,input port,True,in,not assigned,False,[],,[],,0,False
heldout,neorv32_cpu_cp_cond,neorv32_cpu_cp_cond,res_o,output port,True,out,edge,False,[],,[],,0,False
heldout,neorv32_cpu_cp_cond,neorv32_cpu_cp_cond,rs1_i,input port,True,in,not assigned,False,[],,[],,0,False
heldout,neorv32_cpu_cp_cond,neorv32_cpu_cp_cond,rs2_i,input port,True,in,not assigned,False,[],,[],,1,False
heldout,neorv32_cpu_cp_cond,neorv32_cpu_cp_cond,rs2_zero,combinational data,False,,none,False,[],,[],,0,False
heldout,neorv32_cpu_cp_cond,neorv32_cpu_cp_cond,rstn_i,input port,True,in,not assigned,False,[],,[],,0,False
heldout,neorv32_cpu_cp_cond,neorv32_cpu_cp_cond,valid_cmd,combinational decision,False,,none,False,[],,[],,1,False
heldout,neorv32_cpu_cp_cond,neorv32_cpu_cp_cond,valid_o,output port,True,out,none,False,[],,[],,0,False
heldout,neorv32_cpu_cp_crypto,neorv32_cpu_cp_crypto,aes,exported state register,False,,not assigned,True,[],,[],,0,False
heldout,neorv32_cpu_cp_crypto,neorv32_cpu_cp_crypto,aes.dec,combinational decision,False,,none,False,[],,[],,2,False
heldout,neorv32_cpu_cp_crypto,neorv32_cpu_cp_crypto,aes.mix1,exported state register,False,,mixed,False,[],,['res_o'],True,0,False
heldout,neorv32_cpu_cp_crypto,neorv32_cpu_cp_crypto,aes.mix2,combinational data,False,,none,False,[],,[],,0,False
heldout,neorv32_cpu_cp_crypto,neorv32_cpu_cp_crypto,aes.so,exported state register,False,,mixed,False,[],,['res_o'],False,0,False
heldout,neorv32_cpu_cp_crypto,neorv32_cpu_cp_crypto,blk_res,combinational data,False,,none,False,[],,[],,0,False
heldout,neorv32_cpu_cp_crypto,neorv32_cpu_cp_crypto,clk_i,input port,True,in,not assigned,False,[],,[],,0,False
heldout,neorv32_cpu_cp_crypto,neorv32_cpu_cp_crypto,cmd,combinational decision,False,,none,False,[],,[],,3,False
heldout,neorv32_cpu_cp_crypto,neorv32_cpu_cp_crypto,cmd_valid,combinational decision,False,,none,False,[],,[],,6,True
heldout,neorv32_cpu_cp_crypto,neorv32_cpu_cp_crypto,ctrl_i,input port,True,in,not assigned,True,[],,[],,0,False
heldout,neorv32_cpu_cp_crypto,neorv32_cpu_cp_crypto,ctrl_i.alu_cp_alu,input port,True,in,not assigned,False,[],,[],,1,False
heldout,neorv32_cpu_cp_crypto,neorv32_cpu_cp_crypto,ctrl_i.alu_cp_cfu,input port,True,in,not assigned,False,[],,[],,0,False
heldout,neorv32_cpu_cp_crypto,neorv32_cpu_cp_crypto,ctrl_i.alu_cp_fpu,input port,True,in,not assigned,False,[],,[],,0,False
heldout,neorv32_cpu_cp_crypto,neorv32_cpu_cp_crypto,ctrl_i.alu_imm,input port,True,in,not assigned,False,[],,[],,0,False
heldout,neorv32_cpu_cp_crypto,neorv32_cpu_cp_crypto,ctrl_i.alu_op,input port,True,in,not assigned,False,[],,[],,0,False
heldout,neorv32_cpu_cp_crypto,neorv32_cpu_cp_crypto,ctrl_i.alu_opa_mux,input port,True,in,not assigned,False,[],,[],,0,False
heldout,neorv32_cpu_cp_crypto,neorv32_cpu_cp_crypto,ctrl_i.alu_opb_mux,input port,True,in,not assigned,False,[],,[],,0,False
heldout,neorv32_cpu_cp_crypto,neorv32_cpu_cp_crypto,ctrl_i.alu_sub,input port,True,in,not assigned,False,[],,[],,0,False
heldout,neorv32_cpu_cp_crypto,neorv32_cpu_cp_crypto,ctrl_i.alu_unsigned,input port,True,in,not assigned,False,[],,[],,0,False
heldout,neorv32_cpu_cp_crypto,neorv32_cpu_cp_crypto,ctrl_i.cnt_event,input port,True,in,not assigned,False,[],,[],,0,False
heldout,neorv32_cpu_cp_crypto,neorv32_cpu_cp_crypto,ctrl_i.cnt_halt,input port,True,in,not assigned,False,[],,[],,0,False
heldout,neorv32_cpu_cp_crypto,neorv32_cpu_cp_crypto,ctrl_i.cpu_debug,input port,True,in,not assigned,False,[],,[],,0,False
heldout,neorv32_cpu_cp_crypto,neorv32_cpu_cp_crypto,ctrl_i.cpu_priv,input port,True,in,not assigned,False,[],,[],,0,False
heldout,neorv32_cpu_cp_crypto,neorv32_cpu_cp_crypto,ctrl_i.cpu_sleep,input port,True,in,not assigned,False,[],,[],,0,False
heldout,neorv32_cpu_cp_crypto,neorv32_cpu_cp_crypto,ctrl_i.cpu_trap,input port,True,in,not assigned,False,[],,[],,0,False
heldout,neorv32_cpu_cp_crypto,neorv32_cpu_cp_crypto,ctrl_i.csr_addr,input port,True,in,not assigned,False,[],,[],,0,False
heldout,neorv32_cpu_cp_crypto,neorv32_cpu_cp_crypto,ctrl_i.csr_re,input port,True,in,not assigned,False,[],,[],,0,False
heldout,neorv32_cpu_cp_crypto,neorv32_cpu_cp_crypto,ctrl_i.csr_wdata,input port,True,in,not assigned,False,[],,[],,0,False
heldout,neorv32_cpu_cp_crypto,neorv32_cpu_cp_crypto,ctrl_i.csr_we,input port,True,in,not assigned,False,[],,[],,0,False
heldout,neorv32_cpu_cp_crypto,neorv32_cpu_cp_crypto,ctrl_i.if_ack,input port,True,in,not assigned,False,[],,[],,0,False
heldout,neorv32_cpu_cp_crypto,neorv32_cpu_cp_crypto,ctrl_i.if_fence,input port,True,in,not assigned,False,[],,[],,0,False
heldout,neorv32_cpu_cp_crypto,neorv32_cpu_cp_crypto,ctrl_i.if_reset,input port,True,in,not assigned,False,[],,[],,0,False
heldout,neorv32_cpu_cp_crypto,neorv32_cpu_cp_crypto,ctrl_i.ir_funct12,input port,True,in,not assigned,False,[],,[],,1,False
heldout,neorv32_cpu_cp_crypto,neorv32_cpu_cp_crypto,ctrl_i.ir_funct3,input port,True,in,not assigned,False,[],,[],,1,False
heldout,neorv32_cpu_cp_crypto,neorv32_cpu_cp_crypto,ctrl_i.ir_opcode,input port,True,in,not assigned,False,[],,[],,2,False
heldout,neorv32_cpu_cp_crypto,neorv32_cpu_cp_crypto,ctrl_i.lsu_amo,input port,True,in,not assigned,False,[],,[],,0,False
heldout,neorv32_cpu_cp_crypto,neorv32_cpu_cp_crypto,ctrl_i.lsu_fence,input port,True,in,not assigned,False,[],,[],,0,False
heldout,neorv32_cpu_cp_crypto,neorv32_cpu_cp_crypto,ctrl_i.lsu_mo_we,input port,True,in,not assigned,False,[],,[],,0,False
heldout,neorv32_cpu_cp_crypto,neorv32_cpu_cp_crypto,ctrl_i.lsu_priv,input port,True,in,not assigned,False,[],,[],,0,False
heldout,neorv32_cpu_cp_crypto,neorv32_cpu_cp_crypto,ctrl_i.lsu_req,input port,True,in,not assigned,False,[],,[],,0,False
heldout,neorv32_cpu_cp_crypto,neorv32_cpu_cp_crypto,ctrl_i.lsu_rw,input port,True,in,not assigned,False,[],,[],,0,False
heldout,neorv32_cpu_cp_crypto,neorv32_cpu_cp_crypto,ctrl_i.pc_cur,input port,True,in,not assigned,False,[],,[],,0,False
heldout,neorv32_cpu_cp_crypto,neorv32_cpu_cp_crypto,ctrl_i.pc_nxt,input port,True,in,not assigned,False,[],,[],,0,False
heldout,neorv32_cpu_cp_crypto,neorv32_cpu_cp_crypto,ctrl_i.pc_ret,input port,True,in,not assigned,False,[],,[],,0,False
heldout,neorv32_cpu_cp_crypto,neorv32_cpu_cp_crypto,ctrl_i.rf_rd,input port,True,in,not assigned,False,[],,[],,0,False
heldout,neorv32_cpu_cp_crypto,neorv32_cpu_cp_crypto,ctrl_i.rf_rs1,input port,True,in,not assigned,False,[],,[],,0,False
heldout,neorv32_cpu_cp_crypto,neorv32_cpu_cp_crypto,ctrl_i.rf_rs2,input port,True,in,not assigned,False,[],,[],,0,False
heldout,neorv32_cpu_cp_crypto,neorv32_cpu_cp_crypto,ctrl_i.rf_wb_en,input port,True,in,not assigned,False,[],,[],,0,False
heldout,neorv32_cpu_cp_crypto,neorv32_cpu_cp_crypto,ctrl_i.rf_zero_we,input port,True,in,not assigned,False,[],,[],,0,False
heldout,neorv32_cpu_cp_crypto,neorv32_cpu_cp_crypto,done,exported state register,False,,edge,False,[],,['valid_o'],True,1,False
heldout,neorv32_cpu_cp_crypto,neorv32_cpu_cp_crypto,funct12,input-written register,False,,edge,False,['ctrl_i.ir_funct12'],False,[],True,8,False
heldout,neorv32_cpu_cp_crypto,neorv32_cpu_cp_crypto,funct3,input-written register,False,,edge,False,['ctrl_i.ir_funct3'],False,[],True,1,False
heldout,neorv32_cpu_cp_crypto,neorv32_cpu_cp_crypto,out_sel,combinational decision,False,,none,False,[],,[],,1,False
heldout,neorv32_cpu_cp_crypto,neorv32_cpu_cp_crypto,res_o,output port,True,out,edge,False,[],,[],,0,False
heldout,neorv32_cpu_cp_crypto,neorv32_cpu_cp_crypto,rol_in,combinational data,False,,none,False,[],,[],,0,False
heldout,neorv32_cpu_cp_crypto,neorv32_cpu_cp_crypto,rol_res,combinational data,False,,none,False,[],,[],,0,False
heldout,neorv32_cpu_cp_crypto,neorv32_cpu_cp_crypto,rs1,input-written register,False,,edge,False,['rs1_i'],False,['res_o'],True,0,False
heldout,neorv32_cpu_cp_crypto,neorv32_cpu_cp_crypto,rs1_i,input port,True,in,not assigned,False,[],,[],,0,False
heldout,neorv32_cpu_cp_crypto,neorv32_cpu_cp_crypto,rs2,input-written register,False,,edge,False,['rs2_i'],False,['res_o'],True,0,False
heldout,neorv32_cpu_cp_crypto,neorv32_cpu_cp_crypto,rs2_i,input port,True,in,not assigned,False,[],,[],,0,False
heldout,neorv32_cpu_cp_crypto,neorv32_cpu_cp_crypto,rs2_sel,combinational decision,False,,none,False,[],,[],,2,False
heldout,neorv32_cpu_cp_crypto,neorv32_cpu_cp_crypto,rstn_i,input port,True,in,not assigned,False,[],,[],,0,False
heldout,neorv32_cpu_cp_crypto,neorv32_cpu_cp_crypto,sha_res,combinational data,False,,none,False,[],,[],,0,False
heldout,neorv32_cpu_cp_crypto,neorv32_cpu_cp_crypto,sm3_res,combinational data,False,,none,False,[],,[],,0,False
heldout,neorv32_cpu_cp_crypto,neorv32_cpu_cp_crypto,sm4,exported state register,False,,not assigned,True,[],,[],,0,False
heldout,neorv32_cpu_cp_crypto,neorv32_cpu_cp_crypto,sm4.rnd,exported state register,False,,mixed,False,[],,['res_o'],True,0,False
heldout,neorv32_cpu_cp_crypto,neorv32_cpu_cp_crypto,sm4.so1,internal state register,False,,mixed,False,[],,[],False,0,False
heldout,neorv32_cpu_cp_crypto,neorv32_cpu_cp_crypto,sm4.so2,combinational data,False,,none,False,[],,[],,0,False
heldout,neorv32_cpu_cp_crypto,neorv32_cpu_cp_crypto,state,internal state register,False,,edge,False,[],,[],True,1,False
heldout,neorv32_cpu_cp_crypto,neorv32_cpu_cp_crypto,valid_o,output port,True,out,none,False,[],,[],,0,False
heldout,neorv32_cpu_cp_crypto,neorv32_cpu_cp_crypto,xperm4_res,combinational data,False,,none,False,[],,[],,0,False
heldout,neorv32_cpu_cp_crypto,neorv32_cpu_cp_crypto,xperm8_res,combinational data,False,,none,False,[],,[],,0,False
heldout,neorv32_cpu_cp_crypto,neorv32_cpu_cp_crypto,xperm_res,combinational data,False,,none,False,[],,[],,0,False
heldout,neorv32_cpu_cp_fpu,neorv32_cpu_cp_fpu,addsub,internal state register,False,,not assigned,True,[],,[],,0,False
heldout,neorv32_cpu_cp_fpu,neorv32_cpu_cp_fpu,addsub.add_stage,internal state register,False,,edge,False,[],,[],True,1,False
heldout,neorv32_cpu_cp_fpu,neorv32_cpu_cp_fpu,addsub.done,combinational data,False,,none,False,[],,[],,0,False
heldout,neorv32_cpu_cp_fpu,neorv32_cpu_cp_fpu,addsub.exp_cnt,internal state register,False,,edge,False,[],,[],True,0,False
heldout,neorv32_cpu_cp_fpu,neorv32_cpu_cp_fpu,addsub.exp_comp,internal state register,False,,edge,False,[],,[],True,5,False
heldout,neorv32_cpu_cp_fpu,neorv32_cpu_cp_fpu,addsub.flags,internal state register,False,,mixed,False,[],,[],True,0,False
heldout,neorv32_cpu_cp_fpu,neorv32_cpu_cp_fpu,addsub.large_exp,combinational decision,False,,none,False,[],,[],,5,False
heldout,neorv32_cpu_cp_fpu,neorv32_cpu_cp_fpu,addsub.large_man,combinational decision,False,,none,False,[],,[],,0,False
heldout,neorv32_cpu_cp_fpu,neorv32_cpu_cp_fpu,addsub.latency,internal state register,False,,edge,False,[],,[],True,5,False
heldout,neorv32_cpu_cp_fpu,neorv32_cpu_cp_fpu,addsub.man_comp,internal state register,False,,edge,False,[],,[],True,2,False
heldout,neorv32_cpu_cp_fpu,neorv32_cpu_cp_fpu,addsub.man_g_ext,internal state register,False,,edge,False,[],,[],True,0,False
heldout,neorv32_cpu_cp_fpu,neorv32_cpu_cp_fpu,addsub.man_l,combinational data,False,,none,False,[],,[],,0,False
heldout,neorv32_cpu_cp_fpu,neorv32_cpu_cp_fpu,addsub.man_r_ext,internal state register,False,,edge,False,[],,[],True,0,False
heldout,neorv32_cpu_cp_fpu,neorv32_cpu_cp_fpu,addsub.man_s,combinational data,False,,none,False,[],,[],,0,False
heldout,neorv32_cpu_cp_fpu,neorv32_cpu_cp_fpu,addsub.man_s_ext,internal state register,False,,edge,False,[],,[],True,0,False
heldout,neorv32_cpu_cp_fpu,neorv32_cpu_cp_fpu,addsub.man_sreg,internal state register,False,,edge,False,[],,[],True,1,False
heldout,neorv32_cpu_cp_fpu,neorv32_cpu_cp_fpu,addsub.res_class,internal state register,False,,edge,False,[],,[],True,0,False
heldout,neorv32_cpu_cp_fpu,neorv32_cpu_cp_fpu,addsub.res_sign,internal state register,False,,edge,False,[],,[],True,0,False
heldout,neorv32_cpu_cp_fpu,neorv32_cpu_cp_fpu,addsub.res_sum,combinational data,False,,none,False,[],,[],,0,False
heldout,neorv32_cpu_cp_fpu,neorv32_cpu_cp_fpu,addsub.small_exp,combinational decision,False,,none,False,[],,[],,5,False
heldout,neorv32_cpu_cp_fpu,neorv32_cpu_cp_fpu,addsub.small_man,combinational data,False,,none,False,[],,[],,0,False
heldout,neorv32_cpu_cp_fpu,neorv32_cpu_cp_fpu,addsub.start,combinational data,False,,none,False,[],,[],,0,False
heldout,neorv32_cpu_cp_fpu,neorv32_cpu_cp_fpu,clk_i,input port,True,in,not assigned,False,[],,[],,0,False
heldout,neorv32_cpu_cp_fpu,neorv32_cpu_cp_fpu,cmd,combinational decision,False,,not assigned,True,[],,[],,0,False
heldout,neorv32_cpu_cp_fpu,neorv32_cpu_cp_fpu,cmd.funct,combinational data,False,,none,False,[],,[],,0,False
heldout,neorv32_cpu_cp_fpu,neorv32_cpu_cp_fpu,cmd.instr_addsub,combinational decision,False,,none,False,[],,[],,2,False
heldout,neorv32_cpu_cp_fpu,neorv32_cpu_cp_fpu,cmd.instr_class,combinational decision,False,,none,False,[],,[],,1,False
heldout,neorv32_cpu_cp_fpu,neorv32_cpu_cp_fpu,cmd.instr_comp,combinational decision,False,,none,False,[],,[],,2,False
heldout,neorv32_cpu_cp_fpu,neorv32_cpu_cp_fpu,cmd.instr_f2i,combinational decision,False,,none,False,[],,[],,2,False
heldout,neorv32_cpu_cp_fpu,neorv32_cpu_cp_fpu,cmd.instr_i2f,combinational decision,False,,none,False,[],,[],,2,False
heldout,neorv32_cpu_cp_fpu,neorv32_cpu_cp_fpu,cmd.instr_minmax,combinational decision,False,,none,False,[],,[],,2,False
heldout,neorv32_cpu_cp_fpu,neorv32_cpu_cp_fpu,cmd.instr_mul,combinational decision,False,,none,False,[],,[],,2,False
heldout,neorv32_cpu_cp_fpu,neorv32_cpu_cp_fpu,cmd.instr_sgnj,combinational decision,False,,none,False,[],,[],,2,False
heldout,neorv32_cpu_cp_fpu,neorv32_cpu_cp_fpu,cmd.valid,combinational decision,False,,none,False,[],,[],,6,False
heldout,neorv32_cpu_cp_fpu,neorv32_cpu_cp_fpu,cmp_ff,input-written register,False,,edge,False,['cmp_i'],False,[],True,1,False
heldout,neorv32_cpu_cp_fpu,neorv32_cpu_cp_fpu,cmp_i,input port,True,in,not assigned,False,[],,[],,0,False
heldout,neorv32_cpu_cp_fpu,neorv32_cpu_cp_fpu,comp_equal_ff,exported state register,False,,edge,False,[],,['res_o'],True,0,False
heldout,neorv32_cpu_cp_fpu,neorv32_cpu_cp_fpu,comp_less_ff,exported state register,False,,edge,False,[],,['res_o'],True,0,False
heldout,neorv32_cpu_cp_fpu,neorv32_cpu_cp_fpu,csr_addr_i,input port,True,in,not assigned,False,[],,[],,3,True
heldout,neorv32_cpu_cp_fpu,neorv32_cpu_cp_fpu,csr_fflags,input-written register,False,,edge,False,['csr_wdata_i'],True,['csr_rdata_o'],True,0,False
heldout,neorv32_cpu_cp_fpu,neorv32_cpu_cp_fpu,csr_frm,input-written register,False,,edge,False,['csr_wdata_i'],True,['csr_rdata_o'],True,0,False
heldout,neorv32_cpu_cp_fpu,neorv32_cpu_cp_fpu,csr_rdata_o,output port,True,out,none,False,[],,[],,0,False
heldout,neorv32_cpu_cp_fpu,neorv32_cpu_cp_fpu,csr_wdata_i,input port,True,in,not assigned,False,[],,[],,0,False
heldout,neorv32_cpu_cp_fpu,neorv32_cpu_cp_fpu,csr_we_i,input port,True,in,not assigned,False,[],,[],,2,True
heldout,neorv32_cpu_cp_fpu,neorv32_cpu_cp_fpu,ctrl_engine,exported state register,False,,not assigned,True,[],,[],,0,False
heldout,neorv32_cpu_cp_fpu,neorv32_cpu_cp_fpu,ctrl_engine.start,internal state register,False,,edge,False,[],,[],True,0,False
heldout,neorv32_cpu_cp_fpu,neorv32_cpu_cp_fpu,ctrl_engine.state,internal state register,False,,edge,False,[],,[],True,10,False
heldout,neorv32_cpu_cp_fpu,neorv32_cpu_cp_fpu,ctrl_engine.valid,exported state register,False,,edge,False,[],,['valid_o'],True,2,False
heldout,neorv32_cpu_cp_fpu,neorv32_cpu_cp_fpu,ctrl_i,input port,True,in,not assigned,True,[],,[],,0,False
heldout,neorv32_cpu_cp_fpu,neorv32_cpu_cp_fpu,ctrl_i.alu_cp_alu,input port,True,in,not assigned,False,[],,[],,0,False
heldout,neorv32_cpu_cp_fpu,neorv32_cpu_cp_fpu,ctrl_i.alu_cp_cfu,input port,True,in,not assigned,False,[],,[],,0,False
heldout,neorv32_cpu_cp_fpu,neorv32_cpu_cp_fpu,ctrl_i.alu_cp_fpu,input port,True,in,not assigned,False,[],,[],,6,False
heldout,neorv32_cpu_cp_fpu,neorv32_cpu_cp_fpu,ctrl_i.alu_imm,input port,True,in,not assigned,False,[],,[],,0,False
heldout,neorv32_cpu_cp_fpu,neorv32_cpu_cp_fpu,ctrl_i.alu_op,input port,True,in,not assigned,False,[],,[],,0,False
heldout,neorv32_cpu_cp_fpu,neorv32_cpu_cp_fpu,ctrl_i.alu_opa_mux,input port,True,in,not assigned,False,[],,[],,0,False
heldout,neorv32_cpu_cp_fpu,neorv32_cpu_cp_fpu,ctrl_i.alu_opb_mux,input port,True,in,not assigned,False,[],,[],,0,False
heldout,neorv32_cpu_cp_fpu,neorv32_cpu_cp_fpu,ctrl_i.alu_sub,input port,True,in,not assigned,False,[],,[],,0,False
heldout,neorv32_cpu_cp_fpu,neorv32_cpu_cp_fpu,ctrl_i.alu_unsigned,input port,True,in,not assigned,False,[],,[],,0,False
heldout,neorv32_cpu_cp_fpu,neorv32_cpu_cp_fpu,ctrl_i.cnt_event,input port,True,in,not assigned,False,[],,[],,0,False
heldout,neorv32_cpu_cp_fpu,neorv32_cpu_cp_fpu,ctrl_i.cnt_halt,input port,True,in,not assigned,False,[],,[],,0,False
heldout,neorv32_cpu_cp_fpu,neorv32_cpu_cp_fpu,ctrl_i.cpu_debug,input port,True,in,not assigned,False,[],,[],,0,False
heldout,neorv32_cpu_cp_fpu,neorv32_cpu_cp_fpu,ctrl_i.cpu_priv,input port,True,in,not assigned,False,[],,[],,0,False
heldout,neorv32_cpu_cp_fpu,neorv32_cpu_cp_fpu,ctrl_i.cpu_sleep,input port,True,in,not assigned,False,[],,[],,0,False
heldout,neorv32_cpu_cp_fpu,neorv32_cpu_cp_fpu,ctrl_i.cpu_trap,input port,True,in,not assigned,False,[],,[],,2,False
heldout,neorv32_cpu_cp_fpu,neorv32_cpu_cp_fpu,ctrl_i.csr_addr,input port,True,in,not assigned,False,[],,[],,0,False
heldout,neorv32_cpu_cp_fpu,neorv32_cpu_cp_fpu,ctrl_i.csr_re,input port,True,in,not assigned,False,[],,[],,0,False
heldout,neorv32_cpu_cp_fpu,neorv32_cpu_cp_fpu,ctrl_i.csr_wdata,input port,True,in,not assigned,False,[],,[],,0,False
heldout,neorv32_cpu_cp_fpu,neorv32_cpu_cp_fpu,ctrl_i.csr_we,input port,True,in,not assigned,False,[],,[],,0,False
heldout,neorv32_cpu_cp_fpu,neorv32_cpu_cp_fpu,ctrl_i.if_ack,input port,True,in,not assigned,False,[],,[],,0,False
heldout,neorv32_cpu_cp_fpu,neorv32_cpu_cp_fpu,ctrl_i.if_fence,input port,True,in,not assigned,False,[],,[],,0,False
heldout,neorv32_cpu_cp_fpu,neorv32_cpu_cp_fpu,ctrl_i.if_reset,input port,True,in,not assigned,False,[],,[],,0,False
heldout,neorv32_cpu_cp_fpu,neorv32_cpu_cp_fpu,ctrl_i.ir_funct12,input port,True,in,not assigned,False,[],,[],,15,True
heldout,neorv32_cpu_cp_fpu,neorv32_cpu_cp_fpu,ctrl_i.ir_funct3,input port,True,in,not assigned,False,[],,[],,8,False
heldout,neorv32_cpu_cp_fpu,neorv32_cpu_cp_fpu,ctrl_i.ir_opcode,input port,True,in,not assigned,False,[],,[],,0,False
heldout,neorv32_cpu_cp_fpu,neorv32_cpu_cp_fpu,ctrl_i.lsu_amo,input port,True,in,not assigned,False,[],,[],,0,False
heldout,neorv32_cpu_cp_fpu,neorv32_cpu_cp_fpu,ctrl_i.lsu_fence,input port,True,in,not assigned,False,[],,[],,0,False
heldout,neorv32_cpu_cp_fpu,neorv32_cpu_cp_fpu,ctrl_i.lsu_mo_we,input port,True,in,not assigned,False,[],,[],,0,False
heldout,neorv32_cpu_cp_fpu,neorv32_cpu_cp_fpu,ctrl_i.lsu_priv,input port,True,in,not assigned,False,[],,[],,0,False
heldout,neorv32_cpu_cp_fpu,neorv32_cpu_cp_fpu,ctrl_i.lsu_req,input port,True,in,not assigned,False,[],,[],,0,False
heldout,neorv32_cpu_cp_fpu,neorv32_cpu_cp_fpu,ctrl_i.lsu_rw,input port,True,in,not assigned,False,[],,[],,0,False
heldout,neorv32_cpu_cp_fpu,neorv32_cpu_cp_fpu,ctrl_i.pc_cur,input port,True,in,not assigned,False,[],,[],,0,False
heldout,neorv32_cpu_cp_fpu,neorv32_cpu_cp_fpu,ctrl_i.pc_nxt,input port,True,in,not assigned,False,[],,[],,0,False
heldout,neorv32_cpu_cp_fpu,neorv32_cpu_cp_fpu,ctrl_i.pc_ret,input port,True,in,not assigned,False,[],,[],,0,False
heldout,neorv32_cpu_cp_fpu,neorv32_cpu_cp_fpu,ctrl_i.rf_rd,input port,True,in,not assigned,False,[],,[],,0,False
heldout,neorv32_cpu_cp_fpu,neorv32_cpu_cp_fpu,ctrl_i.rf_rs1,input port,True,in,not assigned,False,[],,[],,0,False
heldout,neorv32_cpu_cp_fpu,neorv32_cpu_cp_fpu,ctrl_i.rf_rs2,input port,True,in,not assigned,False,[],,[],,0,False
heldout,neorv32_cpu_cp_fpu,neorv32_cpu_cp_fpu,ctrl_i.rf_wb_en,input port,True,in,not assigned,False,[],,[],,0,False
heldout,neorv32_cpu_cp_fpu,neorv32_cpu_cp_fpu,ctrl_i.rf_zero_we,input port,True,in,not assigned,False,[],,[],,0,False
heldout,neorv32_cpu_cp_fpu,neorv32_cpu_cp_fpu,fflags,internal state register,False,,edge,False,[],,[],True,0,False
heldout,neorv32_cpu_cp_fpu,neorv32_cpu_cp_fpu,fpu_operands,input-written register,False,,not assigned,True,[],,[],,0,False
heldout,neorv32_cpu_cp_fpu,neorv32_cpu_cp_fpu,fpu_operands.frm,input-written register,False,,edge,False,['ctrl_i.ir_funct3'],False,[],True,1,False
heldout,neorv32_cpu_cp_fpu,neorv32_cpu_cp_fpu,fpu_operands.rs1,exported state register,False,,edge,False,[],,['res_o'],True,1,False
heldout,neorv32_cpu_cp_fpu,neorv32_cpu_cp_fpu,fpu_operands.rs1_class,exported state register,False,,edge,False,[],,['res_o'],True,11,False
heldout,neorv32_cpu_cp_fpu,neorv32_cpu_cp_fpu,fpu_operands.rs2,exported state register,False,,edge,False,[],,['res_o'],True,1,False
heldout,neorv32_cpu_cp_fpu,neorv32_cpu_cp_fpu,fpu_operands.rs2_class,exported state register,False,,edge,False,[],,['res_o'],True,11,False
heldout,neorv32_cpu_cp_fpu,neorv32_cpu_cp_fpu,fu_addsub,combinational data,False,,not assigned,True,[],,[],,0,False
heldout,neorv32_cpu_cp_fpu,neorv32_cpu_cp_fpu,fu_addsub.done,combinational data,False,,none,False,[],,[],,0,False
heldout,neorv32_cpu_cp_fpu,neorv32_cpu_cp_fpu,fu_addsub.flags,combinational data,False,,none,False,[],,[],,0,False
heldout,neorv32_cpu_cp_fpu,neorv32_cpu_cp_fpu,fu_addsub.result,combinational data,False,,none,False,[],,[],,0,False
heldout,neorv32_cpu_cp_fpu,neorv32_cpu_cp_fpu,fu_addsub.start,combinational data,False,,none,False,[],,[],,0,False
heldout,neorv32_cpu_cp_fpu,neorv32_cpu_cp_fpu,fu_classify,combinational data,False,,not assigned,True,[],,[],,0,False
heldout,neorv32_cpu_cp_fpu,neorv32_cpu_cp_fpu,fu_classify.done,combinational data,False,,none,False,[],,[],,0,False
heldout,neorv32_cpu_cp_fpu,neorv32_cpu_cp_fpu,fu_classify.flags,combinational data,False,,none,False,[],,[],,0,False
heldout,neorv32_cpu_cp_fpu,neorv32_cpu_cp_fpu,fu_classify.result,combinational data,False,,none,False,[],,[],,0,False
heldout,neorv32_cpu_cp_fpu,neorv32_cpu_cp_fpu,fu_classify.start,combinational data,False,,none,False,[],,[],,0,False
heldout,neorv32_cpu_cp_fpu,neorv32_cpu_cp_fpu,fu_compare,internal state register,False,,not assigned,True,[],,[],,0,False
heldout,neorv32_cpu_cp_fpu,neorv32_cpu_cp_fpu,fu_compare.done,internal state register,False,,edge,False,[],,[],True,0,False
heldout,neorv32_cpu_cp_fpu,neorv32_cpu_cp_fpu,fu_compare.flags,combinational data,False,,none,False,[],,[],,0,False
heldout,neorv32_cpu_cp_fpu,neorv32_cpu_cp_fpu,fu_compare.result,combinational data,False,,none,False,[],,[],,0,False
heldout,neorv32_cpu_cp_fpu,neorv32_cpu_cp_fpu,fu_compare.start,combinational data,False,,none,False,[],,[],,0,False
heldout,neorv32_cpu_cp_fpu,neorv32_cpu_cp_fpu,fu_conv_f2i,sub-unit interface,False,,not assigned,True,[],,[],,0,False
heldout,neorv32_cpu_cp_fpu,neorv32_cpu_cp_fpu,fu_conv_f2i.done,sub-unit interface,False,,not assigned,False,[],,[],,0,False
heldout,neorv32_cpu_cp_fpu,neorv32_cpu_cp_fpu,fu_conv_f2i.flags,sub-unit interface,False,,not assigned,False,[],,[],,0,False
heldout,neorv32_cpu_cp_fpu,neorv32_cpu_cp_fpu,fu_conv_f2i.result,sub-unit interface,False,,not assigned,False,[],,[],,0,False
heldout,neorv32_cpu_cp_fpu,neorv32_cpu_cp_fpu,fu_conv_f2i.start,sub-unit interface,False,,none,False,[],,[],,0,False
heldout,neorv32_cpu_cp_fpu,neorv32_cpu_cp_fpu,fu_conv_i2f,input-written register,False,,not assigned,True,[],,[],,0,False
heldout,neorv32_cpu_cp_fpu,neorv32_cpu_cp_fpu,fu_conv_i2f.done,internal state register,False,,edge,False,[],,[],True,0,False
heldout,neorv32_cpu_cp_fpu,neorv32_cpu_cp_fpu,fu_conv_i2f.result,input-written register,False,,edge,False,['rs1_i'],False,[],True,0,False
heldout,neorv32_cpu_cp_fpu,neorv32_cpu_cp_fpu,fu_conv_i2f.sign,input-written register,False,,edge,False,['rs1_i'],False,[],True,0,False
heldout,neorv32_cpu_cp_fpu,neorv32_cpu_cp_fpu,fu_conv_i2f.start,combinational data,False,,none,False,[],,[],,0,False
heldout,neorv32_cpu_cp_fpu,neorv32_cpu_cp_fpu,fu_core_done,combinational decision,False,,none,False,[],,[],,2,False
heldout,neorv32_cpu_cp_fpu,neorv32_cpu_cp_fpu,fu_min_max,internal state register,False,,not assigned,True,[],,[],,0,False
heldout,neorv32_cpu_cp_fpu,neorv32_cpu_cp_fpu,fu_min_max.done,internal state register,False,,edge,False,[],,[],True,0,False
heldout,neorv32_cpu_cp_fpu,neorv32_cpu_cp_fpu,fu_min_max.flags,combinational data,False,,none,False,[],,[],,0,False
heldout,neorv32_cpu_cp_fpu,neorv32_cpu_cp_fpu,fu_min_max.result,combinational data,False,,none,False,[],,[],,0,False
heldout,neorv32_cpu_cp_fpu,neorv32_cpu_cp_fpu,fu_min_max.start,combinational data,False,,none,False,[],,[],,0,False
heldout,neorv32_cpu_cp_fpu,neorv32_cpu_cp_fpu,fu_mul,combinational data,False,,not assigned,True,[],,[],,0,False
heldout,neorv32_cpu_cp_fpu,neorv32_cpu_cp_fpu,fu_mul.done,combinational data,False,,none,False,[],,[],,0,False
heldout,neorv32_cpu_cp_fpu,neorv32_cpu_cp_fpu,fu_mul.flags,combinational data,False,,none,False,[],,[],,0,False
heldout,neorv32_cpu_cp_fpu,neorv32_cpu_cp_fpu,fu_mul.result,combinational data,False,,none,False,[],,[],,0,False
heldout,neorv32_cpu_cp_fpu,neorv32_cpu_cp_fpu,fu_mul.start,combinational data,False,,none,False,[],,[],,0,False
heldout,neorv32_cpu_cp_fpu,neorv32_cpu_cp_fpu,fu_sign_inject,combinational data,False,,not assigned,True,[],,[],,0,False
heldout,neorv32_cpu_cp_fpu,neorv32_cpu_cp_fpu,fu_sign_inject.done,combinational data,False,,none,False,[],,[],,0,False
heldout,neorv32_cpu_cp_fpu,neorv32_cpu_cp_fpu,fu_sign_inject.flags,combinational data,False,,none,False,[],,[],,0,False
heldout,neorv32_cpu_cp_fpu,neorv32_cpu_cp_fpu,fu_sign_inject.result,combinational data,False,,none,False,[],,[],,0,False
heldout,neorv32_cpu_cp_fpu,neorv32_cpu_cp_fpu,fu_sign_inject.start,combinational data,False,,none,False,[],,[],,0,False
heldout,neorv32_cpu_cp_fpu,neorv32_cpu_cp_fpu,funct_ff,internal state register,False,,edge,False,[],,[],True,9,False
heldout,neorv32_cpu_cp_fpu,neorv32_cpu_cp_fpu,multiplier,internal state register,False,,not assigned,True,[],,[],,0,False
heldout,neorv32_cpu_cp_fpu,neorv32_cpu_cp_fpu,multiplier.buf_ff,internal state register,False,,edge,False,[],,[],True,0,False
heldout,neorv32_cpu_cp_fpu,neorv32_cpu_cp_fpu,multiplier.done,combinational data,False,,none,False,[],,[],,0,False
heldout,neorv32_cpu_cp_fpu,neorv32_cpu_cp_fpu,multiplier.exp_res,internal state register,False,,edge,False,[],,[],True,1,False
heldout,neorv32_cpu_cp_fpu,neorv32_cpu_cp_fpu,multiplier.exp_sum,combinational data,False,,none,False,[],,[],,0,False
heldout,neorv32_cpu_cp_fpu,neorv32_cpu_cp_fpu,multiplier.flags,internal state register,False,,edge,False,[],,[],True,0,False
heldout,neorv32_cpu_cp_fpu,neorv32_cpu_cp_fpu,multiplier.latency,internal state register,False,,edge,False,[],,[],True,0,False
heldout,neorv32_cpu_cp_fpu,neorv32_cpu_cp_fpu,multiplier.opa,internal state register,False,,edge,False,[],,[],True,0,False
heldout,neorv32_cpu_cp_fpu,neorv32_cpu_cp_fpu,multiplier.opb,internal state register,False,,edge,False,[],,[],True,0,False
heldout,neorv32_cpu_cp_fpu,neorv32_cpu_cp_fpu,multiplier.product,internal state register,False,,edge,False,[],,[],True,0,False
heldout,neorv32_cpu_cp_fpu,neorv32_cpu_cp_fpu,multiplier.res_class,internal state register,False,,edge,False,[],,[],True,0,False
heldout,neorv32_cpu_cp_fpu,neorv32_cpu_cp_fpu,multiplier.sign,internal state register,False,,edge,False,[],,[],True,0,False
heldout,neorv32_cpu_cp_fpu,neorv32_cpu_cp_fpu,multiplier.start,combinational decision,False,,none,False,[],,[],,4,False
heldout,neorv32_cpu_cp_fpu,neorv32_cpu_cp_fpu,normalizer,sub-unit interface,False,,not assigned,True,[],,[],,0,False
heldout,neorv32_cpu_cp_fpu,neorv32_cpu_cp_fpu,normalizer.class,sub-unit interface,False,,none,False,[],,[],,0,False
heldout,neorv32_cpu_cp_fpu,neorv32_cpu_cp_fpu,normalizer.done,sub-unit interface,False,,not assigned,False,[],,[],,0,False
heldout,neorv32_cpu_cp_fpu,neorv32_cpu_cp_fpu,normalizer.flags_in,sub-unit interface,False,,none,False,[],,[],,0,False
heldout,neorv32_cpu_cp_fpu,neorv32_cpu_cp_fpu,normalizer.flags_out,sub-unit interface,False,,not assigned,False,[],,[],,0,False
heldout,neorv32_cpu_cp_fpu,neorv32_cpu_cp_fpu,normalizer.mode,sub-unit interface,False,,none,False,[],,[],,0,False
heldout,neorv32_cpu_cp_fpu,neorv32_cpu_cp_fpu,normalizer.result,sub-unit interface,False,,not assigned,False,[],,[],,0,False
heldout,neorv32_cpu_cp_fpu,neorv32_cpu_cp_fpu,normalizer.sign,sub-unit interface,False,,none,False,[],,[],,0,False
heldout,neorv32_cpu_cp_fpu,neorv32_cpu_cp_fpu,normalizer.start,sub-unit interface,False,,none,False,[],,[],,0,False
heldout,neorv32_cpu_cp_fpu,neorv32_cpu_cp_fpu,normalizer.xexp,sub-unit interface,False,,none,False,[],,[],,0,False
heldout,neorv32_cpu_cp_fpu,neorv32_cpu_cp_fpu,normalizer.xmantissa,sub-unit interface,False,,none,False,[],,[],,0,False
heldout,neorv32_cpu_cp_fpu,neorv32_cpu_cp_fpu,op_class,combinational data,False,,none,False,[],,[],,0,False
heldout,neorv32_cpu_cp_fpu,neorv32_cpu_cp_fpu,op_data,combinational data,False,,none,False,[],,[],,0,False
heldout,neorv32_cpu_cp_fpu,neorv32_cpu_cp_fpu,res_o,output port,True,out,edge,False,[],,[],,0,False
heldout,neorv32_cpu_cp_fpu,neorv32_cpu_cp_fpu,rs1_i,input port,True,in,not assigned,False,[],,[],,3,True
heldout,neorv32_cpu_cp_fpu,neorv32_cpu_cp_fpu,rs2_i,input port,True,in,not assigned,False,[],,[],,1,False
heldout,neorv32_cpu_cp_fpu,neorv32_cpu_cp_fpu,rs3_i,input port,True,in,not assigned,False,[],,[],,0,False
heldout,neorv32_cpu_cp_fpu,neorv32_cpu_cp_fpu,rstn_i,input port,True,in,not assigned,False,[],,[],,0,False
heldout,neorv32_cpu_cp_fpu,neorv32_cpu_cp_fpu,valid_o,output port,True,out,none,False,[],,[],,0,False
heldout,neorv32_cpu_cp_fpu,neorv32_cpu_cp_fpu_f2i,abort_i,input port,True,in,not assigned,False,[],,[],,1,False
heldout,neorv32_cpu_cp_fpu,neorv32_cpu_cp_fpu_f2i,class_i,input port,True,in,not assigned,False,[],,[],,0,False
heldout,neorv32_cpu_cp_fpu,neorv32_cpu_cp_fpu_f2i,clk_i,input port,True,in,not assigned,False,[],,[],,0,False
heldout,neorv32_cpu_cp_fpu,neorv32_cpu_cp_fpu_f2i,ctrl,input-written register,False,,not assigned,True,[],,[],,0,False
heldout,neorv32_cpu_cp_fpu,neorv32_cpu_cp_fpu_f2i,ctrl.class,input-written register,False,,edge,False,['class_i'],False,[],True,4,False
heldout,neorv32_cpu_cp_fpu,neorv32_cpu_cp_fpu_f2i,ctrl.cnt,input-written register,False,,edge,False,['exponent_i'],False,[],True,8,False
heldout,neorv32_cpu_cp_fpu,neorv32_cpu_cp_fpu_f2i,ctrl.flags,exported state register,False,,edge,False,[],,['flags_o'],True,0,False
heldout,neorv32_cpu_cp_fpu,neorv32_cpu_cp_fpu_f2i,ctrl.over,internal state register,False,,edge,False,[],,[],True,2,False
heldout,neorv32_cpu_cp_fpu,neorv32_cpu_cp_fpu_f2i,ctrl.result,exported state register,False,,edge,False,[],,['result_o'],True,0,False
heldout,neorv32_cpu_cp_fpu,neorv32_cpu_cp_fpu_f2i,ctrl.result_tmp,internal state register,False,,edge,False,[],,[],True,2,False
heldout,neorv32_cpu_cp_fpu,neorv32_cpu_cp_fpu_f2i,ctrl.rounded,internal state register,False,,edge,False,[],,[],True,0,False
heldout,neorv32_cpu_cp_fpu,neorv32_cpu_cp_fpu_f2i,ctrl.sign,input-written register,False,,edge,False,['sign_i'],False,[],True,2,False
heldout,neorv32_cpu_cp_fpu,neorv32_cpu_cp_fpu_f2i,ctrl.state,internal state register,False,,edge,False,[],,[],True,16,False
heldout,neorv32_cpu_cp_fpu,neorv32_cpu_cp_fpu_f2i,ctrl.under,internal state register,False,,edge,False,[],,[],True,2,False
heldout,neorv32_cpu_cp_fpu,neorv32_cpu_cp_fpu_f2i,ctrl.unsign,input-written register,False,,edge,False,['funct_i'],False,[],True,3,False
heldout,neorv32_cpu_cp_fpu,neorv32_cpu_cp_fpu_f2i,done_o,output port,True,out,edge,False,[],,[],,0,False
heldout,neorv32_cpu_cp_fpu,neorv32_cpu_cp_fpu_f2i,exponent_i,input port,True,in,not assigned,False,[],,[],,0,False
heldout,neorv32_cpu_cp_fpu,neorv32_cpu_cp_fpu_f2i,flags_o,output port,True,out,none,False,[],,[],,0,False
heldout,neorv32_cpu_cp_fpu,neorv32_cpu_cp_fpu_f2i,funct_i,input port,True,in,not assigned,False,[],,[],,0,False
heldout,neorv32_cpu_cp_fpu,neorv32_cpu_cp_fpu_f2i,mantissa_i,input port,True,in,not assigned,False,[],,[],,2,False
heldout,neorv32_cpu_cp_fpu,neorv32_cpu_cp_fpu_f2i,result_o,output port,True,out,none,False,[],,[],,0,False
heldout,neorv32_cpu_cp_fpu,neorv32_cpu_cp_fpu_f2i,rmode_i,input port,True,in,not assigned,False,[],,[],,2,False
heldout,neorv32_cpu_cp_fpu,neorv32_cpu_cp_fpu_f2i,round,combinational decision,False,,not assigned,True,[],,[],,0,False
heldout,neorv32_cpu_cp_fpu,neorv32_cpu_cp_fpu_f2i,round.en,combinational decision,False,,none,False,[],,[],,1,False
heldout,neorv32_cpu_cp_fpu,neorv32_cpu_cp_fpu_f2i,round.output,combinational data,False,,none,False,[],,[],,0,False
heldout,neorv32_cpu_cp_fpu,neorv32_cpu_cp_fpu_f2i,round.sub,combinational decision,False,,none,False,[],,[],,1,False
heldout,neorv32_cpu_cp_fpu,neorv32_cpu_cp_fpu_f2i,rstn_i,input port,True,in,not assigned,False,[],,[],,0,False
heldout,neorv32_cpu_cp_fpu,neorv32_cpu_cp_fpu_f2i,sign_i,input port,True,in,not assigned,False,[],,[],,2,False
heldout,neorv32_cpu_cp_fpu,neorv32_cpu_cp_fpu_f2i,sreg,input-written register,False,,not assigned,True,[],,[],,0,False
heldout,neorv32_cpu_cp_fpu,neorv32_cpu_cp_fpu_f2i,sreg.ext_g,internal state register,False,,edge,False,[],,[],True,1,False
heldout,neorv32_cpu_cp_fpu,neorv32_cpu_cp_fpu_f2i,sreg.ext_r,internal state register,False,,edge,False,[],,[],True,1,False
heldout,neorv32_cpu_cp_fpu,neorv32_cpu_cp_fpu_f2i,sreg.ext_s,internal state register,False,,edge,False,[],,[],True,1,False
heldout,neorv32_cpu_cp_fpu,neorv32_cpu_cp_fpu_f2i,sreg.int,internal state register,False,,edge,False,[],,[],True,0,False
heldout,neorv32_cpu_cp_fpu,neorv32_cpu_cp_fpu_f2i,sreg.mant,input-written register,False,,edge,False,['mantissa_i'],False,[],True,1,False
heldout,neorv32_cpu_cp_fpu,neorv32_cpu_cp_fpu_f2i,start_i,input port,True,in,not assigned,False,[],,[],,6,True
heldout,neorv32_cpu_cp_fpu,neorv32_cpu_cp_fpu_normalizer,abort_i,input port,True,in,not assigned,False,[],,[],,1,False
heldout,neorv32_cpu_cp_fpu,neorv32_cpu_cp_fpu_normalizer,class_i,input port,True,in,not assigned,False,[],,[],,1,False
heldout,neorv32_cpu_cp_fpu,neorv32_cpu_cp_fpu_normalizer,clk_i,input port,True,in,not assigned,False,[],,[],,0,False
heldout,neorv32_cpu_cp_fpu,neorv32_cpu_cp_fpu_normalizer,ctrl,input-written register,False,,not assigned,True,[],,[],,0,False
heldout,neorv32_cpu_cp_fpu,neorv32_cpu_cp_fpu_normalizer,ctrl.class,input-written register,False,,edge,False,['class_i'],False,[],True,2,False
heldout,neorv32_cpu_cp_fpu,neorv32_cpu_cp_fpu_normalizer,ctrl.cnt,input-written register,False,,edge,False,['exponent_i'],False,[],True,1,False
heldout,neorv32_cpu_cp_fpu,neorv32_cpu_cp_fpu_normalizer,ctrl.flags,input-written register,False,,edge,False,['flags_i'],False,['flags_o'],True,2,False
heldout,neorv32_cpu_cp_fpu,neorv32_cpu_cp_fpu_normalizer,ctrl.over,not assigned here,False,,not assigned,False,[],,[],,0,False
heldout,neorv32_cpu_cp_fpu,neorv32_cpu_cp_fpu_normalizer,ctrl.result,not assigned here,False,,not assigned,False,[],,[],,0,False
heldout,neorv32_cpu_cp_fpu,neorv32_cpu_cp_fpu_normalizer,ctrl.result_tmp,not assigned here,False,,not assigned,False,[],,[],,0,False
heldout,neorv32_cpu_cp_fpu,neorv32_cpu_cp_fpu_normalizer,ctrl.rounded,internal state register,False,,edge,False,[],,[],True,0,False
heldout,neorv32_cpu_cp_fpu,neorv32_cpu_cp_fpu_normalizer,ctrl.sign,not assigned here,False,,not assigned,False,[],,[],,0,False
heldout,neorv32_cpu_cp_fpu,neorv32_cpu_cp_fpu_normalizer,ctrl.state,internal state register,False,,edge,False,[],,[],True,8,False
heldout,neorv32_cpu_cp_fpu,neorv32_cpu_cp_fpu_normalizer,ctrl.under,not assigned here,False,,not assigned,False,[],,[],,0,False
heldout,neorv32_cpu_cp_fpu,neorv32_cpu_cp_fpu_normalizer,ctrl.unsign,not assigned here,False,,not assigned,False,[],,[],,0,False
heldout,neorv32_cpu_cp_fpu,neorv32_cpu_cp_fpu_normalizer,done_o,output port,True,out,edge,False,[],,[],,0,False
heldout,neorv32_cpu_cp_fpu,neorv32_cpu_cp_fpu_normalizer,exponent_i,input port,True,in,not assigned,False,[],,[],,0,False
heldout,neorv32_cpu_cp_fpu,neorv32_cpu_cp_fpu_normalizer,flags_i,input port,True,in,not assigned,False,[],,[],,0,False
heldout,neorv32_cpu_cp_fpu,neorv32_cpu_cp_fpu_normalizer,flags_o,output port,True,out,none,False,[],,[],,0,False
heldout,neorv32_cpu_cp_fpu,neorv32_cpu_cp_fpu_normalizer,funct_i,input port,True,in,not assigned,False,[],,[],,1,False
heldout,neorv32_cpu_cp_fpu,neorv32_cpu_cp_fpu_normalizer,integer_i,input port,True,in,not assigned,False,[],,[],,0,False
heldout,neorv32_cpu_cp_fpu,neorv32_cpu_cp_fpu_normalizer,mantissa_i,input port,True,in,not assigned,False,[],,[],,3,False
heldout,neorv32_cpu_cp_fpu,neorv32_cpu_cp_fpu_normalizer,result_o,output port,True,out,none,False,[],,[],,0,False
heldout,neorv32_cpu_cp_fpu,neorv32_cpu_cp_fpu_normalizer,rmode_i,input port,True,in,not assigned,False,[],,[],,2,False
heldout,neorv32_cpu_cp_fpu,neorv32_cpu_cp_fpu_normalizer,round,combinational decision,False,,not assigned,True,[],,[],,0,False
heldout,neorv32_cpu_cp_fpu,neorv32_cpu_cp_fpu_normalizer,round.en,combinational decision,False,,none,False,[],,[],,1,False
heldout,neorv32_cpu_cp_fpu,neorv32_cpu_cp_fpu_normalizer,round.output,combinational data,False,,none,False,[],,[],,0,False
heldout,neorv32_cpu_cp_fpu,neorv32_cpu_cp_fpu_normalizer,round.sub,combinational decision,False,,none,False,[],,[],,1,False
heldout,neorv32_cpu_cp_fpu,neorv32_cpu_cp_fpu_normalizer,rstn_i,input port,True,in,not assigned,False,[],,[],,0,False
heldout,neorv32_cpu_cp_fpu,neorv32_cpu_cp_fpu_normalizer,sign_i,input port,True,in,not assigned,False,[],,[],,2,False
heldout,neorv32_cpu_cp_fpu,neorv32_cpu_cp_fpu_normalizer,sreg,input-written register,False,,not assigned,True,[],,[],,0,False
heldout,neorv32_cpu_cp_fpu,neorv32_cpu_cp_fpu_normalizer,sreg.ext_g,input-written register,False,,edge,False,['mantissa_i'],False,[],True,1,False
heldout,neorv32_cpu_cp_fpu,neorv32_cpu_cp_fpu_normalizer,sreg.ext_r,input-written register,False,,edge,False,['mantissa_i'],False,[],True,1,False
heldout,neorv32_cpu_cp_fpu,neorv32_cpu_cp_fpu_normalizer,sreg.ext_s,internal state register,False,,edge,False,[],,[],True,1,False
heldout,neorv32_cpu_cp_fpu,neorv32_cpu_cp_fpu_normalizer,sreg.int,not assigned here,False,,not assigned,False,[],,[],,0,False
heldout,neorv32_cpu_cp_fpu,neorv32_cpu_cp_fpu_normalizer,sreg.mant,not assigned here,False,,not assigned,False,[],,[],,0,False
heldout,neorv32_cpu_cp_fpu,neorv32_cpu_cp_fpu_normalizer,start_i,input port,True,in,not assigned,False,[],,[],,4,True
heldout,neorv32_cpu_cp_shifter,neorv32_cpu_cp_shifter,bs_level,combinational data,False,,none,False,[],,[],,0,False
heldout,neorv32_cpu_cp_shifter,neorv32_cpu_cp_shifter,bs_result,exported state register,False,,edge,False,[],,['res_o'],True,0,False
heldout,neorv32_cpu_cp_shifter,neorv32_cpu_cp_shifter,bs_sign,combinational data,False,,none,False,[],,[],,0,False
heldout,neorv32_cpu_cp_shifter,neorv32_cpu_cp_shifter,clk_i,input port,True,in,not assigned,False,[],,[],,0,False
heldout,neorv32_cpu_cp_shifter,neorv32_cpu_cp_shifter,ctrl_i,input port,True,in,not assigned,True,[],,[],,0,False
heldout,neorv32_cpu_cp_shifter,neorv32_cpu_cp_shifter,ctrl_i.alu_cp_alu,input port,True,in,not assigned,False,[],,[],,1,False
heldout,neorv32_cpu_cp_shifter,neorv32_cpu_cp_shifter,ctrl_i.alu_cp_cfu,input port,True,in,not assigned,False,[],,[],,0,False
heldout,neorv32_cpu_cp_shifter,neorv32_cpu_cp_shifter,ctrl_i.alu_cp_fpu,input port,True,in,not assigned,False,[],,[],,0,False
heldout,neorv32_cpu_cp_shifter,neorv32_cpu_cp_shifter,ctrl_i.alu_imm,input port,True,in,not assigned,False,[],,[],,0,False
heldout,neorv32_cpu_cp_shifter,neorv32_cpu_cp_shifter,ctrl_i.alu_op,input port,True,in,not assigned,False,[],,[],,0,False
heldout,neorv32_cpu_cp_shifter,neorv32_cpu_cp_shifter,ctrl_i.alu_opa_mux,input port,True,in,not assigned,False,[],,[],,0,False
heldout,neorv32_cpu_cp_shifter,neorv32_cpu_cp_shifter,ctrl_i.alu_opb_mux,input port,True,in,not assigned,False,[],,[],,0,False
heldout,neorv32_cpu_cp_shifter,neorv32_cpu_cp_shifter,ctrl_i.alu_sub,input port,True,in,not assigned,False,[],,[],,0,False
heldout,neorv32_cpu_cp_shifter,neorv32_cpu_cp_shifter,ctrl_i.alu_unsigned,input port,True,in,not assigned,False,[],,[],,0,False
heldout,neorv32_cpu_cp_shifter,neorv32_cpu_cp_shifter,ctrl_i.cnt_event,input port,True,in,not assigned,False,[],,[],,0,False
heldout,neorv32_cpu_cp_shifter,neorv32_cpu_cp_shifter,ctrl_i.cnt_halt,input port,True,in,not assigned,False,[],,[],,0,False
heldout,neorv32_cpu_cp_shifter,neorv32_cpu_cp_shifter,ctrl_i.cpu_debug,input port,True,in,not assigned,False,[],,[],,0,False
heldout,neorv32_cpu_cp_shifter,neorv32_cpu_cp_shifter,ctrl_i.cpu_priv,input port,True,in,not assigned,False,[],,[],,0,False
heldout,neorv32_cpu_cp_shifter,neorv32_cpu_cp_shifter,ctrl_i.cpu_sleep,input port,True,in,not assigned,False,[],,[],,0,False
heldout,neorv32_cpu_cp_shifter,neorv32_cpu_cp_shifter,ctrl_i.cpu_trap,input port,True,in,not assigned,False,[],,[],,1,False
heldout,neorv32_cpu_cp_shifter,neorv32_cpu_cp_shifter,ctrl_i.csr_addr,input port,True,in,not assigned,False,[],,[],,0,False
heldout,neorv32_cpu_cp_shifter,neorv32_cpu_cp_shifter,ctrl_i.csr_re,input port,True,in,not assigned,False,[],,[],,0,False
heldout,neorv32_cpu_cp_shifter,neorv32_cpu_cp_shifter,ctrl_i.csr_wdata,input port,True,in,not assigned,False,[],,[],,0,False
heldout,neorv32_cpu_cp_shifter,neorv32_cpu_cp_shifter,ctrl_i.csr_we,input port,True,in,not assigned,False,[],,[],,0,False
heldout,neorv32_cpu_cp_shifter,neorv32_cpu_cp_shifter,ctrl_i.if_ack,input port,True,in,not assigned,False,[],,[],,0,False
heldout,neorv32_cpu_cp_shifter,neorv32_cpu_cp_shifter,ctrl_i.if_fence,input port,True,in,not assigned,False,[],,[],,0,False
heldout,neorv32_cpu_cp_shifter,neorv32_cpu_cp_shifter,ctrl_i.if_reset,input port,True,in,not assigned,False,[],,[],,0,False
heldout,neorv32_cpu_cp_shifter,neorv32_cpu_cp_shifter,ctrl_i.ir_funct12,input port,True,in,not assigned,False,[],,[],,1,False
heldout,neorv32_cpu_cp_shifter,neorv32_cpu_cp_shifter,ctrl_i.ir_funct3,input port,True,in,not assigned,False,[],,[],,4,False
heldout,neorv32_cpu_cp_shifter,neorv32_cpu_cp_shifter,ctrl_i.ir_opcode,input port,True,in,not assigned,False,[],,[],,0,False
heldout,neorv32_cpu_cp_shifter,neorv32_cpu_cp_shifter,ctrl_i.lsu_amo,input port,True,in,not assigned,False,[],,[],,0,False
heldout,neorv32_cpu_cp_shifter,neorv32_cpu_cp_shifter,ctrl_i.lsu_fence,input port,True,in,not assigned,False,[],,[],,0,False
heldout,neorv32_cpu_cp_shifter,neorv32_cpu_cp_shifter,ctrl_i.lsu_mo_we,input port,True,in,not assigned,False,[],,[],,0,False
heldout,neorv32_cpu_cp_shifter,neorv32_cpu_cp_shifter,ctrl_i.lsu_priv,input port,True,in,not assigned,False,[],,[],,0,False
heldout,neorv32_cpu_cp_shifter,neorv32_cpu_cp_shifter,ctrl_i.lsu_req,input port,True,in,not assigned,False,[],,[],,0,False
heldout,neorv32_cpu_cp_shifter,neorv32_cpu_cp_shifter,ctrl_i.lsu_rw,input port,True,in,not assigned,False,[],,[],,0,False
heldout,neorv32_cpu_cp_shifter,neorv32_cpu_cp_shifter,ctrl_i.pc_cur,input port,True,in,not assigned,False,[],,[],,0,False
heldout,neorv32_cpu_cp_shifter,neorv32_cpu_cp_shifter,ctrl_i.pc_nxt,input port,True,in,not assigned,False,[],,[],,0,False
heldout,neorv32_cpu_cp_shifter,neorv32_cpu_cp_shifter,ctrl_i.pc_ret,input port,True,in,not assigned,False,[],,[],,0,False
heldout,neorv32_cpu_cp_shifter,neorv32_cpu_cp_shifter,ctrl_i.rf_rd,input port,True,in,not assigned,False,[],,[],,0,False
heldout,neorv32_cpu_cp_shifter,neorv32_cpu_cp_shifter,ctrl_i.rf_rs1,input port,True,in,not assigned,False,[],,[],,0,False
heldout,neorv32_cpu_cp_shifter,neorv32_cpu_cp_shifter,ctrl_i.rf_rs2,input port,True,in,not assigned,False,[],,[],,0,False
heldout,neorv32_cpu_cp_shifter,neorv32_cpu_cp_shifter,ctrl_i.rf_wb_en,input port,True,in,not assigned,False,[],,[],,0,False
heldout,neorv32_cpu_cp_shifter,neorv32_cpu_cp_shifter,ctrl_i.rf_zero_we,input port,True,in,not assigned,False,[],,[],,0,False
heldout,neorv32_cpu_cp_shifter,neorv32_cpu_cp_shifter,res_o,output port,True,out,none,False,[],,[],,0,False
heldout,neorv32_cpu_cp_shifter,neorv32_cpu_cp_shifter,rs1_i,input port,True,in,not assigned,False,[],,[],,0,False
heldout,neorv32_cpu_cp_shifter,neorv32_cpu_cp_shifter,rstn_i,input port,True,in,not assigned,False,[],,[],,0,False
heldout,neorv32_cpu_cp_shifter,neorv32_cpu_cp_shifter,shamt_i,input port,True,in,not assigned,False,[],,[],,1,False
heldout,neorv32_cpu_cp_shifter,neorv32_cpu_cp_shifter,shifter,input-written register,False,,not assigned,True,[],,[],,0,False
heldout,neorv32_cpu_cp_shifter,neorv32_cpu_cp_shifter,shifter.busy,exported state register,False,,edge,False,[],,['valid_o'],True,0,False
heldout,neorv32_cpu_cp_shifter,neorv32_cpu_cp_shifter,shifter.cnt,input-written register,False,,edge,False,['shamt_i'],False,['valid_o'],True,0,False
heldout,neorv32_cpu_cp_shifter,neorv32_cpu_cp_shifter,shifter.done,combinational decision,False,,none,False,[],,[],,1,False
heldout,neorv32_cpu_cp_shifter,neorv32_cpu_cp_shifter,shifter.done_ff,internal state register,False,,edge,False,[],,[],True,1,False
heldout,neorv32_cpu_cp_shifter,neorv32_cpu_cp_shifter,shifter.run,combinational decision,False,,none,False,[],,[],,2,True
heldout,neorv32_cpu_cp_shifter,neorv32_cpu_cp_shifter,shifter.sreg,input-written register,False,,edge,False,"['ctrl_i.ir_funct12', 'rs1_i']",False,['res_o'],True,0,False
heldout,neorv32_cpu_cp_shifter,neorv32_cpu_cp_shifter,valid_cmd,combinational decision,False,,none,False,[],,[],,4,True
heldout,neorv32_cpu_cp_shifter,neorv32_cpu_cp_shifter,valid_o,output port,True,out,none,False,[],,[],,0,False
heldout,neorv32_cpu_decompressor,neorv32_cpu_decompressor,decoded,combinational data,False,,none,False,[],,[],,0,False
heldout,neorv32_cpu_decompressor,neorv32_cpu_decompressor,illegal,combinational decision,False,,none,False,[],,[],,1,False
heldout,neorv32_cpu_decompressor,neorv32_cpu_decompressor,instr_i,input port,True,in,not assigned,False,[],,[],,2,False
heldout,neorv32_cpu_decompressor,neorv32_cpu_decompressor,instr_o,output port,True,out,none,False,[],,[],,0,False
heldout,neorv32_cpu_frontend,neorv32_cpu_frontend,clk_i,input port,True,in,not assigned,False,[],,[],,0,False
heldout,neorv32_cpu_frontend,neorv32_cpu_frontend,ctrl_i,input port,True,in,not assigned,True,[],,[],,0,False
heldout,neorv32_cpu_frontend,neorv32_cpu_frontend,ctrl_i.alu_cp_alu,input port,True,in,not assigned,False,[],,[],,0,False
heldout,neorv32_cpu_frontend,neorv32_cpu_frontend,ctrl_i.alu_cp_cfu,input port,True,in,not assigned,False,[],,[],,0,False
heldout,neorv32_cpu_frontend,neorv32_cpu_frontend,ctrl_i.alu_cp_fpu,input port,True,in,not assigned,False,[],,[],,0,False
heldout,neorv32_cpu_frontend,neorv32_cpu_frontend,ctrl_i.alu_imm,input port,True,in,not assigned,False,[],,[],,0,False
heldout,neorv32_cpu_frontend,neorv32_cpu_frontend,ctrl_i.alu_op,input port,True,in,not assigned,False,[],,[],,0,False
heldout,neorv32_cpu_frontend,neorv32_cpu_frontend,ctrl_i.alu_opa_mux,input port,True,in,not assigned,False,[],,[],,0,False
heldout,neorv32_cpu_frontend,neorv32_cpu_frontend,ctrl_i.alu_opb_mux,input port,True,in,not assigned,False,[],,[],,0,False
heldout,neorv32_cpu_frontend,neorv32_cpu_frontend,ctrl_i.alu_sub,input port,True,in,not assigned,False,[],,[],,0,False
heldout,neorv32_cpu_frontend,neorv32_cpu_frontend,ctrl_i.alu_unsigned,input port,True,in,not assigned,False,[],,[],,0,False
heldout,neorv32_cpu_frontend,neorv32_cpu_frontend,ctrl_i.cnt_event,input port,True,in,not assigned,False,[],,[],,0,False
heldout,neorv32_cpu_frontend,neorv32_cpu_frontend,ctrl_i.cnt_halt,input port,True,in,not assigned,False,[],,[],,0,False
heldout,neorv32_cpu_frontend,neorv32_cpu_frontend,ctrl_i.cpu_debug,input port,True,in,not assigned,False,[],,[],,0,False
heldout,neorv32_cpu_frontend,neorv32_cpu_frontend,ctrl_i.cpu_priv,input port,True,in,not assigned,False,[],,[],,0,False
heldout,neorv32_cpu_frontend,neorv32_cpu_frontend,ctrl_i.cpu_sleep,input port,True,in,not assigned,False,[],,[],,0,False
heldout,neorv32_cpu_frontend,neorv32_cpu_frontend,ctrl_i.cpu_trap,input port,True,in,not assigned,False,[],,[],,0,False
heldout,neorv32_cpu_frontend,neorv32_cpu_frontend,ctrl_i.csr_addr,input port,True,in,not assigned,False,[],,[],,0,False
heldout,neorv32_cpu_frontend,neorv32_cpu_frontend,ctrl_i.csr_re,input port,True,in,not assigned,False,[],,[],,0,False
heldout,neorv32_cpu_frontend,neorv32_cpu_frontend,ctrl_i.csr_wdata,input port,True,in,not assigned,False,[],,[],,0,False
heldout,neorv32_cpu_frontend,neorv32_cpu_frontend,ctrl_i.csr_we,input port,True,in,not assigned,False,[],,[],,0,False
heldout,neorv32_cpu_frontend,neorv32_cpu_frontend,ctrl_i.if_ack,input port,True,in,not assigned,False,[],,[],,1,False
heldout,neorv32_cpu_frontend,neorv32_cpu_frontend,ctrl_i.if_fence,input port,True,in,not assigned,False,[],,[],,0,False
heldout,neorv32_cpu_frontend,neorv32_cpu_frontend,ctrl_i.if_reset,input port,True,in,not assigned,False,[],,[],,1,False
heldout,neorv32_cpu_frontend,neorv32_cpu_frontend,ctrl_i.ir_funct12,input port,True,in,not assigned,False,[],,[],,0,False
heldout,neorv32_cpu_frontend,neorv32_cpu_frontend,ctrl_i.ir_funct3,input port,True,in,not assigned,False,[],,[],,0,False
heldout,neorv32_cpu_frontend,neorv32_cpu_frontend,ctrl_i.ir_opcode,input port,True,in,not assigned,False,[],,[],,0,False
heldout,neorv32_cpu_frontend,neorv32_cpu_frontend,ctrl_i.lsu_amo,input port,True,in,not assigned,False,[],,[],,0,False
heldout,neorv32_cpu_frontend,neorv32_cpu_frontend,ctrl_i.lsu_fence,input port,True,in,not assigned,False,[],,[],,0,False
heldout,neorv32_cpu_frontend,neorv32_cpu_frontend,ctrl_i.lsu_mo_we,input port,True,in,not assigned,False,[],,[],,0,False
heldout,neorv32_cpu_frontend,neorv32_cpu_frontend,ctrl_i.lsu_priv,input port,True,in,not assigned,False,[],,[],,0,False
heldout,neorv32_cpu_frontend,neorv32_cpu_frontend,ctrl_i.lsu_req,input port,True,in,not assigned,False,[],,[],,0,False
heldout,neorv32_cpu_frontend,neorv32_cpu_frontend,ctrl_i.lsu_rw,input port,True,in,not assigned,False,[],,[],,0,False
heldout,neorv32_cpu_frontend,neorv32_cpu_frontend,ctrl_i.pc_cur,input port,True,in,not assigned,False,[],,[],,0,False
heldout,neorv32_cpu_frontend,neorv32_cpu_frontend,ctrl_i.pc_nxt,input port,True,in,not assigned,False,[],,[],,0,False
heldout,neorv32_cpu_frontend,neorv32_cpu_frontend,ctrl_i.pc_ret,input port,True,in,not assigned,False,[],,[],,0,False
heldout,neorv32_cpu_frontend,neorv32_cpu_frontend,ctrl_i.rf_rd,input port,True,in,not assigned,False,[],,[],,0,False
heldout,neorv32_cpu_frontend,neorv32_cpu_frontend,ctrl_i.rf_rs1,input port,True,in,not assigned,False,[],,[],,0,False
heldout,neorv32_cpu_frontend,neorv32_cpu_frontend,ctrl_i.rf_rs2,input port,True,in,not assigned,False,[],,[],,0,False
heldout,neorv32_cpu_frontend,neorv32_cpu_frontend,ctrl_i.rf_wb_en,input port,True,in,not assigned,False,[],,[],,0,False
heldout,neorv32_cpu_frontend,neorv32_cpu_frontend,ctrl_i.rf_zero_we,input port,True,in,not assigned,False,[],,[],,0,False
heldout,neorv32_cpu_frontend,neorv32_cpu_frontend,fetch,input-written register,False,,not assigned,True,[],,[],,0,False
heldout,neorv32_cpu_frontend,neorv32_cpu_frontend,fetch.pc,input-written register,False,,edge,False,['ctrl_i.pc_nxt'],False,['ibus_req_o.addr'],True,1,False
heldout,neorv32_cpu_frontend,neorv32_cpu_frontend,fetch.priv,input-written register,False,,edge,False,['ctrl_i.cpu_priv'],False,['ibus_req_o.priv'],True,0,False
heldout,neorv32_cpu_frontend,neorv32_cpu_frontend,fetch.restart,input-written register,False,,edge,False,['ctrl_i.if_reset'],False,[],True,2,False
heldout,neorv32_cpu_frontend,neorv32_cpu_frontend,fetch.state,internal state register,False,,edge,False,[],,[],True,6,False
heldout,neorv32_cpu_frontend,neorv32_cpu_frontend,frontend_o,output port,True,out,not assigned,True,[],,[],,0,False
heldout,neorv32_cpu_frontend,neorv32_cpu_frontend,frontend_o.compr,output port,True,out,none,False,[],,[],,0,False
heldout,neorv32_cpu_frontend,neorv32_cpu_frontend,frontend_o.fault,output port,True,out,none,False,[],,[],,0,False
heldout,neorv32_cpu_frontend,neorv32_cpu_frontend,frontend_o.halted,output port,True,out,none,False,[],,[],,0,False
heldout,neorv32_cpu_frontend,neorv32_cpu_frontend,frontend_o.instr,output port,True,out,none,False,[],,[],,0,False
heldout,neorv32_cpu_frontend,neorv32_cpu_frontend,frontend_o.valid,output port,True,out,none,False,[],,[],,0,False
heldout,neorv32_cpu_frontend,neorv32_cpu_frontend,ibus_req_o,output port,True,out,not assigned,True,[],,[],,0,False
heldout,neorv32_cpu_frontend,neorv32_cpu_frontend,ibus_req_o.addr,output port,True,out,none,False,[],,[],,0,False
heldout,neorv32_cpu_frontend,neorv32_cpu_frontend,ibus_req_o.amo,output port,True,out,none,False,[],,[],,0,False
heldout,neorv32_cpu_frontend,neorv32_cpu_frontend,ibus_req_o.amoop,output port,True,out,none,False,[],,[],,0,False
heldout,neorv32_cpu_frontend,neorv32_cpu_frontend,ibus_req_o.ben,output port,True,out,none,False,[],,[],,0,False
heldout,neorv32_cpu_frontend,neorv32_cpu_frontend,ibus_req_o.data,output port,True,out,none,False,[],,[],,0,False
heldout,neorv32_cpu_frontend,neorv32_cpu_frontend,ibus_req_o.debug,output port,True,out,none,False,[],,[],,0,False
heldout,neorv32_cpu_frontend,neorv32_cpu_frontend,ibus_req_o.fence,output port,True,out,none,False,[],,[],,0,False
heldout,neorv32_cpu_frontend,neorv32_cpu_frontend,ibus_req_o.lock,output port,True,out,none,False,[],,[],,0,False
heldout,neorv32_cpu_frontend,neorv32_cpu_frontend,ibus_req_o.priv,output port,True,out,none,False,[],,[],,0,False
heldout,neorv32_cpu_frontend,neorv32_cpu_frontend,ibus_req_o.rw,output port,True,out,none,False,[],,[],,0,False
heldout,neorv32_cpu_frontend,neorv32_cpu_frontend,ibus_req_o.src,output port,True,out,none,False,[],,[],,0,False
heldout,neorv32_cpu_frontend,neorv32_cpu_frontend,ibus_req_o.stb,output port,True,out,none,False,[],,[],,0,False
heldout,neorv32_cpu_frontend,neorv32_cpu_frontend,ibus_rsp_i,input port,True,in,not assigned,True,[],,[],,0,False
heldout,neorv32_cpu_frontend,neorv32_cpu_frontend,ibus_rsp_i.ack,input port,True,in,not assigned,False,[],,[],,3,False
heldout,neorv32_cpu_frontend,neorv32_cpu_frontend,ibus_rsp_i.data,input port,True,in,not assigned,False,[],,[],,0,False
heldout,neorv32_cpu_frontend,neorv32_cpu_frontend,ibus_rsp_i.err,input port,True,in,not assigned,False,[],,[],,0,False
heldout,neorv32_cpu_frontend,neorv32_cpu_frontend,ipb,sub-unit interface,False,,not assigned,True,[],,[],,0,False
heldout,neorv32_cpu_frontend,neorv32_cpu_frontend,ipb.avail,sub-unit interface,False,,not assigned,False,[],,[],,0,False
heldout,neorv32_cpu_frontend,neorv32_cpu_frontend,ipb.free,sub-unit interface,False,,not assigned,False,[],,[],,3,False
heldout,neorv32_cpu_frontend,neorv32_cpu_frontend,ipb.rdata,sub-unit interface,False,,not assigned,False,[],,[],,6,False
heldout,neorv32_cpu_frontend,neorv32_cpu_frontend,ipb.re,sub-unit interface,False,,none,False,[],,[],,0,False
heldout,neorv32_cpu_frontend,neorv32_cpu_frontend,ipb.wdata,sub-unit interface,False,,none,False,[],,[],,0,False
heldout,neorv32_cpu_frontend,neorv32_cpu_frontend,ipb.we,sub-unit interface,False,,none,False,[],,[],,0,False
heldout,neorv32_cpu_frontend,neorv32_cpu_frontend,issue,input-written register,False,,not assigned,True,[],,[],,0,False
heldout,neorv32_cpu_frontend,neorv32_cpu_frontend,issue.ack,combinational data,False,,none,False,[],,[],,0,False
heldout,neorv32_cpu_frontend,neorv32_cpu_frontend,issue.aclr,combinational data,False,,none,False,[],,[],,0,False
heldout,neorv32_cpu_frontend,neorv32_cpu_frontend,issue.algn,input-written register,False,,mixed,False,['ctrl_i.pc_nxt'],False,[],True,8,False
heldout,neorv32_cpu_frontend,neorv32_cpu_frontend,issue.aset,combinational data,False,,none,False,[],,[],,0,False
heldout,neorv32_cpu_frontend,neorv32_cpu_frontend,issue.cmd16,sub-unit interface,False,,none,False,[],,[],,0,False
heldout,neorv32_cpu_frontend,neorv32_cpu_frontend,issue.cmd32,sub-unit interface,False,,none,False,[],,[],,0,False
heldout,neorv32_cpu_frontend,neorv32_cpu_frontend,rstn_i,input port,True,in,not assigned,False,[],,[],,0,False
heldout,neorv32_cpu_icc,neorv32_cpu_icc,clk_i,input port,True,in,not assigned,False,[],,[],,0,False
heldout,neorv32_cpu_icc,neorv32_cpu_icc,csr_addr_i,input port,True,in,not assigned,False,[],,[],,3,False
heldout,neorv32_cpu_icc,neorv32_cpu_icc,csr_rdata_o,output port,True,out,none,False,[],,[],,0,False
heldout,neorv32_cpu_icc,neorv32_cpu_icc,csr_re_i,input port,True,in,not assigned,False,[],,[],,1,False
heldout,neorv32_cpu_icc,neorv32_cpu_icc,csr_wdata_i,input port,True,in,not assigned,False,[],,[],,0,False
heldout,neorv32_cpu_icc,neorv32_cpu_icc,csr_we_i,input port,True,in,not assigned,False,[],,[],,1,False
heldout,neorv32_cpu_icc,neorv32_cpu_icc,icc_rx_i,input port,True,in,not assigned,True,[],,[],,0,False
heldout,neorv32_cpu_icc,neorv32_cpu_icc,icc_rx_i.ack,input port,True,in,not assigned,False,[],,[],,0,False
heldout,neorv32_cpu_icc,neorv32_cpu_icc,icc_rx_i.dat,input port,True,in,not assigned,False,[],,[],,0,False
heldout,neorv32_cpu_icc,neorv32_cpu_icc,icc_rx_i.rdy,input port,True,in,not assigned,False,[],,[],,1,False
heldout,neorv32_cpu_icc,neorv32_cpu_icc,icc_tx_o,output port,True,out,not assigned,True,[],,[],,0,False
heldout,neorv32_cpu_icc,neorv32_cpu_icc,icc_tx_o.ack,output port,True,out,none,False,[],,[],,0,False
heldout,neorv32_cpu_icc,neorv32_cpu_icc,icc_tx_o.dat,output port,True,out,not assigned,False,[],,[],,0,False
heldout,neorv32_cpu_icc,neorv32_cpu_icc,icc_tx_o.rdy,output port,True,out,not assigned,False,[],,[],,0,False
heldout,neorv32_cpu_icc,neorv32_cpu_icc,rstn_i,input port,True,in,not assigned,False,[],,[],,0,False
heldout,neorv32_cpu_icc,neorv32_cpu_icc,tx_fifo_free,sub-unit interface,False,,not assigned,False,[],,[],,0,False
heldout,neorv32_cpu_icc,neorv32_cpu_icc,tx_fifo_we,sub-unit interface,False,,none,False,[],,[],,0,False
heldout,neorv32_cpu_lsu,neorv32_cpu_lsu,addr_i,input port,True,in,not assigned,False,[],,[],,0,False
heldout,neorv32_cpu_lsu,neorv32_cpu_lsu,amo_cmd,combinational data,False,,none,False,[],,[],,0,False
heldout,neorv32_cpu_lsu,neorv32_cpu_lsu,clk_i,input port,True,in,not assigned,False,[],,[],,0,False
heldout,neorv32_cpu_lsu,neorv32_cpu_lsu,ctrl_i,input port,True,in,not assigned,True,[],,[],,0,False
heldout,neorv32_cpu_lsu,neorv32_cpu_lsu,ctrl_i.alu_cp_alu,input port,True,in,not assigned,False,[],,[],,0,False
heldout,neorv32_cpu_lsu,neorv32_cpu_lsu,ctrl_i.alu_cp_cfu,input port,True,in,not assigned,False,[],,[],,0,False
heldout,neorv32_cpu_lsu,neorv32_cpu_lsu,ctrl_i.alu_cp_fpu,input port,True,in,not assigned,False,[],,[],,0,False
heldout,neorv32_cpu_lsu,neorv32_cpu_lsu,ctrl_i.alu_imm,input port,True,in,not assigned,False,[],,[],,0,False
heldout,neorv32_cpu_lsu,neorv32_cpu_lsu,ctrl_i.alu_op,input port,True,in,not assigned,False,[],,[],,0,False
heldout,neorv32_cpu_lsu,neorv32_cpu_lsu,ctrl_i.alu_opa_mux,input port,True,in,not assigned,False,[],,[],,0,False
heldout,neorv32_cpu_lsu,neorv32_cpu_lsu,ctrl_i.alu_opb_mux,input port,True,in,not assigned,False,[],,[],,0,False
heldout,neorv32_cpu_lsu,neorv32_cpu_lsu,ctrl_i.alu_sub,input port,True,in,not assigned,False,[],,[],,0,False
heldout,neorv32_cpu_lsu,neorv32_cpu_lsu,ctrl_i.alu_unsigned,input port,True,in,not assigned,False,[],,[],,0,False
heldout,neorv32_cpu_lsu,neorv32_cpu_lsu,ctrl_i.cnt_event,input port,True,in,not assigned,False,[],,[],,0,False
heldout,neorv32_cpu_lsu,neorv32_cpu_lsu,ctrl_i.cnt_halt,input port,True,in,not assigned,False,[],,[],,0,False
heldout,neorv32_cpu_lsu,neorv32_cpu_lsu,ctrl_i.cpu_debug,input port,True,in,not assigned,False,[],,[],,0,False
heldout,neorv32_cpu_lsu,neorv32_cpu_lsu,ctrl_i.cpu_priv,input port,True,in,not assigned,False,[],,[],,0,False
heldout,neorv32_cpu_lsu,neorv32_cpu_lsu,ctrl_i.cpu_sleep,input port,True,in,not assigned,False,[],,[],,0,False
heldout,neorv32_cpu_lsu,neorv32_cpu_lsu,ctrl_i.cpu_trap,input port,True,in,not assigned,False,[],,[],,1,False
heldout,neorv32_cpu_lsu,neorv32_cpu_lsu,ctrl_i.csr_addr,input port,True,in,not assigned,False,[],,[],,0,False
heldout,neorv32_cpu_lsu,neorv32_cpu_lsu,ctrl_i.csr_re,input port,True,in,not assigned,False,[],,[],,0,False
heldout,neorv32_cpu_lsu,neorv32_cpu_lsu,ctrl_i.csr_wdata,input port,True,in,not assigned,False,[],,[],,0,False
heldout,neorv32_cpu_lsu,neorv32_cpu_lsu,ctrl_i.csr_we,input port,True,in,not assigned,False,[],,[],,0,False
heldout,neorv32_cpu_lsu,neorv32_cpu_lsu,ctrl_i.if_ack,input port,True,in,not assigned,False,[],,[],,0,False
heldout,neorv32_cpu_lsu,neorv32_cpu_lsu,ctrl_i.if_fence,input port,True,in,not assigned,False,[],,[],,0,False
heldout,neorv32_cpu_lsu,neorv32_cpu_lsu,ctrl_i.if_reset,input port,True,in,not assigned,False,[],,[],,0,False
heldout,neorv32_cpu_lsu,neorv32_cpu_lsu,ctrl_i.ir_funct12,input port,True,in,not assigned,False,[],,[],,2,False
heldout,neorv32_cpu_lsu,neorv32_cpu_lsu,ctrl_i.ir_funct3,input port,True,in,not assigned,False,[],,[],,4,False
heldout,neorv32_cpu_lsu,neorv32_cpu_lsu,ctrl_i.ir_opcode,input port,True,in,not assigned,False,[],,[],,0,False
heldout,neorv32_cpu_lsu,neorv32_cpu_lsu,ctrl_i.lsu_amo,input port,True,in,not assigned,False,[],,[],,1,False
heldout,neorv32_cpu_lsu,neorv32_cpu_lsu,ctrl_i.lsu_fence,input port,True,in,not assigned,False,[],,[],,0,False
heldout,neorv32_cpu_lsu,neorv32_cpu_lsu,ctrl_i.lsu_mo_we,input port,True,in,not assigned,False,[],,[],,10,True
heldout,neorv32_cpu_lsu,neorv32_cpu_lsu,ctrl_i.lsu_priv,input port,True,in,not assigned,False,[],,[],,0,False
heldout,neorv32_cpu_lsu,neorv32_cpu_lsu,ctrl_i.lsu_req,input port,True,in,not assigned,False,[],,[],,0,False
heldout,neorv32_cpu_lsu,neorv32_cpu_lsu,ctrl_i.lsu_rw,input port,True,in,not assigned,False,[],,[],,0,False
heldout,neorv32_cpu_lsu,neorv32_cpu_lsu,ctrl_i.pc_cur,input port,True,in,not assigned,False,[],,[],,0,False
heldout,neorv32_cpu_lsu,neorv32_cpu_lsu,ctrl_i.pc_nxt,input port,True,in,not assigned,False,[],,[],,0,False
heldout,neorv32_cpu_lsu,neorv32_cpu_lsu,ctrl_i.pc_ret,input port,True,in,not assigned,False,[],,[],,0,False
heldout,neorv32_cpu_lsu,neorv32_cpu_lsu,ctrl_i.rf_rd,input port,True,in,not assigned,False,[],,[],,0,False
heldout,neorv32_cpu_lsu,neorv32_cpu_lsu,ctrl_i.rf_rs1,input port,True,in,not assigned,False,[],,[],,0,False
heldout,neorv32_cpu_lsu,neorv32_cpu_lsu,ctrl_i.rf_rs2,input port,True,in,not assigned,False,[],,[],,0,False
heldout,neorv32_cpu_lsu,neorv32_cpu_lsu,ctrl_i.rf_wb_en,input port,True,in,not assigned,False,[],,[],,0,False
heldout,neorv32_cpu_lsu,neorv32_cpu_lsu,ctrl_i.rf_zero_we,input port,True,in,not assigned,False,[],,[],,0,False
heldout,neorv32_cpu_lsu,neorv32_cpu_lsu,dbus_req_o,output port,True,out,not assigned,True,[],,[],,0,False
heldout,neorv32_cpu_lsu,neorv32_cpu_lsu,dbus_req_o.addr,output port,True,out,none,False,[],,[],,0,False
heldout,neorv32_cpu_lsu,neorv32_cpu_lsu,dbus_req_o.amo,output port,True,out,edge,False,[],,[],,0,False
heldout,neorv32_cpu_lsu,neorv32_cpu_lsu,dbus_req_o.amoop,output port,True,out,edge,False,[],,[],,0,False
heldout,neorv32_cpu_lsu,neorv32_cpu_lsu,dbus_req_o.ben,output port,True,out,edge,False,[],,[],,0,False
heldout,neorv32_cpu_lsu,neorv32_cpu_lsu,dbus_req_o.data,output port,True,out,edge,False,[],,[],,0,False
heldout,neorv32_cpu_lsu,neorv32_cpu_lsu,dbus_req_o.debug,output port,True,out,edge,False,[],,[],,0,False
heldout,neorv32_cpu_lsu,neorv32_cpu_lsu,dbus_req_o.fence,output port,True,out,none,False,[],,[],,0,False
heldout,neorv32_cpu_lsu,neorv32_cpu_lsu,dbus_req_o.lock,output port,True,out,edge,False,[],,[],,0,False
heldout,neorv32_cpu_lsu,neorv32_cpu_lsu,dbus_req_o.priv,output port,True,out,edge,False,[],,[],,0,False
heldout,neorv32_cpu_lsu,neorv32_cpu_lsu,dbus_req_o.rw,output port,True,out,edge,False,[],,[],,0,False
heldout,neorv32_cpu_lsu,neorv32_cpu_lsu,dbus_req_o.src,output port,True,out,none,False,[],,[],,0,False
heldout,neorv32_cpu_lsu,neorv32_cpu_lsu,dbus_req_o.stb,output port,True,out,none,False,[],,[],,0,False
heldout,neorv32_cpu_lsu,neorv32_cpu_lsu,dbus_rsp_i,input port,True,in,not assigned,True,[],,[],,0,False
heldout,neorv32_cpu_lsu,neorv32_cpu_lsu,dbus_rsp_i.ack,input port,True,in,not assigned,False,[],,[],,1,False
heldout,neorv32_cpu_lsu,neorv32_cpu_lsu,dbus_rsp_i.data,input port,True,in,not assigned,False,[],,[],,0,False
heldout,neorv32_cpu_lsu,neorv32_cpu_lsu,dbus_rsp_i.err,input port,True,in,not assigned,False,[],,[],,0,False
heldout,neorv32_cpu_lsu,neorv32_cpu_lsu,err_o,output port,True,out,none,False,[],,[],,0,False
heldout,neorv32_cpu_lsu,neorv32_cpu_lsu,mar,input-written register,False,,edge,False,['addr_i'],False,"['dbus_req_o.addr', 'mar_o']",True,1,False
heldout,neorv32_cpu_lsu,neorv32_cpu_lsu,mar_o,output port,True,out,none,False,[],,[],,0,False
heldout,neorv32_cpu_lsu,neorv32_cpu_lsu,misaligned,input-written register,False,,edge,False,['addr_i'],False,"['dbus_req_o.stb', 'err_o']",True,0,False
heldout,neorv32_cpu_lsu,neorv32_cpu_lsu,pending,input-written register,False,,edge,False,['ctrl_i.lsu_req'],False,['err_o'],True,2,False
heldout,neorv32_cpu_lsu,neorv32_cpu_lsu,pmp_err,input-written register,False,,edge,False,['pmp_fault_i'],False,['err_o'],True,0,False
heldout,neorv32_cpu_lsu,neorv32_cpu_lsu,pmp_fault_i,input port,True,in,not assigned,False,[],,[],,0,False
heldout,neorv32_cpu_lsu,neorv32_cpu_lsu,rdata_o,output port,True,out,edge,False,[],,[],,0,False
heldout,neorv32_cpu_lsu,neorv32_cpu_lsu,rstn_i,input port,True,in,not assigned,False,[],,[],,0,False
heldout,neorv32_cpu_lsu,neorv32_cpu_lsu,wait_o,output port,True,out,none,False,[],,[],,0,False
heldout,neorv32_cpu_lsu,neorv32_cpu_lsu,wdata_i,input port,True,in,not assigned,False,[],,[],,0,False
heldout,neorv32_cpu_regfile,neorv32_cpu_regfile,clk_i,input port,True,in,not assigned,False,[],,[],,0,False
heldout,neorv32_cpu_regfile,neorv32_cpu_regfile,ctrl_i,input port,True,in,not assigned,True,[],,[],,0,False
heldout,neorv32_cpu_regfile,neorv32_cpu_regfile,ctrl_i.alu_cp_alu,input port,True,in,not assigned,False,[],,[],,0,False
heldout,neorv32_cpu_regfile,neorv32_cpu_regfile,ctrl_i.alu_cp_cfu,input port,True,in,not assigned,False,[],,[],,0,False
heldout,neorv32_cpu_regfile,neorv32_cpu_regfile,ctrl_i.alu_cp_fpu,input port,True,in,not assigned,False,[],,[],,0,False
heldout,neorv32_cpu_regfile,neorv32_cpu_regfile,ctrl_i.alu_imm,input port,True,in,not assigned,False,[],,[],,0,False
heldout,neorv32_cpu_regfile,neorv32_cpu_regfile,ctrl_i.alu_op,input port,True,in,not assigned,False,[],,[],,0,False
heldout,neorv32_cpu_regfile,neorv32_cpu_regfile,ctrl_i.alu_opa_mux,input port,True,in,not assigned,False,[],,[],,0,False
heldout,neorv32_cpu_regfile,neorv32_cpu_regfile,ctrl_i.alu_opb_mux,input port,True,in,not assigned,False,[],,[],,0,False
heldout,neorv32_cpu_regfile,neorv32_cpu_regfile,ctrl_i.alu_sub,input port,True,in,not assigned,False,[],,[],,0,False
heldout,neorv32_cpu_regfile,neorv32_cpu_regfile,ctrl_i.alu_unsigned,input port,True,in,not assigned,False,[],,[],,0,False
heldout,neorv32_cpu_regfile,neorv32_cpu_regfile,ctrl_i.cnt_event,input port,True,in,not assigned,False,[],,[],,0,False
heldout,neorv32_cpu_regfile,neorv32_cpu_regfile,ctrl_i.cnt_halt,input port,True,in,not assigned,False,[],,[],,0,False
heldout,neorv32_cpu_regfile,neorv32_cpu_regfile,ctrl_i.cpu_debug,input port,True,in,not assigned,False,[],,[],,0,False
heldout,neorv32_cpu_regfile,neorv32_cpu_regfile,ctrl_i.cpu_priv,input port,True,in,not assigned,False,[],,[],,0,False
heldout,neorv32_cpu_regfile,neorv32_cpu_regfile,ctrl_i.cpu_sleep,input port,True,in,not assigned,False,[],,[],,0,False
heldout,neorv32_cpu_regfile,neorv32_cpu_regfile,ctrl_i.cpu_trap,input port,True,in,not assigned,False,[],,[],,0,False
heldout,neorv32_cpu_regfile,neorv32_cpu_regfile,ctrl_i.csr_addr,input port,True,in,not assigned,False,[],,[],,0,False
heldout,neorv32_cpu_regfile,neorv32_cpu_regfile,ctrl_i.csr_re,input port,True,in,not assigned,False,[],,[],,0,False
heldout,neorv32_cpu_regfile,neorv32_cpu_regfile,ctrl_i.csr_wdata,input port,True,in,not assigned,False,[],,[],,0,False
heldout,neorv32_cpu_regfile,neorv32_cpu_regfile,ctrl_i.csr_we,input port,True,in,not assigned,False,[],,[],,0,False
heldout,neorv32_cpu_regfile,neorv32_cpu_regfile,ctrl_i.if_ack,input port,True,in,not assigned,False,[],,[],,0,False
heldout,neorv32_cpu_regfile,neorv32_cpu_regfile,ctrl_i.if_fence,input port,True,in,not assigned,False,[],,[],,0,False
heldout,neorv32_cpu_regfile,neorv32_cpu_regfile,ctrl_i.if_reset,input port,True,in,not assigned,False,[],,[],,0,False
heldout,neorv32_cpu_regfile,neorv32_cpu_regfile,ctrl_i.ir_funct12,input port,True,in,not assigned,False,[],,[],,0,False
heldout,neorv32_cpu_regfile,neorv32_cpu_regfile,ctrl_i.ir_funct3,input port,True,in,not assigned,False,[],,[],,0,False
heldout,neorv32_cpu_regfile,neorv32_cpu_regfile,ctrl_i.ir_opcode,input port,True,in,not assigned,False,[],,[],,0,False
heldout,neorv32_cpu_regfile,neorv32_cpu_regfile,ctrl_i.lsu_amo,input port,True,in,not assigned,False,[],,[],,0,False
heldout,neorv32_cpu_regfile,neorv32_cpu_regfile,ctrl_i.lsu_fence,input port,True,in,not assigned,False,[],,[],,0,False
heldout,neorv32_cpu_regfile,neorv32_cpu_regfile,ctrl_i.lsu_mo_we,input port,True,in,not assigned,False,[],,[],,0,False
heldout,neorv32_cpu_regfile,neorv32_cpu_regfile,ctrl_i.lsu_priv,input port,True,in,not assigned,False,[],,[],,0,False
heldout,neorv32_cpu_regfile,neorv32_cpu_regfile,ctrl_i.lsu_req,input port,True,in,not assigned,False,[],,[],,0,False
heldout,neorv32_cpu_regfile,neorv32_cpu_regfile,ctrl_i.lsu_rw,input port,True,in,not assigned,False,[],,[],,0,False
heldout,neorv32_cpu_regfile,neorv32_cpu_regfile,ctrl_i.pc_cur,input port,True,in,not assigned,False,[],,[],,0,False
heldout,neorv32_cpu_regfile,neorv32_cpu_regfile,ctrl_i.pc_nxt,input port,True,in,not assigned,False,[],,[],,0,False
heldout,neorv32_cpu_regfile,neorv32_cpu_regfile,ctrl_i.pc_ret,input port,True,in,not assigned,False,[],,[],,0,False
heldout,neorv32_cpu_regfile,neorv32_cpu_regfile,ctrl_i.rf_rd,input port,True,in,not assigned,False,[],,[],,2,False
heldout,neorv32_cpu_regfile,neorv32_cpu_regfile,ctrl_i.rf_rs1,input port,True,in,not assigned,False,[],,[],,1,False
heldout,neorv32_cpu_regfile,neorv32_cpu_regfile,ctrl_i.rf_rs2,input port,True,in,not assigned,False,[],,[],,1,False
heldout,neorv32_cpu_regfile,neorv32_cpu_regfile,ctrl_i.rf_wb_en,input port,True,in,not assigned,False,[],,[],,2,False
heldout,neorv32_cpu_regfile,neorv32_cpu_regfile,ctrl_i.rf_zero_we,input port,True,in,not assigned,False,[],,[],,1,False
heldout,neorv32_cpu_regfile,neorv32_cpu_regfile,opa_addr,combinational decision,False,,none,False,[],,[],,2,False
heldout,neorv32_cpu_regfile,neorv32_cpu_regfile,rd_i,input port,True,in,not assigned,False,[],,[],,0,False
heldout,neorv32_cpu_regfile,neorv32_cpu_regfile,rd_zero,combinational data,False,,none,False,[],,[],,0,False
heldout,neorv32_cpu_regfile,neorv32_cpu_regfile,reg_file,input-written register,False,,mixed,False,['rd_i'],False,"['rs1_o', 'rs2_o', 'rs3_o']",True,0,False
heldout,neorv32_cpu_regfile,neorv32_cpu_regfile,rf_we,combinational decision,False,,none,False,[],,[],,1,False
heldout,neorv32_cpu_regfile,neorv32_cpu_regfile,rs1_o,output port,True,out,edge,False,[],,[],,0,False
heldout,neorv32_cpu_regfile,neorv32_cpu_regfile,rs2_o,output port,True,out,edge,False,[],,[],,0,False
heldout,neorv32_cpu_regfile,neorv32_cpu_regfile,rs3_addr,combinational decision,False,,none,False,[],,[],,1,False
heldout,neorv32_cpu_regfile,neorv32_cpu_regfile,rs3_o,output port,True,out,mixed,False,[],,[],,0,False
heldout,neorv32_cpu_regfile,neorv32_cpu_regfile,rstn_i,input port,True,in,not assigned,False,[],,[],,0,False
heldout,neorv32_debug_auth,neorv32_debug_auth,authenticated_q,input-written register,False,,edge,False,['wdata_i'],True,['valid_o'],True,0,False
heldout,neorv32_debug_auth,neorv32_debug_auth,busy_o,output port,True,out,none,False,[],,[],,0,False
heldout,neorv32_debug_auth,neorv32_debug_auth,clk_i,input port,True,in,not assigned,False,[],,[],,0,False
heldout,neorv32_debug_auth,neorv32_debug_auth,enable_i,input port,True,in,not assigned,False,[],,[],,1,False
heldout,neorv32_debug_auth,neorv32_debug_auth,rdata_o,output port,True,out,none,False,[],,[],,0,False
heldout,neorv32_debug_auth,neorv32_debug_auth,re_i,input port,True,in,not assigned,False,[],,[],,0,False
heldout,neorv32_debug_auth,neorv32_debug_auth,rstn_i,input port,True,in,not assigned,False,[],,[],,0,False
heldout,neorv32_debug_auth,neorv32_debug_auth,valid_o,output port,True,out,none,False,[],,[],,0,False
heldout,neorv32_debug_auth,neorv32_debug_auth,wdata_i,input port,True,in,not assigned,False,[],,[],,0,False
heldout,neorv32_debug_auth,neorv32_debug_auth,we_i,input port,True,in,not assigned,False,[],,[],,1,False
heldout,neorv32_debug_dm,neorv32_debug_dm,accen,combinational data,False,,none,False,[],,[],,0,False
heldout,neorv32_debug_dm,neorv32_debug_dm,auth,sub-unit interface,False,,not assigned,True,[],,[],,0,False
heldout,neorv32_debug_dm,neorv32_debug_dm,auth.busy,sub-unit interface,False,,none,False,[],,[],,0,False
heldout,neorv32_debug_dm,neorv32_debug_dm,auth.rdata,sub-unit interface,False,,none,False,[],,[],,0,False
heldout,neorv32_debug_dm,neorv32_debug_dm,auth.re,sub-unit interface,False,,none,False,[],,[],,0,False
heldout,neorv32_debug_dm,neorv32_debug_dm,auth.valid,sub-unit interface,False,,none,False,[],,[],,5,False
heldout,neorv32_debug_dm,neorv32_debug_dm,auth.we,sub-unit interface,False,,none,False,[],,[],,0,False
heldout,neorv32_debug_dm,neorv32_debug_dm,bus_req_i,input port,True,in,not assigned,True,[],,[],,0,False
heldout,neorv32_debug_dm,neorv32_debug_dm,bus_req_i.addr,input port,True,in,not assigned,False,[],,[],,6,False
heldout,neorv32_debug_dm,neorv32_debug_dm,bus_req_i.amo,input port,True,in,not assigned,False,[],,[],,0,False
heldout,neorv32_debug_dm,neorv32_debug_dm,bus_req_i.amoop,input port,True,in,not assigned,False,[],,[],,0,False
heldout,neorv32_debug_dm,neorv32_debug_dm,bus_req_i.ben,input port,True,in,not assigned,False,[],,[],,0,False
heldout,neorv32_debug_dm,neorv32_debug_dm,bus_req_i.data,input port,True,in,not assigned,False,[],,[],,1,False
heldout,neorv32_debug_dm,neorv32_debug_dm,bus_req_i.debug,input port,True,in,not assigned,False,[],,[],,0,False
heldout,neorv32_debug_dm,neorv32_debug_dm,bus_req_i.fence,input port,True,in,not assigned,False,[],,[],,0,False
heldout,neorv32_debug_dm,neorv32_debug_dm,bus_req_i.lock,input port,True,in,not assigned,False,[],,[],,0,False
heldout,neorv32_debug_dm,neorv32_debug_dm,bus_req_i.priv,input port,True,in,not assigned,False,[],,[],,0,False
heldout,neorv32_debug_dm,neorv32_debug_dm,bus_req_i.rw,input port,True,in,not assigned,False,[],,[],,0,False
heldout,neorv32_debug_dm,neorv32_debug_dm,bus_req_i.src,input port,True,in,not assigned,False,[],,[],,0,False
heldout,neorv32_debug_dm,neorv32_debug_dm,bus_req_i.stb,input port,True,in,not assigned,False,[],,[],,0,False
heldout,neorv32_debug_dm,neorv32_debug_dm,bus_rsp_o,output port,True,out,none,True,[],,[],,0,False
heldout,neorv32_debug_dm,neorv32_debug_dm,bus_rsp_o.ack,output port,True,out,edge,False,[],,[],,0,False
heldout,neorv32_debug_dm,neorv32_debug_dm,bus_rsp_o.data,output port,True,out,edge,False,[],,[],,0,False
heldout,neorv32_debug_dm,neorv32_debug_dm,bus_rsp_o.err,output port,True,out,edge,False,[],,[],,0,False
heldout,neorv32_debug_dm,neorv32_debug_dm,clk_i,input port,True,in,not assigned,False,[],,[],,0,False
heldout,neorv32_debug_dm,neorv32_debug_dm,cpu_progbuf,combinational data,False,,none,False,[],,[],,0,False
heldout,neorv32_debug_dm,neorv32_debug_dm,cpu_rsp_dec,combinational data,False,,none,False,[],,[],,0,False
heldout,neorv32_debug_dm,neorv32_debug_dm,dci,input-written register,False,,not assigned,True,[],,[],,0,False
heldout,neorv32_debug_dm,neorv32_debug_dm,dci.ack_exc,internal state register,False,,edge,False,[],,[],True,1,False
heldout,neorv32_debug_dm,neorv32_debug_dm,dci.ack_exe,internal state register,False,,edge,False,[],,[],True,1,False
heldout,neorv32_debug_dm,neorv32_debug_dm,dci.ack_hlt,internal state register,False,,edge,False,[],,[],True,2,False
heldout,neorv32_debug_dm,neorv32_debug_dm,dci.ack_res,internal state register,False,,edge,False,[],,[],True,3,False
heldout,neorv32_debug_dm,neorv32_debug_dm,dci.data_reg,input-written register,False,,edge,False,"['bus_req_i.data', 'dmi_req_i.data']",True,"['bus_rsp_o.data', 'dmi_rsp_o.data']",True,0,False
heldout,neorv32_debug_dm,neorv32_debug_dm,dci.data_reg_we,combinational decision,False,,none,False,[],,[],,1,False
heldout,neorv32_debug_dm,neorv32_debug_dm,dci.req_exe,exported state register,False,,edge,False,[],,['bus_rsp_o.data'],True,0,False
heldout,neorv32_debug_dm,neorv32_debug_dm,dci.req_res,combinational data,False,,none,False,[],,[],,0,False
heldout,neorv32_debug_dm,neorv32_debug_dm,dm_ctrl,exported state register,False,,not assigned,True,[],,[],,0,False
heldout,neorv32_debug_dm,neorv32_debug_dm,dm_ctrl.busy,combinational decision,False,,none,False,[],,[],,7,True
heldout,neorv32_debug_dm,neorv32_debug_dm,dm_ctrl.cmderr,exported state register,False,,edge,False,[],,['dmi_rsp_o.data'],True,2,False
heldout,neorv32_debug_dm,neorv32_debug_dm,dm_ctrl.hart_halted,exported state register,False,,edge,False,[],,['dmi_rsp_o.data'],True,2,False
heldout,neorv32_debug_dm,neorv32_debug_dm,dm_ctrl.hart_reset,exported state register,False,,edge,False,[],,['dmi_rsp_o.data'],True,0,False
heldout,neorv32_debug_dm,neorv32_debug_dm,dm_ctrl.hart_resume_ack,exported state register,False,,edge,False,[],,['dmi_rsp_o.data'],True,0,False
heldout,neorv32_debug_dm,neorv32_debug_dm,dm_ctrl.hart_resume_req,exported state register,False,,edge,False,[],,['bus_rsp_o.data'],True,0,False
heldout,neorv32_debug_dm,neorv32_debug_dm,dm_ctrl.illegal_cmd,internal state register,False,,edge,False,[],,[],True,1,False
heldout,neorv32_debug_dm,neorv32_debug_dm,dm_ctrl.illegal_state,internal state register,False,,edge,False,[],,[],True,1,False
heldout,neorv32_debug_dm,neorv32_debug_dm,dm_ctrl.ldsw_progbuf,exported state register,False,,edge,False,[],,['bus_rsp_o.data'],True,0,False
heldout,neorv32_debug_dm,neorv32_debug_dm,dm_ctrl.pbuf_en,internal state register,False,,edge,False,[],,[],True,1,False
heldout,neorv32_debug_dm,neorv32_debug_dm,dm_ctrl.state,internal state register,False,,edge,False,[],,[],True,6,False
heldout,neorv32_debug_dm,neorv32_debug_dm,dm_reg,input-written register,False,,not assigned,True,[],,[],,0,False
heldout,neorv32_debug_dm,neorv32_debug_dm,dm_reg.abstractauto_autoexecdata,input-written register,False,,edge,False,['dmi_req_i.data'],True,['dmi_rsp_o.data'],True,2,False
heldout,neorv32_debug_dm,neorv32_debug_dm,dm_reg.abstractauto_autoexecprogbuf,input-written register,False,,edge,False,['dmi_req_i.data'],True,['dmi_rsp_o.data'],True,2,False
heldout,neorv32_debug_dm,neorv32_debug_dm,dm_reg.autoexec_rd,internal state register,False,,edge,False,[],,[],True,1,False
heldout,neorv32_debug_dm,neorv32_debug_dm,dm_reg.autoexec_wr,internal state register,False,,edge,False,[],,[],True,1,False
heldout,neorv32_debug_dm,neorv32_debug_dm,dm_reg.clr_acc_err,internal state register,False,,edge,False,[],,[],True,1,False
heldout,neorv32_debug_dm,neorv32_debug_dm,dm_reg.command,input-written register,False,,edge,False,['dmi_req_i.data'],True,[],True,4,False
heldout,neorv32_debug_dm,neorv32_debug_dm,dm_reg.dmcontrol_dmactive,input-written register,False,,edge,False,['dmi_req_i.data'],True,"['dmi_rsp_o.data', 'halt_req_o']",True,8,False
heldout,neorv32_debug_dm,neorv32_debug_dm,dm_reg.dmcontrol_ndmreset,input-written register,False,,edge,False,['dmi_req_i.data'],True,['dmi_rsp_o.data'],True,5,False
heldout,neorv32_debug_dm,neorv32_debug_dm,dm_reg.halt_req,input-written register,False,,edge,False,['dmi_req_i.data'],True,['halt_req_o'],True,0,False
heldout,neorv32_debug_dm,neorv32_debug_dm,dm_reg.hartsel,input-written register,False,,edge,False,['dmi_req_i.data'],True,['dmi_rsp_o.data'],True,2,False
heldout,neorv32_debug_dm,neorv32_debug_dm,dm_reg.hartsel_dec,combinational decision,False,,none,False,[],,[],,5,False
heldout,neorv32_debug_dm,neorv32_debug_dm,dm_reg.hartsel_inv,combinational data,False,,none,False,[],,[],,0,False
heldout,neorv32_debug_dm,neorv32_debug_dm,dm_reg.progbuf,input-written register,False,,edge,False,['dmi_req_i.data'],True,['bus_rsp_o.data'],True,0,False
heldout,neorv32_debug_dm,neorv32_debug_dm,dm_reg.rd_acc_err,internal state register,False,,edge,False,[],,[],True,1,False
heldout,neorv32_debug_dm,neorv32_debug_dm,dm_reg.req_res,input-written register,False,,edge,False,['dmi_req_i.data'],True,[],True,2,False
heldout,neorv32_debug_dm,neorv32_debug_dm,dm_reg.reset_ack,input-written register,False,,edge,False,['dmi_req_i.data'],True,[],True,1,False
heldout,neorv32_debug_dm,neorv32_debug_dm,dm_reg.wr_acc_err,internal state register,False,,edge,False,[],,[],True,1,False
heldout,neorv32_debug_dm,neorv32_debug_dm,dmi_rden,combinational decision,False,,none,False,[],,[],,1,False
heldout,neorv32_debug_dm,neorv32_debug_dm,dmi_rden_auth,combinational decision,False,,none,False,[],,[],,2,False
heldout,neorv32_debug_dm,neorv32_debug_dm,dmi_req_i,input port,True,in,not assigned,True,[],,[],,0,False
heldout,neorv32_debug_dm,neorv32_debug_dm,dmi_req_i.addr,input port,True,in,not assigned,False,[],,[],,20,True
heldout,neorv32_debug_dm,neorv32_debug_dm,dmi_req_i.data,input port,True,in,not assigned,False,[],,[],,1,False
heldout,neorv32_debug_dm,neorv32_debug_dm,dmi_req_i.op,input port,True,in,not assigned,False,[],,[],,2,False
heldout,neorv32_debug_dm,neorv32_debug_dm,dmi_rsp_o,output port,True,out,not assigned,True,[],,[],,0,False
heldout,neorv32_debug_dm,neorv32_debug_dm,dmi_rsp_o.ack,output port,True,out,edge,False,[],,[],,0,False
heldout,neorv32_debug_dm,neorv32_debug_dm,dmi_rsp_o.data,output port,True,out,edge,False,[],,[],,0,False
heldout,neorv32_debug_dm,neorv32_debug_dm,dmi_wren,combinational decision,False,,none,False,[],,[],,2,False
heldout,neorv32_debug_dm,neorv32_debug_dm,dmi_wren_auth,combinational decision,False,,none,False,[],,[],,14,True
heldout,neorv32_debug_dm,neorv32_debug_dm,halt_req_o,output port,True,out,none,False,[],,[],,0,False
heldout,neorv32_debug_dm,neorv32_debug_dm,ndmrstn_o,output port,True,out,none,False,[],,[],,0,False
heldout,neorv32_debug_dm,neorv32_debug_dm,rden,combinational decision,False,,none,False,[],,[],,1,False
heldout,neorv32_debug_dm,neorv32_debug_dm,rstn_i,input port,True,in,not assigned,False,[],,[],,0,False
heldout,neorv32_debug_dm,neorv32_debug_dm,wren,combinational decision,False,,none,False,[],,[],,5,False
heldout,neorv32_dmem,neorv32_dmem,addr,combinational decision,False,,none,False,[],,[],,5,False
heldout,neorv32_dmem,neorv32_dmem,addr_ff,internal state register,False,,mixed,False,[],,[],False,1,False
heldout,neorv32_dmem,neorv32_dmem,bus_req_i,input port,True,in,not assigned,True,[],,[],,0,False
heldout,neorv32_dmem,neorv32_dmem,bus_req_i.addr,input port,True,in,not assigned,False,[],,[],,0,False
heldout,neorv32_dmem,neorv32_dmem,bus_req_i.amo,input port,True,in,not assigned,False,[],,[],,0,False
heldout,neorv32_dmem,neorv32_dmem,bus_req_i.amoop,input port,True,in,not assigned,False,[],,[],,0,False
heldout,neorv32_dmem,neorv32_dmem,bus_req_i.ben,input port,True,in,not assigned,False,[],,[],,4,True
heldout,neorv32_dmem,neorv32_dmem,bus_req_i.data,input port,True,in,not assigned,False,[],,[],,0,False
heldout,neorv32_dmem,neorv32_dmem,bus_req_i.debug,input port,True,in,not assigned,False,[],,[],,0,False
heldout,neorv32_dmem,neorv32_dmem,bus_req_i.fence,input port,True,in,not assigned,False,[],,[],,0,False
heldout,neorv32_dmem,neorv32_dmem,bus_req_i.lock,input port,True,in,not assigned,False,[],,[],,0,False
heldout,neorv32_dmem,neorv32_dmem,bus_req_i.priv,input port,True,in,not assigned,False,[],,[],,0,False
heldout,neorv32_dmem,neorv32_dmem,bus_req_i.rw,input port,True,in,not assigned,False,[],,[],,4,True
heldout,neorv32_dmem,neorv32_dmem,bus_req_i.src,input port,True,in,not assigned,False,[],,[],,0,False
heldout,neorv32_dmem,neorv32_dmem,bus_req_i.stb,input port,True,in,not assigned,False,[],,[],,4,True
heldout,neorv32_dmem,neorv32_dmem,bus_rsp_o,output port,True,out,not assigned,True,[],,[],,0,False
heldout,neorv32_dmem,neorv32_dmem,bus_rsp_o.ack,output port,True,out,edge,False,[],,[],,0,False
heldout,neorv32_dmem,neorv32_dmem,bus_rsp_o.data,output port,True,out,none,False,[],,[],,0,False
heldout,neorv32_dmem,neorv32_dmem,bus_rsp_o.err,output port,True,out,none,False,[],,[],,0,False
heldout,neorv32_dmem,neorv32_dmem,clk_i,input port,True,in,not assigned,False,[],,[],,0,False
heldout,neorv32_dmem,neorv32_dmem,mem_ram_b0,input-written register,False,,edge,False,['bus_req_i.data'],True,[],False,0,False
heldout,neorv32_dmem,neorv32_dmem,mem_ram_b1,input-written register,False,,edge,False,['bus_req_i.data'],True,[],False,0,False
heldout,neorv32_dmem,neorv32_dmem,mem_ram_b2,input-written register,False,,edge,False,['bus_req_i.data'],True,[],False,0,False
heldout,neorv32_dmem,neorv32_dmem,mem_ram_b3,input-written register,False,,edge,False,['bus_req_i.data'],True,[],False,0,False
heldout,neorv32_dmem,neorv32_dmem,rdata,exported state register,False,,mixed,False,[],,['bus_rsp_o.data'],False,0,False
heldout,neorv32_dmem,neorv32_dmem,rden,input-written register,False,,edge,False,"['bus_req_i.rw', 'bus_req_i.stb']",False,[],True,1,False
heldout,neorv32_dmem,neorv32_dmem,rstn_i,input port,True,in,not assigned,False,[],,[],,0,False
heldout,neorv32_gpio,neorv32_gpio,bus_req_i,input port,True,in,not assigned,True,[],,[],,0,False
heldout,neorv32_gpio,neorv32_gpio,bus_req_i.addr,input port,True,in,not assigned,False,[],,[],,6,False
heldout,neorv32_gpio,neorv32_gpio,bus_req_i.amo,input port,True,in,not assigned,False,[],,[],,0,False
heldout,neorv32_gpio,neorv32_gpio,bus_req_i.amoop,input port,True,in,not assigned,False,[],,[],,0,False
heldout,neorv32_gpio,neorv32_gpio,bus_req_i.ben,input port,True,in,not assigned,False,[],,[],,0,False
heldout,neorv32_gpio,neorv32_gpio,bus_req_i.data,input port,True,in,not assigned,False,[],,[],,0,False
heldout,neorv32_gpio,neorv32_gpio,bus_req_i.debug,input port,True,in,not assigned,False,[],,[],,0,False
heldout,neorv32_gpio,neorv32_gpio,bus_req_i.fence,input port,True,in,not assigned,False,[],,[],,0,False
heldout,neorv32_gpio,neorv32_gpio,bus_req_i.lock,input port,True,in,not assigned,False,[],,[],,0,False
heldout,neorv32_gpio,neorv32_gpio,bus_req_i.priv,input port,True,in,not assigned,False,[],,[],,0,False
heldout,neorv32_gpio,neorv32_gpio,bus_req_i.rw,input port,True,in,not assigned,False,[],,[],,6,True
heldout,neorv32_gpio,neorv32_gpio,bus_req_i.src,input port,True,in,not assigned,False,[],,[],,0,False
heldout,neorv32_gpio,neorv32_gpio,bus_req_i.stb,input port,True,in,not assigned,False,[],,[],,6,True
heldout,neorv32_gpio,neorv32_gpio,bus_rsp_o,output port,True,out,none,True,[],,[],,0,False
heldout,neorv32_gpio,neorv32_gpio,bus_rsp_o.ack,output port,True,out,edge,False,[],,[],,0,False
heldout,neorv32_gpio,neorv32_gpio,bus_rsp_o.data,output port,True,out,edge,False,[],,[],,0,False
heldout,neorv32_gpio,neorv32_gpio,bus_rsp_o.err,output port,True,out,edge,False,[],,[],,0,False
heldout,neorv32_gpio,neorv32_gpio,clk_i,input port,True,in,not assigned,False,[],,[],,0,False
heldout,neorv32_gpio,neorv32_gpio,cpu_irq_o,output port,True,out,edge,False,[],,[],,0,False
heldout,neorv32_gpio,neorv32_gpio,gpio_i,input port,True,in,not assigned,False,[],,[],,0,False
heldout,neorv32_gpio,neorv32_gpio,gpio_o,output port,True,out,none,False,[],,[],,0,False
heldout,neorv32_gpio,neorv32_gpio,irq_clrn,input-written register,False,,edge,False,['bus_req_i.data'],True,[],True,0,False
heldout,neorv32_gpio,neorv32_gpio,irq_en,input-written register,False,,edge,False,['bus_req_i.data'],True,['bus_rsp_o.data'],True,0,False
heldout,neorv32_gpio,neorv32_gpio,irq_pend,exported state register,False,,edge,False,[],,"['bus_rsp_o.data', 'cpu_irq_o']",True,0,False
heldout,neorv32_gpio,neorv32_gpio,irq_pol,input-written register,False,,edge,False,['bus_req_i.data'],True,['bus_rsp_o.data'],True,0,False
heldout,neorv32_gpio,neorv32_gpio,irq_trig,combinational data,False,,none,False,[],,[],,0,False
heldout,neorv32_gpio,neorv32_gpio,irq_typ,input-written register,False,,edge,False,['bus_req_i.data'],True,['bus_rsp_o.data'],True,0,False
heldout,neorv32_gpio,neorv32_gpio,port_in,input-written register,False,,edge,False,['gpio_i'],False,['bus_rsp_o.data'],True,0,False
heldout,neorv32_gpio,neorv32_gpio,port_in2,internal state register,False,,edge,False,[],,[],True,0,False
heldout,neorv32_gpio,neorv32_gpio,port_out,input-written register,False,,edge,False,['bus_req_i.data'],True,"['bus_rsp_o.data', 'gpio_o']",True,0,False
heldout,neorv32_gpio,neorv32_gpio,rstn_i,input port,True,in,not assigned,False,[],,[],,0,False
heldout,neorv32_gptmr,neorv32_gptmr,bus_req_i,input port,True,in,not assigned,True,[],,[],,0,False
heldout,neorv32_gptmr,neorv32_gptmr,bus_req_i.addr,input port,True,in,not assigned,False,[],,[],,4,True
heldout,neorv32_gptmr,neorv32_gptmr,bus_req_i.amo,input port,True,in,not assigned,False,[],,[],,0,False
heldout,neorv32_gptmr,neorv32_gptmr,bus_req_i.amoop,input port,True,in,not assigned,False,[],,[],,0,False
heldout,neorv32_gptmr,neorv32_gptmr,bus_req_i.ben,input port,True,in,not assigned,False,[],,[],,0,False
heldout,neorv32_gptmr,neorv32_gptmr,bus_req_i.data,input port,True,in,not assigned,False,[],,[],,0,False
heldout,neorv32_gptmr,neorv32_gptmr,bus_req_i.debug,input port,True,in,not assigned,False,[],,[],,0,False
heldout,neorv32_gptmr,neorv32_gptmr,bus_req_i.fence,input port,True,in,not assigned,False,[],,[],,0,False
heldout,neorv32_gptmr,neorv32_gptmr,bus_req_i.lock,input port,True,in,not assigned,False,[],,[],,0,False
heldout,neorv32_gptmr,neorv32_gptmr,bus_req_i.priv,input port,True,in,not assigned,False,[],,[],,0,False
heldout,neorv32_gptmr,neorv32_gptmr,bus_req_i.rw,input port,True,in,not assigned,False,[],,[],,4,True
heldout,neorv32_gptmr,neorv32_gptmr,bus_req_i.src,input port,True,in,not assigned,False,[],,[],,0,False
heldout,neorv32_gptmr,neorv32_gptmr,bus_req_i.stb,input port,True,in,not assigned,False,[],,[],,4,True
heldout,neorv32_gptmr,neorv32_gptmr,bus_rsp_o,output port,True,out,none,True,[],,[],,0,False
heldout,neorv32_gptmr,neorv32_gptmr,bus_rsp_o.ack,output port,True,out,edge,False,[],,[],,0,False
heldout,neorv32_gptmr,neorv32_gptmr,bus_rsp_o.data,output port,True,out,edge,False,[],,[],,0,False
heldout,neorv32_gptmr,neorv32_gptmr,bus_rsp_o.err,output port,True,out,edge,False,[],,[],,0,False
heldout,neorv32_gptmr,neorv32_gptmr,clk_i,input port,True,in,not assigned,False,[],,[],,0,False
heldout,neorv32_gptmr,neorv32_gptmr,clkgen_en_o,output port,True,out,none,False,[],,[],,0,False
heldout,neorv32_gptmr,neorv32_gptmr,clkgen_i,input port,True,in,not assigned,False,[],,[],,0,False
heldout,neorv32_gptmr,neorv32_gptmr,ctrl,input-written register,False,,edge,False,['bus_req_i.data'],True,"['bus_rsp_o.data', 'clkgen_en_o']",True,3,False
heldout,neorv32_gptmr,neorv32_gptmr,irq_clr,input-written register,False,,edge,False,['bus_req_i.data'],True,[],True,1,False
heldout,neorv32_gptmr,neorv32_gptmr,irq_o,output port,True,out,none,False,[],,[],,0,False
heldout,neorv32_gptmr,neorv32_gptmr,irq_pnd,exported state register,False,,edge,False,[],,"['bus_rsp_o.data', 'irq_o']",True,0,False
heldout,neorv32_gptmr,neorv32_gptmr,rstn_i,input port,True,in,not assigned,False,[],,[],,0,False
heldout,neorv32_gptmr,neorv32_gptmr,timer,input-written register,False,,not assigned,True,[],,[],,0,False
heldout,neorv32_gptmr,neorv32_gptmr,timer.count,exported state register,False,,edge,False,[],,['bus_rsp_o.data'],True,0,False
heldout,neorv32_gptmr,neorv32_gptmr,timer.match,combinational decision,False,,none,False,[],,[],,2,False
heldout,neorv32_gptmr,neorv32_gptmr,timer.thres,input-written register,False,,edge,False,['bus_req_i.data'],True,['bus_rsp_o.data'],True,0,False
heldout,neorv32_gptmr,neorv32_gptmr,timer.tick,input-written register,False,,edge,False,['clkgen_i'],False,[],True,1,False
heldout,neorv32_neoled,neorv32_neoled,bus_req_i,input port,True,in,not assigned,True,[],,[],,0,False
heldout,neorv32_neoled,neorv32_neoled,bus_req_i.addr,input port,True,in,not assigned,False,[],,[],,9,True
heldout,neorv32_neoled,neorv32_neoled,bus_req_i.amo,input port,True,in,not assigned,False,[],,[],,0,False
heldout,neorv32_neoled,neorv32_neoled,bus_req_i.amoop,input port,True,in,not assigned,False,[],,[],,0,False
heldout,neorv32_neoled,neorv32_neoled,bus_req_i.ben,input port,True,in,not assigned,False,[],,[],,0,False
heldout,neorv32_neoled,neorv32_neoled,bus_req_i.data,input port,True,in,not assigned,False,[],,[],,0,False
heldout,neorv32_neoled,neorv32_neoled,bus_req_i.debug,input port,True,in,not assigned,False,[],,[],,0,False
heldout,neorv32_neoled,neorv32_neoled,bus_req_i.fence,input port,True,in,not assigned,False,[],,[],,0,False
heldout,neorv32_neoled,neorv32_neoled,bus_req_i.lock,input port,True,in,not assigned,False,[],,[],,0,False
heldout,neorv32_neoled,neorv32_neoled,bus_req_i.priv,input port,True,in,not assigned,False,[],,[],,0,False
heldout,neorv32_neoled,neorv32_neoled,bus_req_i.rw,input port,True,in,not assigned,False,[],,[],,10,True
heldout,neorv32_neoled,neorv32_neoled,bus_req_i.src,input port,True,in,not assigned,False,[],,[],,0,False
heldout,neorv32_neoled,neorv32_neoled,bus_req_i.stb,input port,True,in,not assigned,False,[],,[],,10,True
heldout,neorv32_neoled,neorv32_neoled,bus_rsp_o,output port,True,out,none,True,[],,[],,0,False
heldout,neorv32_neoled,neorv32_neoled,bus_rsp_o.ack,output port,True,out,edge,False,[],,[],,0,False
heldout,neorv32_neoled,neorv32_neoled,bus_rsp_o.data,output port,True,out,edge,False,[],,[],,0,False
heldout,neorv32_neoled,neorv32_neoled,bus_rsp_o.err,output port,True,out,edge,False,[],,[],,0,False
heldout,neorv32_neoled,neorv32_neoled,clk_i,input port,True,in,not assigned,False,[],,[],,0,False
heldout,neorv32_neoled,neorv32_neoled,clkgen_en_o,output port,True,out,none,False,[],,[],,0,False
heldout,neorv32_neoled,neorv32_neoled,clkgen_i,input port,True,in,not assigned,False,[],,[],,0,False
heldout,neorv32_neoled,neorv32_neoled,ctrl,input-written register,False,,not assigned,True,[],,[],,0,False
heldout,neorv32_neoled,neorv32_neoled,ctrl.clk_prsc,input-written register,False,,edge,False,['bus_req_i.data'],True,['bus_rsp_o.data'],True,1,False
heldout,neorv32_neoled,neorv32_neoled,ctrl.enable,input-written register,False,,edge,False,['bus_req_i.data'],True,"['bus_rsp_o.data', 'clkgen_en_o', 'irq_o']",True,0,False
heldout,neorv32_neoled,neorv32_neoled,ctrl.irq_conf,input-written register,False,,edge,False,['bus_req_i.data'],True,"['bus_rsp_o.data', 'irq_o']",True,0,False
heldout,neorv32_neoled,neorv32_neoled,ctrl.mode,input-written register,False,,edge,False,['bus_req_i.data'],True,['bus_rsp_o.data'],True,0,False
heldout,neorv32_neoled,neorv32_neoled,ctrl.strobe,input-written register,False,,edge,False,['bus_req_i.data'],True,['bus_rsp_o.data'],True,0,False
heldout,neorv32_neoled,neorv32_neoled,ctrl.t0_high,input-written register,False,,edge,False,['bus_req_i.data'],True,['bus_rsp_o.data'],True,0,False
heldout,neorv32_neoled,neorv32_neoled,ctrl.t1_high,input-written register,False,,edge,False,['bus_req_i.data'],True,['bus_rsp_o.data'],True,0,False
heldout,neorv32_neoled,neorv32_neoled,ctrl.t_total,input-written register,False,,edge,False,['bus_req_i.data'],True,['bus_rsp_o.data'],True,0,False
heldout,neorv32_neoled,neorv32_neoled,irq_o,output port,True,out,edge,False,[],,[],,0,False
heldout,neorv32_neoled,neorv32_neoled,neoled_o,output port,True,out,edge,False,[],,[],,0,False
heldout,neorv32_neoled,neorv32_neoled,rstn_i,input port,True,in,not assigned,False,[],,[],,0,False
heldout,neorv32_neoled,neorv32_neoled,serial,input-written register,False,,not assigned,True,[],,[],,0,False
heldout,neorv32_neoled,neorv32_neoled,serial.bit_cnt,internal state register,False,,edge,False,[],,[],True,3,False
heldout,neorv32_neoled,neorv32_neoled,serial.busy,combinational data,False,,none,False,[],,[],,0,False
heldout,neorv32_neoled,neorv32_neoled,serial.done,internal state register,False,,edge,False,[],,[],True,0,False
heldout,neorv32_neoled,neorv32_neoled,serial.mode,internal state register,False,,edge,False,[],,[],True,1,False
heldout,neorv32_neoled,neorv32_neoled,serial.next_bit,combinational decision,False,,none,False,[],,[],,1,False
heldout,neorv32_neoled,neorv32_neoled,serial.pulse_clk,input-written register,False,,edge,False,['clkgen_i'],False,[],True,4,False
heldout,neorv32_neoled,neorv32_neoled,serial.pulse_cnt,internal state register,False,,edge,False,[],,[],True,0,False
heldout,neorv32_neoled,neorv32_neoled,serial.sreg,internal state register,False,,edge,False,[],,[],True,0,False
heldout,neorv32_neoled,neorv32_neoled,serial.state,internal state register,False,,edge,False,[],,[],True,10,False
heldout,neorv32_neoled,neorv32_neoled,serial.strobe_cnt,internal state register,False,,edge,False,[],,[],True,2,False
heldout,neorv32_neoled,neorv32_neoled,serial.t_high,internal state register,False,,edge,False,[],,[],True,0,False
heldout,neorv32_neoled,neorv32_neoled,tx_fifo,sub-unit interface,False,,not assigned,True,[],,[],,0,False
heldout,neorv32_neoled,neorv32_neoled,tx_fifo.avail,sub-unit interface,False,,not assigned,False,[],,[],,1,False
heldout,neorv32_neoled,neorv32_neoled,tx_fifo.clear,sub-unit interface,False,,none,False,[],,[],,0,False
heldout,neorv32_neoled,neorv32_neoled,tx_fifo.free,sub-unit interface,False,,not assigned,False,[],,[],,0,False
heldout,neorv32_neoled,neorv32_neoled,tx_fifo.half,sub-unit interface,False,,not assigned,False,[],,[],,0,False
heldout,neorv32_neoled,neorv32_neoled,tx_fifo.rdata,sub-unit interface,False,,not assigned,False,[],,[],,3,False
heldout,neorv32_neoled,neorv32_neoled,tx_fifo.re,sub-unit interface,False,,none,False,[],,[],,0,False
heldout,neorv32_neoled,neorv32_neoled,tx_fifo.wdata,sub-unit interface,False,,none,False,[],,[],,0,False
heldout,neorv32_neoled,neorv32_neoled,tx_fifo.we,sub-unit interface,False,,none,False,[],,[],,0,False
heldout,neorv32_onewire,neorv32_onewire,bus_req_i,input port,True,in,not assigned,True,[],,[],,0,False
heldout,neorv32_onewire,neorv32_onewire,bus_req_i.addr,input port,True,in,not assigned,False,[],,[],,7,True
heldout,neorv32_onewire,neorv32_onewire,bus_req_i.amo,input port,True,in,not assigned,False,[],,[],,0,False
heldout,neorv32_onewire,neorv32_onewire,bus_req_i.amoop,input port,True,in,not assigned,False,[],,[],,0,False
heldout,neorv32_onewire,neorv32_onewire,bus_req_i.ben,input port,True,in,not assigned,False,[],,[],,0,False
heldout,neorv32_onewire,neorv32_onewire,bus_req_i.data,input port,True,in,not assigned,False,[],,[],,0,False
heldout,neorv32_onewire,neorv32_onewire,bus_req_i.debug,input port,True,in,not assigned,False,[],,[],,0,False
heldout,neorv32_onewire,neorv32_onewire,bus_req_i.fence,input port,True,in,not assigned,False,[],,[],,0,False
heldout,neorv32_onewire,neorv32_onewire,bus_req_i.lock,input port,True,in,not assigned,False,[],,[],,0,False
heldout,neorv32_onewire,neorv32_onewire,bus_req_i.priv,input port,True,in,not assigned,False,[],,[],,0,False
heldout,neorv32_onewire,neorv32_onewire,bus_req_i.rw,input port,True,in,not assigned,False,[],,[],,7,True
heldout,neorv32_onewire,neorv32_onewire,bus_req_i.src,input port,True,in,not assigned,False,[],,[],,0,False
heldout,neorv32_onewire,neorv32_onewire,bus_req_i.stb,input port,True,in,not assigned,False,[],,[],,7,True
heldout,neorv32_onewire,neorv32_onewire,bus_rsp_o,output port,True,out,none,True,[],,[],,0,False
heldout,neorv32_onewire,neorv32_onewire,bus_rsp_o.ack,output port,True,out,edge,False,[],,[],,0,False
heldout,neorv32_onewire,neorv32_onewire,bus_rsp_o.data,output port,True,out,edge,False,[],,[],,0,False
heldout,neorv32_onewire,neorv32_onewire,bus_rsp_o.err,output port,True,out,edge,False,[],,[],,0,False
heldout,neorv32_onewire,neorv32_onewire,clk_cnt,internal state register,False,,edge,False,[],,[],True,0,False
heldout,neorv32_onewire,neorv32_onewire,clk_i,input port,True,in,not assigned,False,[],,[],,0,False
heldout,neorv32_onewire,neorv32_onewire,clk_src,combinational decision,False,,none,False,[],,[],,2,False
heldout,neorv32_onewire,neorv32_onewire,clk_tick,internal state register,False,,edge,False,[],,[],True,4,False
heldout,neorv32_onewire,neorv32_onewire,clk_tick2,internal state register,False,,edge,False,[],,[],True,2,False
heldout,neorv32_onewire,neorv32_onewire,clkgen_en_o,output port,True,out,none,False,[],,[],,0,False
heldout,neorv32_onewire,neorv32_onewire,clkgen_i,input port,True,in,not assigned,False,[],,[],,0,False
heldout,neorv32_onewire,neorv32_onewire,ctrl,input-written register,False,,not assigned,True,[],,[],,0,False
heldout,neorv32_onewire,neorv32_onewire,ctrl.clear,input-written register,False,,edge,False,['bus_req_i.data'],True,[],True,2,False
heldout,neorv32_onewire,neorv32_onewire,ctrl.clk_div,input-written register,False,,edge,False,['bus_req_i.data'],True,['bus_rsp_o.data'],True,0,False
heldout,neorv32_onewire,neorv32_onewire,ctrl.clk_prsc,input-written register,False,,edge,False,['bus_req_i.data'],True,['bus_rsp_o.data'],True,2,False
heldout,neorv32_onewire,neorv32_onewire,ctrl.enable,input-written register,False,,edge,False,['bus_req_i.data'],True,"['bus_rsp_o.data', 'clkgen_en_o', 'irq_o']",True,4,False
heldout,neorv32_onewire,neorv32_onewire,fifo,sub-unit interface,False,,not assigned,True,[],,[],,0,False
heldout,neorv32_onewire,neorv32_onewire,fifo.rx_avail,sub-unit interface,False,,not assigned,False,[],,[],,0,False
heldout,neorv32_onewire,neorv32_onewire,fifo.rx_clr,sub-unit interface,False,,none,False,[],,[],,0,False
heldout,neorv32_onewire,neorv32_onewire,fifo.rx_free,sub-unit interface,False,,not assigned,False,[],,[],,0,False
heldout,neorv32_onewire,neorv32_onewire,fifo.rx_rdata,sub-unit interface,False,,not assigned,False,[],,[],,0,False
heldout,neorv32_onewire,neorv32_onewire,fifo.rx_re,sub-unit interface,False,,none,False,[],,[],,0,False
heldout,neorv32_onewire,neorv32_onewire,fifo.rx_wdata,sub-unit interface,False,,none,False,[],,[],,0,False
heldout,neorv32_onewire,neorv32_onewire,fifo.rx_we,sub-unit interface,False,,none,False,[],,[],,0,False
heldout,neorv32_onewire,neorv32_onewire,fifo.tx_avail,sub-unit interface,False,,not assigned,False,[],,[],,1,False
heldout,neorv32_onewire,neorv32_onewire,fifo.tx_clr,sub-unit interface,False,,none,False,[],,[],,0,False
heldout,neorv32_onewire,neorv32_onewire,fifo.tx_free,sub-unit interface,False,,not assigned,False,[],,[],,0,False
heldout,neorv32_onewire,neorv32_onewire,fifo.tx_rdata,sub-unit interface,False,,not assigned,False,[],,[],,2,False
heldout,neorv32_onewire,neorv32_onewire,fifo.tx_re,sub-unit interface,False,,none,False,[],,[],,0,False
heldout,neorv32_onewire,neorv32_onewire,fifo.tx_wdata,sub-unit interface,False,,none,False,[],,[],,0,False
heldout,neorv32_onewire,neorv32_onewire,fifo.tx_we,sub-unit interface,False,,none,False,[],,[],,0,False
heldout,neorv32_onewire,neorv32_onewire,irq_o,output port,True,out,edge,False,[],,[],,0,False
heldout,neorv32_onewire,neorv32_onewire,onewire_i,input port,True,in,not assigned,False,[],,[],,0,False
heldout,neorv32_onewire,neorv32_onewire,onewire_o,output port,True,out,edge,False,[],,[],,0,False
heldout,neorv32_onewire,neorv32_onewire,rstn_i,input port,True,in,not assigned,False,[],,[],,0,False
heldout,neorv32_onewire,neorv32_onewire,serial,input-written register,False,,not assigned,True,[],,[],,0,False
heldout,neorv32_onewire,neorv32_onewire,serial.bit_cnt,internal state register,False,,edge,False,[],,[],True,3,False
heldout,neorv32_onewire,neorv32_onewire,serial.busy,combinational decision,False,,none,False,[],,[],,1,False
heldout,neorv32_onewire,neorv32_onewire,serial.done,internal state register,False,,edge,False,[],,[],True,0,False
heldout,neorv32_onewire,neorv32_onewire,serial.presence,internal state register,False,,edge,False,[],,[],False,0,False
heldout,neorv32_onewire,neorv32_onewire,serial.sample,internal state register,False,,edge,False,[],,[],True,0,False
heldout,neorv32_onewire,neorv32_onewire,serial.sreg,internal state register,False,,edge,False,[],,[],True,1,False
heldout,neorv32_onewire,neorv32_onewire,serial.state,internal state register,False,,edge,False,[],,[],True,10,False
heldout,neorv32_onewire,neorv32_onewire,serial.tick_cnt,internal state register,False,,edge,False,[],,[],True,8,False
heldout,neorv32_onewire,neorv32_onewire,serial.wire_hi,internal state register,False,,edge,False,[],,[],True,1,False
heldout,neorv32_onewire,neorv32_onewire,serial.wire_in,input-written register,False,,edge,False,['onewire_i'],False,['bus_rsp_o.data'],True,0,False
heldout,neorv32_onewire,neorv32_onewire,serial.wire_lo,internal state register,False,,edge,False,[],,[],True,1,False
heldout,neorv32_pwm,neorv32_pwm,bus_req_i,input port,True,in,not assigned,True,[],,[],,0,False
heldout,neorv32_pwm,neorv32_pwm,bus_req_i.addr,input port,True,in,not assigned,False,[],,[],,1,False
heldout,neorv32_pwm,neorv32_pwm,bus_req_i.amo,input port,True,in,not assigned,False,[],,[],,0,False
heldout,neorv32_pwm,neorv32_pwm,bus_req_i.amoop,input port,True,in,not assigned,False,[],,[],,0,False
heldout,neorv32_pwm,neorv32_pwm,bus_req_i.ben,input port,True,in,not assigned,False,[],,[],,0,False
heldout,neorv32_pwm,neorv32_pwm,bus_req_i.data,input port,True,in,not assigned,False,[],,[],,0,False
heldout,neorv32_pwm,neorv32_pwm,bus_req_i.debug,input port,True,in,not assigned,False,[],,[],,0,False
heldout,neorv32_pwm,neorv32_pwm,bus_req_i.fence,input port,True,in,not assigned,False,[],,[],,0,False
heldout,neorv32_pwm,neorv32_pwm,bus_req_i.lock,input port,True,in,not assigned,False,[],,[],,0,False
heldout,neorv32_pwm,neorv32_pwm,bus_req_i.priv,input port,True,in,not assigned,False,[],,[],,0,False
heldout,neorv32_pwm,neorv32_pwm,bus_req_i.rw,input port,True,in,not assigned,False,[],,[],,0,False
heldout,neorv32_pwm,neorv32_pwm,bus_req_i.src,input port,True,in,not assigned,False,[],,[],,0,False
heldout,neorv32_pwm,neorv32_pwm,bus_req_i.stb,input port,True,in,not assigned,False,[],,[],,2,False
heldout,neorv32_pwm,neorv32_pwm,bus_rsp_o,output port,True,out,none,True,[],,[],,0,False
heldout,neorv32_pwm,neorv32_pwm,bus_rsp_o.ack,output port,True,out,edge,False,[],,[],,0,False
heldout,neorv32_pwm,neorv32_pwm,bus_rsp_o.data,output port,True,out,edge,False,[],,[],,0,False
heldout,neorv32_pwm,neorv32_pwm,bus_rsp_o.err,output port,True,out,edge,False,[],,[],,0,False
heldout,neorv32_pwm,neorv32_pwm,ce,sub-unit interface,False,,not assigned,False,[],,[],,0,False
heldout,neorv32_pwm,neorv32_pwm,clk_i,input port,True,in,not assigned,False,[],,[],,0,False
heldout,neorv32_pwm,neorv32_pwm,clkgen_en_o,output port,True,out,none,False,[],,[],,0,False
heldout,neorv32_pwm,neorv32_pwm,clkgen_i,input port,True,in,not assigned,False,[],,[],,0,False
heldout,neorv32_pwm,neorv32_pwm,pwm,sub-unit interface,False,,not assigned,False,[],,[],,0,False
heldout,neorv32_pwm,neorv32_pwm,pwm_o,output port,True,out,none,False,[],,[],,0,False
heldout,neorv32_pwm,neorv32_pwm,rdata,sub-unit interface,False,,not assigned,False,[],,[],,0,False
heldout,neorv32_pwm,neorv32_pwm,rdata_sum,combinational data,False,,none,False,[],,[],,0,False
heldout,neorv32_pwm,neorv32_pwm,re,sub-unit interface,False,,none,False,[],,[],,0,False
heldout,neorv32_pwm,neorv32_pwm,rstn_i,input port,True,in,not assigned,False,[],,[],,0,False
heldout,neorv32_pwm,neorv32_pwm,sel,combinational data,False,,none,False,[],,[],,0,False
heldout,neorv32_pwm,neorv32_pwm,we,sub-unit interface,False,,none,False,[],,[],,0,False
heldout,neorv32_pwm,neorv32_pwm_channel,cfg_cdiv,input-written register,False,,edge,False,['wdata_i'],True,['rdata_o'],True,0,False
heldout,neorv32_pwm,neorv32_pwm_channel,cfg_duty,input-written register,False,,edge,False,['wdata_i'],True,['rdata_o'],True,0,False
heldout,neorv32_pwm,neorv32_pwm_channel,cfg_en,input-written register,False,,edge,False,['wdata_i'],True,"['clkgen_en_o', 'rdata_o']",True,4,False
heldout,neorv32_pwm,neorv32_pwm_channel,cfg_pol,input-written register,False,,edge,False,['wdata_i'],True,"['pwm_o', 'rdata_o']",True,0,False
heldout,neorv32_pwm,neorv32_pwm_channel,cfg_prsc,input-written register,False,,edge,False,['wdata_i'],True,['rdata_o'],True,2,False
heldout,neorv32_pwm,neorv32_pwm_channel,clk_i,input port,True,in,not assigned,False,[],,[],,0,False
heldout,neorv32_pwm,neorv32_pwm_channel,clkgen_en_o,output port,True,out,none,False,[],,[],,0,False
heldout,neorv32_pwm,neorv32_pwm_channel,clkgen_i,input port,True,in,not assigned,False,[],,[],,2,False
heldout,neorv32_pwm,neorv32_pwm_channel,cnt_cdiv,internal state register,False,,edge,False,[],,[],True,0,False
heldout,neorv32_pwm,neorv32_pwm_channel,cnt_duty,internal state register,False,,edge,False,[],,[],True,0,False
heldout,neorv32_pwm,neorv32_pwm_channel,cnt_tick,internal state register,False,,edge,False,[],,[],True,1,False
heldout,neorv32_pwm,neorv32_pwm_channel,pwm_o,output port,True,out,edge,False,[],,[],,0,False
heldout,neorv32_pwm,neorv32_pwm_channel,rdata_o,output port,True,out,none,False,[],,[],,0,False
heldout,neorv32_pwm,neorv32_pwm_channel,re_i,input port,True,in,not assigned,False,[],,[],,1,False
heldout,neorv32_pwm,neorv32_pwm_channel,rstn_i,input port,True,in,not assigned,False,[],,[],,0,False
heldout,neorv32_pwm,neorv32_pwm_channel,wdata_i,input port,True,in,not assigned,False,[],,[],,0,False
heldout,neorv32_pwm,neorv32_pwm_channel,we_i,input port,True,in,not assigned,False,[],,[],,5,True
heldout,neorv32_sdi,neorv32_sdi,bus_req_i,input port,True,in,not assigned,True,[],,[],,0,False
heldout,neorv32_sdi,neorv32_sdi,bus_req_i.addr,input port,True,in,not assigned,False,[],,[],,9,True
heldout,neorv32_sdi,neorv32_sdi,bus_req_i.amo,input port,True,in,not assigned,False,[],,[],,0,False
heldout,neorv32_sdi,neorv32_sdi,bus_req_i.amoop,input port,True,in,not assigned,False,[],,[],,0,False
heldout,neorv32_sdi,neorv32_sdi,bus_req_i.ben,input port,True,in,not assigned,False,[],,[],,0,False
heldout,neorv32_sdi,neorv32_sdi,bus_req_i.data,input port,True,in,not assigned,False,[],,[],,0,False
heldout,neorv32_sdi,neorv32_sdi,bus_req_i.debug,input port,True,in,not assigned,False,[],,[],,0,False
heldout,neorv32_sdi,neorv32_sdi,bus_req_i.fence,input port,True,in,not assigned,False,[],,[],,0,False
heldout,neorv32_sdi,neorv32_sdi,bus_req_i.lock,input port,True,in,not assigned,False,[],,[],,0,False
heldout,neorv32_sdi,neorv32_sdi,bus_req_i.priv,input port,True,in,not assigned,False,[],,[],,0,False
heldout,neorv32_sdi,neorv32_sdi,bus_req_i.rw,input port,True,in,not assigned,False,[],,[],,9,True
heldout,neorv32_sdi,neorv32_sdi,bus_req_i.src,input port,True,in,not assigned,False,[],,[],,0,False
heldout,neorv32_sdi,neorv32_sdi,bus_req_i.stb,input port,True,in,not assigned,False,[],,[],,9,True
heldout,neorv32_sdi,neorv32_sdi,bus_rsp_o,output port,True,out,none,True,[],,[],,0,False
heldout,neorv32_sdi,neorv32_sdi,bus_rsp_o.ack,output port,True,out,edge,False,[],,[],,0,False
heldout,neorv32_sdi,neorv32_sdi,bus_rsp_o.data,output port,True,out,edge,False,[],,[],,0,False
heldout,neorv32_sdi,neorv32_sdi,bus_rsp_o.err,output port,True,out,edge,False,[],,[],,0,False
heldout,neorv32_sdi,neorv32_sdi,clk_i,input port,True,in,not assigned,False,[],,[],,0,False
heldout,neorv32_sdi,neorv32_sdi,ctrl,input-written register,False,,not assigned,True,[],,[],,0,False
heldout,neorv32_sdi,neorv32_sdi,ctrl.enable,input-written register,False,,edge,False,['bus_req_i.data'],True,"['bus_rsp_o.data', 'irq_o']",True,0,False
heldout,neorv32_sdi,neorv32_sdi,ctrl.irq_rx_avail,input-written register,False,,edge,False,['bus_req_i.data'],True,"['bus_rsp_o.data', 'irq_o']",True,0,False
heldout,neorv32_sdi,neorv32_sdi,ctrl.irq_rx_full,input-written register,False,,edge,False,['bus_req_i.data'],True,"['bus_rsp_o.data', 'irq_o']",True,0,False
heldout,neorv32_sdi,neorv32_sdi,ctrl.irq_rx_half,input-written register,False,,edge,False,['bus_req_i.data'],True,"['bus_rsp_o.data', 'irq_o']",True,0,False
heldout,neorv32_sdi,neorv32_sdi,ctrl.irq_tx_empty,input-written register,False,,edge,False,['bus_req_i.data'],True,"['bus_rsp_o.data', 'irq_o']",True,0,False
heldout,neorv32_sdi,neorv32_sdi,ctrl.irq_tx_nhalf,input-written register,False,,edge,False,['bus_req_i.data'],True,"['bus_rsp_o.data', 'irq_o']",True,0,False
heldout,neorv32_sdi,neorv32_sdi,irq_o,output port,True,out,edge,False,[],,[],,0,False
heldout,neorv32_sdi,neorv32_sdi,rstn_i,input port,True,in,not assigned,False,[],,[],,0,False
heldout,neorv32_sdi,neorv32_sdi,rx_fifo,sub-unit interface,False,,not assigned,True,[],,[],,0,False
heldout,neorv32_sdi,neorv32_sdi,rx_fifo.avail,sub-unit interface,False,,not assigned,False,[],,[],,0,False
heldout,neorv32_sdi,neorv32_sdi,rx_fifo.clear,sub-unit interface,False,,none,False,[],,[],,0,False
heldout,neorv32_sdi,neorv32_sdi,rx_fifo.free,sub-unit interface,False,,not assigned,False,[],,[],,0,False
heldout,neorv32_sdi,neorv32_sdi,rx_fifo.half,sub-unit interface,False,,not assigned,False,[],,[],,0,False
heldout,neorv32_sdi,neorv32_sdi,rx_fifo.rdata,sub-unit interface,False,,not assigned,False,[],,[],,0,False
heldout,neorv32_sdi,neorv32_sdi,rx_fifo.re,sub-unit interface,False,,none,False,[],,[],,0,False
heldout,neorv32_sdi,neorv32_sdi,rx_fifo.wdata,sub-unit interface,False,,none,False,[],,[],,0,False
heldout,neorv32_sdi,neorv32_sdi,rx_fifo.we,sub-unit interface,False,,none,False,[],,[],,0,False
heldout,neorv32_sdi,neorv32_sdi,sdi_clk_i,input port,True,in,not assigned,False,[],,[],,0,False
heldout,neorv32_sdi,neorv32_sdi,sdi_csn_i,input port,True,in,not assigned,False,[],,[],,0,False
heldout,neorv32_sdi,neorv32_sdi,sdi_dat_i,input port,True,in,not assigned,False,[],,[],,0,False
heldout,neorv32_sdi,neorv32_sdi,sdi_dat_o,output port,True,out,none,False,[],,[],,0,False
heldout,neorv32_sdi,neorv32_sdi,serial,exported state register,False,,not assigned,True,[],,[],,0,False
heldout,neorv32_sdi,neorv32_sdi,serial.cnt,internal state register,False,,edge,False,[],,[],True,2,False
heldout,neorv32_sdi,neorv32_sdi,serial.done,internal state register,False,,edge,False,[],,[],True,0,False
heldout,neorv32_sdi,neorv32_sdi,serial.sdi_ff,internal state register,False,,edge,False,[],,[],True,0,False
heldout,neorv32_sdi,neorv32_sdi,serial.sreg,exported state register,False,,edge,False,[],,['sdi_dat_o'],True,0,False
heldout,neorv32_sdi,neorv32_sdi,serial.start,internal state register,False,,edge,False,[],,[],True,0,False
heldout,neorv32_sdi,neorv32_sdi,serial.state,internal state register,False,,edge,False,[],,[],True,5,False
heldout,neorv32_sdi,neorv32_sdi,sync,input-written register,False,,not assigned,True,[],,[],,0,False
heldout,neorv32_sdi,neorv32_sdi,sync.csn,combinational decision,False,,none,False,[],,[],,5,False
heldout,neorv32_sdi,neorv32_sdi,sync.csn_ff,input-written register,False,,edge,False,['sdi_csn_i'],False,['bus_rsp_o.data'],True,0,False
heldout,neorv32_sdi,neorv32_sdi,sync.sck,combinational decision,False,,none,False,[],,[],,4,False
heldout,neorv32_sdi,neorv32_sdi,sync.sck_ff,input-written register,False,,edge,False,['sdi_clk_i'],False,[],True,0,False
heldout,neorv32_sdi,neorv32_sdi,sync.sdi,combinational data,False,,none,False,[],,[],,0,False
heldout,neorv32_sdi,neorv32_sdi,sync.sdi_ff,input-written register,False,,edge,False,['sdi_dat_i'],False,[],True,0,False
heldout,neorv32_sdi,neorv32_sdi,tx_fifo,sub-unit interface,False,,not assigned,True,[],,[],,0,False
heldout,neorv32_sdi,neorv32_sdi,tx_fifo.avail,sub-unit interface,False,,not assigned,False,[],,[],,1,False
heldout,neorv32_sdi,neorv32_sdi,tx_fifo.clear,sub-unit interface,False,,none,False,[],,[],,0,False
heldout,neorv32_sdi,neorv32_sdi,tx_fifo.free,sub-unit interface,False,,not assigned,False,[],,[],,0,False
heldout,neorv32_sdi,neorv32_sdi,tx_fifo.half,sub-unit interface,False,,not assigned,False,[],,[],,0,False
heldout,neorv32_sdi,neorv32_sdi,tx_fifo.rdata,sub-unit interface,False,,not assigned,False,[],,[],,0,False
heldout,neorv32_sdi,neorv32_sdi,tx_fifo.re,sub-unit interface,False,,none,False,[],,[],,0,False
heldout,neorv32_sdi,neorv32_sdi,tx_fifo.wdata,sub-unit interface,False,,none,False,[],,[],,0,False
heldout,neorv32_sdi,neorv32_sdi,tx_fifo.we,sub-unit interface,False,,none,False,[],,[],,0,False
heldout,neorv32_slink,neorv32_slink,bus_req_i,input port,True,in,not assigned,True,[],,[],,0,False
heldout,neorv32_slink,neorv32_slink,bus_req_i.addr,input port,True,in,not assigned,False,[],,[],,13,True
heldout,neorv32_slink,neorv32_slink,bus_req_i.amo,input port,True,in,not assigned,False,[],,[],,0,False
heldout,neorv32_slink,neorv32_slink,bus_req_i.amoop,input port,True,in,not assigned,False,[],,[],,0,False
heldout,neorv32_slink,neorv32_slink,bus_req_i.ben,input port,True,in,not assigned,False,[],,[],,0,False
heldout,neorv32_slink,neorv32_slink,bus_req_i.data,input port,True,in,not assigned,False,[],,[],,0,False
heldout,neorv32_slink,neorv32_slink,bus_req_i.debug,input port,True,in,not assigned,False,[],,[],,0,False
heldout,neorv32_slink,neorv32_slink,bus_req_i.fence,input port,True,in,not assigned,False,[],,[],,0,False
heldout,neorv32_slink,neorv32_slink,bus_req_i.lock,input port,True,in,not assigned,False,[],,[],,0,False
heldout,neorv32_slink,neorv32_slink,bus_req_i.priv,input port,True,in,not assigned,False,[],,[],,0,False
heldout,neorv32_slink,neorv32_slink,bus_req_i.rw,input port,True,in,not assigned,False,[],,[],,13,True
heldout,neorv32_slink,neorv32_slink,bus_req_i.src,input port,True,in,not assigned,False,[],,[],,0,False
heldout,neorv32_slink,neorv32_slink,bus_req_i.stb,input port,True,in,not assigned,False,[],,[],,13,True
heldout,neorv32_slink,neorv32_slink,bus_rsp_o,output port,True,out,none,True,[],,[],,0,False
heldout,neorv32_slink,neorv32_slink,bus_rsp_o.ack,output port,True,out,edge,False,[],,[],,0,False
heldout,neorv32_slink,neorv32_slink,bus_rsp_o.data,output port,True,out,edge,False,[],,[],,0,False
heldout,neorv32_slink,neorv32_slink,bus_rsp_o.err,output port,True,out,edge,False,[],,[],,0,False
heldout,neorv32_slink,neorv32_slink,clk_i,input port,True,in,not assigned,False,[],,[],,0,False
heldout,neorv32_slink,neorv32_slink,ctrl,input-written register,False,,not assigned,True,[],,[],,0,False
heldout,neorv32_slink,neorv32_slink,ctrl.enable,input-written register,False,,edge,False,['bus_req_i.data'],True,"['bus_rsp_o.data', 'rx_irq_o', 'tx_irq_o']",True,0,False
heldout,neorv32_slink,neorv32_slink,ctrl.irq_rx_full,input-written register,False,,edge,False,['bus_req_i.data'],True,"['bus_rsp_o.data', 'rx_irq_o']",True,0,False
heldout,neorv32_slink,neorv32_slink,ctrl.irq_rx_half,input-written register,False,,edge,False,['bus_req_i.data'],True,"['bus_rsp_o.data', 'rx_irq_o']",True,0,False
heldout,neorv32_slink,neorv32_slink,ctrl.irq_rx_nempty,input-written register,False,,edge,False,['bus_req_i.data'],True,"['bus_rsp_o.data', 'rx_irq_o']",True,0,False
heldout,neorv32_slink,neorv32_slink,ctrl.irq_tx_empty,input-written register,False,,edge,False,['bus_req_i.data'],True,"['bus_rsp_o.data', 'tx_irq_o']",True,0,False
heldout,neorv32_slink,neorv32_slink,ctrl.irq_tx_nfull,input-written register,False,,edge,False,['bus_req_i.data'],True,"['bus_rsp_o.data', 'tx_irq_o']",True,0,False
heldout,neorv32_slink,neorv32_slink,ctrl.irq_tx_nhalf,input-written register,False,,edge,False,['bus_req_i.data'],True,"['bus_rsp_o.data', 'tx_irq_o']",True,0,False
heldout,neorv32_slink,neorv32_slink,ctrl.rx_clr,input-written register,False,,edge,False,['bus_req_i.data'],True,[],True,0,False
heldout,neorv32_slink,neorv32_slink,ctrl.tx_clr,input-written register,False,,edge,False,['bus_req_i.data'],True,[],True,0,False
heldout,neorv32_slink,neorv32_slink,route_dst,input-written register,False,,edge,False,['bus_req_i.data'],True,['bus_rsp_o.data'],True,0,False
heldout,neorv32_slink,neorv32_slink,route_src,exported state register,False,,edge,False,[],,['bus_rsp_o.data'],True,0,False
heldout,neorv32_slink,neorv32_slink,rstn_i,input port,True,in,not assigned,False,[],,[],,0,False
heldout,neorv32_slink,neorv32_slink,rx_fifo,sub-unit interface,False,,not assigned,True,[],,[],,0,False
heldout,neorv32_slink,neorv32_slink,rx_fifo.avail,sub-unit interface,False,,not assigned,False,[],,[],,0,False
heldout,neorv32_slink,neorv32_slink,rx_fifo.clear,sub-unit interface,False,,none,False,[],,[],,1,False
heldout,neorv32_slink,neorv32_slink,rx_fifo.free,sub-unit interface,False,,not assigned,False,[],,[],,0,False
heldout,neorv32_slink,neorv32_slink,rx_fifo.half,sub-unit interface,False,,not assigned,False,[],,[],,0,False
heldout,neorv32_slink,neorv32_slink,rx_fifo.rdata,sub-unit interface,False,,not assigned,False,[],,[],,0,False
heldout,neorv32_slink,neorv32_slink,rx_fifo.re,sub-unit interface,False,,none,False,[],,[],,2,False
heldout,neorv32_slink,neorv32_slink,rx_fifo.wdata,sub-unit interface,False,,none,False,[],,[],,0,False
heldout,neorv32_slink,neorv32_slink,rx_fifo.we,sub-unit interface,False,,none,False,[],,[],,0,False
heldout,neorv32_slink,neorv32_slink,rx_irq_o,output port,True,out,edge,False,[],,[],,0,False
heldout,neorv32_slink,neorv32_slink,rx_last,exported state register,False,,edge,False,[],,['bus_rsp_o.data'],True,0,False
heldout,neorv32_slink,neorv32_slink,slink_rx_data_i,input port,True,in,not assigned,False,[],,[],,0,False
heldout,neorv32_slink,neorv32_slink,slink_rx_last_i,input port,True,in,not assigned,False,[],,[],,0,False
heldout,neorv32_slink,neorv32_slink,slink_rx_ready_o,output port,True,out,none,False,[],,[],,0,False
heldout,neorv32_slink,neorv32_slink,slink_rx_src_i,input port,True,in,not assigned,False,[],,[],,0,False
heldout,neorv32_slink,neorv32_slink,slink_rx_valid_i,input port,True,in,not assigned,False,[],,[],,0,False
heldout,neorv32_slink,neorv32_slink,slink_tx_data_o,output port,True,out,none,False,[],,[],,0,False
heldout,neorv32_slink,neorv32_slink,slink_tx_dst_o,output port,True,out,none,False,[],,[],,0,False
heldout,neorv32_slink,neorv32_slink,slink_tx_last_o,output port,True,out,none,False,[],,[],,0,False
heldout,neorv32_slink,neorv32_slink,slink_tx_ready_i,input port,True,in,not assigned,False,[],,[],,0,False
heldout,neorv32_slink,neorv32_slink,slink_tx_valid_o,output port,True,out,none,False,[],,[],,0,False
heldout,neorv32_slink,neorv32_slink,tx_fifo,sub-unit interface,False,,not assigned,True,[],,[],,0,False
heldout,neorv32_slink,neorv32_slink,tx_fifo.avail,sub-unit interface,False,,not assigned,False,[],,[],,0,False
heldout,neorv32_slink,neorv32_slink,tx_fifo.clear,sub-unit interface,False,,none,False,[],,[],,0,False
heldout,neorv32_slink,neorv32_slink,tx_fifo.free,sub-unit interface,False,,not assigned,False,[],,[],,0,False
heldout,neorv32_slink,neorv32_slink,tx_fifo.half,sub-unit interface,False,,not assigned,False,[],,[],,0,False
heldout,neorv32_slink,neorv32_slink,tx_fifo.rdata,sub-unit interface,False,,not assigned,False,[],,[],,0,False
heldout,neorv32_slink,neorv32_slink,tx_fifo.re,sub-unit interface,False,,none,False,[],,[],,0,False
heldout,neorv32_slink,neorv32_slink,tx_fifo.wdata,sub-unit interface,False,,none,False,[],,[],,0,False
heldout,neorv32_slink,neorv32_slink,tx_fifo.we,sub-unit interface,False,,none,False,[],,[],,0,False
heldout,neorv32_slink,neorv32_slink,tx_irq_o,output port,True,out,edge,False,[],,[],,0,False
heldout,neorv32_sysinfo,neorv32_sysinfo,buf_ack,input-written register,False,,edge,False,['bus_req_i.stb'],False,['bus_rsp_o.ack'],True,1,False
heldout,neorv32_sysinfo,neorv32_sysinfo,buf_adr,input-written register,False,,edge,False,['bus_req_i.addr'],False,[],True,1,False
heldout,neorv32_sysinfo,neorv32_sysinfo,bus_req_i,input port,True,in,not assigned,True,[],,[],,0,False
heldout,neorv32_sysinfo,neorv32_sysinfo,bus_req_i.addr,input port,True,in,not assigned,False,[],,[],,1,False
heldout,neorv32_sysinfo,neorv32_sysinfo,bus_req_i.amo,input port,True,in,not assigned,False,[],,[],,0,False
heldout,neorv32_sysinfo,neorv32_sysinfo,bus_req_i.amoop,input port,True,in,not assigned,False,[],,[],,0,False
heldout,neorv32_sysinfo,neorv32_sysinfo,bus_req_i.ben,input port,True,in,not assigned,False,[],,[],,0,False
heldout,neorv32_sysinfo,neorv32_sysinfo,bus_req_i.data,input port,True,in,not assigned,False,[],,[],,0,False
heldout,neorv32_sysinfo,neorv32_sysinfo,bus_req_i.debug,input port,True,in,not assigned,False,[],,[],,0,False
heldout,neorv32_sysinfo,neorv32_sysinfo,bus_req_i.fence,input port,True,in,not assigned,False,[],,[],,0,False
heldout,neorv32_sysinfo,neorv32_sysinfo,bus_req_i.lock,input port,True,in,not assigned,False,[],,[],,0,False
heldout,neorv32_sysinfo,neorv32_sysinfo,bus_req_i.priv,input port,True,in,not assigned,False,[],,[],,0,False
heldout,neorv32_sysinfo,neorv32_sysinfo,bus_req_i.rw,input port,True,in,not assigned,False,[],,[],,1,False
heldout,neorv32_sysinfo,neorv32_sysinfo,bus_req_i.src,input port,True,in,not assigned,False,[],,[],,0,False
heldout,neorv32_sysinfo,neorv32_sysinfo,bus_req_i.stb,input port,True,in,not assigned,False,[],,[],,2,True
heldout,neorv32_sysinfo,neorv32_sysinfo,bus_rsp_o,output port,True,out,not assigned,True,[],,[],,0,False
heldout,neorv32_sysinfo,neorv32_sysinfo,bus_rsp_o.ack,output port,True,out,none,False,[],,[],,0,False
heldout,neorv32_sysinfo,neorv32_sysinfo,bus_rsp_o.data,output port,True,out,none,False,[],,[],,0,False
heldout,neorv32_sysinfo,neorv32_sysinfo,bus_rsp_o.err,output port,True,out,none,False,[],,[],,0,False
heldout,neorv32_sysinfo,neorv32_sysinfo,clk_i,input port,True,in,not assigned,False,[],,[],,0,False
heldout,neorv32_sysinfo,neorv32_sysinfo,rstn_i,input port,True,in,not assigned,False,[],,[],,1,False
heldout,neorv32_sysinfo,neorv32_sysinfo,sysinfo,input-written register,False,,mixed,False,['bus_req_i.data'],True,['bus_rsp_o.data'],False,0,False
heldout,neorv32_twd,neorv32_twd,bus_req_i,input port,True,in,not assigned,True,[],,[],,0,False
heldout,neorv32_twd,neorv32_twd,bus_req_i.addr,input port,True,in,not assigned,False,[],,[],,13,True
heldout,neorv32_twd,neorv32_twd,bus_req_i.amo,input port,True,in,not assigned,False,[],,[],,0,False
heldout,neorv32_twd,neorv32_twd,bus_req_i.amoop,input port,True,in,not assigned,False,[],,[],,0,False
heldout,neorv32_twd,neorv32_twd,bus_req_i.ben,input port,True,in,not assigned,False,[],,[],,0,False
heldout,neorv32_twd,neorv32_twd,bus_req_i.data,input port,True,in,not assigned,False,[],,[],,0,False
heldout,neorv32_twd,neorv32_twd,bus_req_i.debug,input port,True,in,not assigned,False,[],,[],,0,False
heldout,neorv32_twd,neorv32_twd,bus_req_i.fence,input port,True,in,not assigned,False,[],,[],,0,False
heldout,neorv32_twd,neorv32_twd,bus_req_i.lock,input port,True,in,not assigned,False,[],,[],,0,False
heldout,neorv32_twd,neorv32_twd,bus_req_i.priv,input port,True,in,not assigned,False,[],,[],,0,False
heldout,neorv32_twd,neorv32_twd,bus_req_i.rw,input port,True,in,not assigned,False,[],,[],,13,True
heldout,neorv32_twd,neorv32_twd,bus_req_i.src,input port,True,in,not assigned,False,[],,[],,0,False
heldout,neorv32_twd,neorv32_twd,bus_req_i.stb,input port,True,in,not assigned,False,[],,[],,13,True
heldout,neorv32_twd,neorv32_twd,bus_rsp_o,output port,True,out,none,True,[],,[],,0,False
heldout,neorv32_twd,neorv32_twd,bus_rsp_o.ack,output port,True,out,edge,False,[],,[],,0,False
heldout,neorv32_twd,neorv32_twd,bus_rsp_o.data,output port,True,out,edge,False,[],,[],,0,False
heldout,neorv32_twd,neorv32_twd,bus_rsp_o.err,output port,True,out,edge,False,[],,[],,0,False
heldout,neorv32_twd,neorv32_twd,clk_i,input port,True,in,not assigned,False,[],,[],,0,False
heldout,neorv32_twd,neorv32_twd,clkgen_en_o,output port,True,out,none,False,[],,[],,0,False
heldout,neorv32_twd,neorv32_twd,clkgen_i,input port,True,in,not assigned,False,[],,[],,0,False
heldout,neorv32_twd,neorv32_twd,ctrl,input-written register,False,,not assigned,True,[],,[],,0,False
heldout,neorv32_twd,neorv32_twd,ctrl.clr_rx,input-written register,False,,edge,False,['bus_req_i.data'],True,[],True,1,False
heldout,neorv32_twd,neorv32_twd,ctrl.clr_tx,input-written register,False,,edge,False,['bus_req_i.data'],True,[],True,1,False
heldout,neorv32_twd,neorv32_twd,ctrl.device_addr,input-written register,False,,edge,False,['bus_req_i.data'],True,['bus_rsp_o.data'],True,0,False
heldout,neorv32_twd,neorv32_twd,ctrl.enable,input-written register,False,,edge,False,['bus_req_i.data'],True,"['bus_rsp_o.data', 'clkgen_en_o', 'irq_o']",True,7,True
heldout,neorv32_twd,neorv32_twd,ctrl.fsel,input-written register,False,,edge,False,['bus_req_i.data'],True,['bus_rsp_o.data'],True,1,False
heldout,neorv32_twd,neorv32_twd,ctrl.hide_read,input-written register,False,,edge,False,['bus_req_i.data'],True,['bus_rsp_o.data'],True,1,False
heldout,neorv32_twd,neorv32_twd,ctrl.irq_rx_avail,input-written register,False,,edge,False,['bus_req_i.data'],True,"['bus_rsp_o.data', 'irq_o']",True,0,False
heldout,neorv32_twd,neorv32_twd,ctrl.irq_rx_full,input-written register,False,,edge,False,['bus_req_i.data'],True,"['bus_rsp_o.data', 'irq_o']",True,0,False
heldout,neorv32_twd,neorv32_twd,ctrl.irq_tx_empty,input-written register,False,,edge,False,['bus_req_i.data'],True,"['bus_rsp_o.data', 'irq_o']",True,0,False
heldout,neorv32_twd,neorv32_twd,ctrl.tx_dummy_en,input-written register,False,,edge,False,['bus_req_i.data'],True,['bus_rsp_o.data'],True,1,False
heldout,neorv32_twd,neorv32_twd,engine,exported state register,False,,not assigned,True,[],,[],,0,False
heldout,neorv32_twd,neorv32_twd,engine.ack,internal state register,False,,edge,False,[],,[],True,1,False
heldout,neorv32_twd,neorv32_twd,engine.busy,combinational data,False,,none,False,[],,[],,0,False
heldout,neorv32_twd,neorv32_twd,engine.cmd,internal state register,False,,edge,False,[],,[],True,5,False
heldout,neorv32_twd,neorv32_twd,engine.cnt,internal state register,False,,edge,False,[],,[],True,2,False
heldout,neorv32_twd,neorv32_twd,engine.dout,exported state register,False,,edge,False,[],,['twd_sda_o'],True,0,False
heldout,neorv32_twd,neorv32_twd,engine.rd_re,internal state register,False,,edge,False,[],,[],True,1,False
heldout,neorv32_twd,neorv32_twd,engine.rdata,combinational data,False,,none,False,[],,[],,0,False
heldout,neorv32_twd,neorv32_twd,engine.sreg,internal state register,False,,edge,False,[],,[],True,1,False
heldout,neorv32_twd,neorv32_twd,engine.state,internal state register,False,,edge,False,[],,[],True,9,False
heldout,neorv32_twd,neorv32_twd,engine.wr_we,internal state register,False,,edge,False,[],,[],True,0,False
heldout,neorv32_twd,neorv32_twd,irq_o,output port,True,out,edge,False,[],,[],,0,False
heldout,neorv32_twd,neorv32_twd,rstn_i,input port,True,in,not assigned,False,[],,[],,0,False
heldout,neorv32_twd,neorv32_twd,rx_fifo,sub-unit interface,False,,not assigned,True,[],,[],,0,False
heldout,neorv32_twd,neorv32_twd,rx_fifo.avail,sub-unit interface,False,,not assigned,False,[],,[],,0,False
heldout,neorv32_twd,neorv32_twd,rx_fifo.clr,sub-unit interface,False,,none,False,[],,[],,0,False
heldout,neorv32_twd,neorv32_twd,rx_fifo.free,sub-unit interface,False,,not assigned,False,[],,[],,2,False
heldout,neorv32_twd,neorv32_twd,rx_fifo.rdata,sub-unit interface,False,,not assigned,False,[],,[],,0,False
heldout,neorv32_twd,neorv32_twd,rx_fifo.re,sub-unit interface,False,,none,False,[],,[],,0,False
heldout,neorv32_twd,neorv32_twd,rx_fifo.wdata,sub-unit interface,False,,none,False,[],,[],,0,False
heldout,neorv32_twd,neorv32_twd,rx_fifo.we,sub-unit interface,False,,none,False,[],,[],,0,False
heldout,neorv32_twd,neorv32_twd,smp,input-written register,False,,not assigned,True,[],,[],,0,False
heldout,neorv32_twd,neorv32_twd,smp.clk_en,combinational decision,False,,none,False,[],,[],,3,True
heldout,neorv32_twd,neorv32_twd,smp.scl,exported state register,False,,edge,False,[],,['bus_rsp_o.data'],True,0,False
heldout,neorv32_twd,neorv32_twd,smp.scl_fall,internal state register,False,,edge,False,[],,[],True,4,False
heldout,neorv32_twd,neorv32_twd,smp.scl_rise,internal state register,False,,edge,False,[],,[],True,4,False
heldout,neorv32_twd,neorv32_twd,smp.scl_sreg,input-written register,False,,edge,False,['twd_scl_i'],False,[],True,0,False
heldout,neorv32_twd,neorv32_twd,smp.sda,exported state register,False,,edge,False,[],,['bus_rsp_o.data'],True,1,False
heldout,neorv32_twd,neorv32_twd,smp.sda_sreg,input-written register,False,,edge,False,['twd_sda_i'],False,[],True,0,False
heldout,neorv32_twd,neorv32_twd,smp.start,internal state register,False,,edge,False,[],,[],True,2,False
heldout,neorv32_twd,neorv32_twd,smp.stop,internal state register,False,,edge,False,[],,[],True,2,False
heldout,neorv32_twd,neorv32_twd,smp.valid,internal state register,False,,edge,False,[],,[],True,0,False
heldout,neorv32_twd,neorv32_twd,twd_scl_i,input port,True,in,not assigned,False,[],,[],,0,False
heldout,neorv32_twd,neorv32_twd,twd_scl_o,output port,True,out,edge,False,[],,[],,0,False
heldout,neorv32_twd,neorv32_twd,twd_sda_i,input port,True,in,not assigned,False,[],,[],,0,False
heldout,neorv32_twd,neorv32_twd,twd_sda_o,output port,True,out,edge,False,[],,[],,0,False
heldout,neorv32_twd,neorv32_twd,tx_dummy,internal state register,False,,edge,False,[],,[],True,0,False
heldout,neorv32_twd,neorv32_twd,tx_fifo,sub-unit interface,False,,not assigned,True,[],,[],,0,False
heldout,neorv32_twd,neorv32_twd,tx_fifo.avail,sub-unit interface,False,,not assigned,False,[],,[],,2,False
heldout,neorv32_twd,neorv32_twd,tx_fifo.clr,sub-unit interface,False,,none,False,[],,[],,0,False
heldout,neorv32_twd,neorv32_twd,tx_fifo.free,sub-unit interface,False,,not assigned,False,[],,[],,1,False
heldout,neorv32_twd,neorv32_twd,tx_fifo.rdata,sub-unit interface,False,,not assigned,False,[],,[],,0,False
heldout,neorv32_twd,neorv32_twd,tx_fifo.re,sub-unit interface,False,,none,False,[],,[],,0,False
heldout,neorv32_twd,neorv32_twd,tx_fifo.wdata,sub-unit interface,False,,none,False,[],,[],,0,False
heldout,neorv32_twd,neorv32_twd,tx_fifo.we,sub-unit interface,False,,none,False,[],,[],,0,False
heldout,neorv32_xbus,neorv32_xbus,bus_req,not assigned here,False,,not assigned,True,[],,[],,0,False
heldout,neorv32_xbus,neorv32_xbus,bus_req.addr,not assigned here,False,,not assigned,False,[],,[],,0,False
heldout,neorv32_xbus,neorv32_xbus,bus_req.amo,not assigned here,False,,not assigned,False,[],,[],,0,False
heldout,neorv32_xbus,neorv32_xbus,bus_req.amoop,not assigned here,False,,not assigned,False,[],,[],,0,False
heldout,neorv32_xbus,neorv32_xbus,bus_req.ben,not assigned here,False,,not assigned,False,[],,[],,0,False
heldout,neorv32_xbus,neorv32_xbus,bus_req.data,not assigned here,False,,not assigned,False,[],,[],,0,False
heldout,neorv32_xbus,neorv32_xbus,bus_req.debug,not assigned here,False,,not assigned,False,[],,[],,0,False
heldout,neorv32_xbus,neorv32_xbus,bus_req.fence,not assigned here,False,,not assigned,False,[],,[],,0,False
heldout,neorv32_xbus,neorv32_xbus,bus_req.lock,not assigned here,False,,not assigned,False,[],,[],,1,False
heldout,neorv32_xbus,neorv32_xbus,bus_req.priv,not assigned here,False,,not assigned,False,[],,[],,0,False
heldout,neorv32_xbus,neorv32_xbus,bus_req.rw,not assigned here,False,,not assigned,False,[],,[],,0,False
heldout,neorv32_xbus,neorv32_xbus,bus_req.src,not assigned here,False,,not assigned,False,[],,[],,0,False
heldout,neorv32_xbus,neorv32_xbus,bus_req.stb,not assigned here,False,,not assigned,False,[],,[],,0,False
heldout,neorv32_xbus,neorv32_xbus,bus_req_i,input port,True,in,not assigned,True,[],,[],,0,False
heldout,neorv32_xbus,neorv32_xbus,bus_req_i.addr,input port,True,in,not assigned,False,[],,[],,0,False
heldout,neorv32_xbus,neorv32_xbus,bus_req_i.amo,input port,True,in,not assigned,False,[],,[],,0,False
heldout,neorv32_xbus,neorv32_xbus,bus_req_i.amoop,input port,True,in,not assigned,False,[],,[],,0,False
heldout,neorv32_xbus,neorv32_xbus,bus_req_i.ben,input port,True,in,not assigned,False,[],,[],,0,False
heldout,neorv32_xbus,neorv32_xbus,bus_req_i.data,input port,True,in,not assigned,False,[],,[],,0,False
heldout,neorv32_xbus,neorv32_xbus,bus_req_i.debug,input port,True,in,not assigned,False,[],,[],,0,False
heldout,neorv32_xbus,neorv32_xbus,bus_req_i.fence,input port,True,in,not assigned,False,[],,[],,0,False
heldout,neorv32_xbus,neorv32_xbus,bus_req_i.lock,input port,True,in,not assigned,False,[],,[],,0,False
heldout,neorv32_xbus,neorv32_xbus,bus_req_i.priv,input port,True,in,not assigned,False,[],,[],,0,False
heldout,neorv32_xbus,neorv32_xbus,bus_req_i.rw,input port,True,in,not assigned,False,[],,[],,0,False
heldout,neorv32_xbus,neorv32_xbus,bus_req_i.src,input port,True,in,not assigned,False,[],,[],,0,False
heldout,neorv32_xbus,neorv32_xbus,bus_req_i.stb,input port,True,in,not assigned,False,[],,[],,0,False
heldout,neorv32_xbus,neorv32_xbus,bus_rsp,combinational data,False,,not assigned,True,[],,[],,0,False
heldout,neorv32_xbus,neorv32_xbus,bus_rsp.ack,combinational data,False,,none,False,[],,[],,0,False
heldout,neorv32_xbus,neorv32_xbus,bus_rsp.data,combinational data,False,,none,False,[],,[],,0,False
heldout,neorv32_xbus,neorv32_xbus,bus_rsp.err,combinational data,False,,none,False,[],,[],,0,False
heldout,neorv32_xbus,neorv32_xbus,bus_rsp_o,output port,True,out,not assigned,True,[],,[],,0,False
heldout,neorv32_xbus,neorv32_xbus,bus_rsp_o.ack,output port,True,out,not assigned,False,[],,[],,0,False
heldout,neorv32_xbus,neorv32_xbus,bus_rsp_o.data,output port,True,out,not assigned,False,[],,[],,0,False
heldout,neorv32_xbus,neorv32_xbus,bus_rsp_o.err,output port,True,out,not assigned,False,[],,[],,0,False
heldout,neorv32_xbus,neorv32_xbus,clk_i,input port,True,in,not assigned,False,[],,[],,0,False
heldout,neorv32_xbus,neorv32_xbus,locked,internal state register,False,,edge,False,[],,[],True,1,False
heldout,neorv32_xbus,neorv32_xbus,pending,exported state register,False,,edge,False,[],,['xbus_cyc_o'],True,4,False
heldout,neorv32_xbus,neorv32_xbus,rstn_i,input port,True,in,not assigned,False,[],,[],,0,False
heldout,neorv32_xbus,neorv32_xbus,timecnt,internal state register,False,,mixed,False,[],,[],True,1,False
heldout,neorv32_xbus,neorv32_xbus,timeout,internal state register,False,,mixed,False,[],,[],True,1,False
heldout,neorv32_xbus,neorv32_xbus,xbus_ack_i,input port,True,in,not assigned,False,[],,[],,1,False
heldout,neorv32_xbus,neorv32_xbus,xbus_adr_o,output port,True,out,none,False,[],,[],,0,False
heldout,neorv32_xbus,neorv32_xbus,xbus_cyc_o,output port,True,out,none,False,[],,[],,0,False
heldout,neorv32_xbus,neorv32_xbus,xbus_dat_i,input port,True,in,not assigned,False,[],,[],,0,False
heldout,neorv32_xbus,neorv32_xbus,xbus_dat_o,output port,True,out,none,False,[],,[],,0,False
heldout,neorv32_xbus,neorv32_xbus,xbus_err_i,input port,True,in,not assigned,False,[],,[],,1,False
heldout,neorv32_xbus,neorv32_xbus,xbus_sel_o,output port,True,out,none,False,[],,[],,0,False
heldout,neorv32_xbus,neorv32_xbus,xbus_stb_o,output port,True,out,none,False,[],,[],,0,False
heldout,neorv32_xbus,neorv32_xbus,xbus_tag_o,output port,True,out,none,False,[],,[],,0,False
heldout,neorv32_xbus,neorv32_xbus,xbus_we_o,output port,True,out,none,False,[],,[],,0,False
